Scheme Name,Scheme Code
Aditya Birla Sun Life Large & Mid Cap Fund - Regular Growth,100033
Aditya Birla Sun Life Large & Mid Cap Fund -Regular - IDCW,100034
Aditya Birla Sun Life Income Fund - Regular - Quarterly IDCW,100037
Aditya Birla Sun Life Income Fund - Growth - Regular Plan,100038
Aditya Birla Sun Life Liquid Fund -Institutional - IDCW,100041
Aditya Birla Sun Life Liquid Fund-Retail (Growth),100042
Aditya Birla Sun Life Liquid Fund-Institutional (Growth),100043
Aditya Birla Sun Life Liquid Fund -Retail - IDCW,100044
Aditya Birla Sun Life Liquid Fund -Daily IDCW,100046
Aditya Birla Sun Life Liquid Fund - Growth,100047
Aditya Birla Sun Life Liquid Fund -Institutional - weekly  IDCW,100048
Aditya Birla Sun Life Liquid Fund -weekly IDCW,100051
Aditya Birla Sun Life Govenment Securities Fund -Regular - Quarterly IDCW,100057
Aditya Birla Sun Life Government Securities Fund  - Growth - Regular Plan,100058
Aditya Birla Sun Life MNC Fund - Regular - IDCW,100063
Aditya Birla Sun Life MNC Fund - Growth - Regular Plan,100064
DSP Bond Fund - IDCW,100077
DSP Bond Fund - Growth,100078
DSP Bond Fund - IDCW - Monthly,100079
DSP Flexi Cap Fund - Regular Plan - IDCW,100080
DSP Aggressive Hybrid Fund- Regular Plan - Growth,100081
DSP Aggressive Hybrid Fund- Regular Plan - IDCW,100082
DSP Gilt Fund - Regular Plan - Growth,100084
DSP Gilt Fund - Regular Plan - IDCW,100085
DSP Gilt Fund - Regular Plan - IDCW - Monthly,100086
DSP Savings Fund - Regular Plan - Growth,100087
DSP Savings Fund - Regular Plan - IDCW,100088
DSP Savings Fund - Regular Plan - IDCW - Monthly,100089
HDFC Balanced Advantage Fund - Growth Plan,100119
HDFC Balanced Advantage Fund - IDCW Plan,100120
HDFC Income Fund - Quarterly IDCW Option,100123
HDFC Income Fund - Growth Option,100124
quant ELSS Tax Saver Fund - IDCW Option - Regular Plan,100174
quant ELSS Tax Saver Fund - Growth Option - Regular Plan,100175
quant Small Cap Fund - IDCW Option - Regular Plan,100176
quant Small Cap Fund - Growth - Regular Plan,100177
JM Large Cap Fund (Regular) - IDCW,100218
JM Large Cap Fund (Regular) - Growth Option,100219
JM Aggressive Hybrid Fund (Regular) - IDCW,100220
JM Aggressive Hybrid Fund (Regular) -Growth Option,100221
JM Medium to Long Duration Fund (Regular) - Quarterly IDCW,100222
JM Medium to Long Duration Fund (Regular) - Growth Option,100223
JM Liquid Fund (Regular) - Weekly IDCW,100233
JM Liquid Fund - Growth Option,100234
JM Liquid Fund (Regular) - Quarterly IDCW,100244
JM Liquid Fund (Regular) - Super Institutional Plan - Growth Option,100247
JM Value Fund (Regular) - Growth Option,100254
Kotak Gilt-Investment Regular-Payout of Income Distribution cum capital withdrawal option,100264
Kotak Gilt-Investment Regular-Growth,100265
Kotak Gilt-Investment  Provident Fund and Trust-Payout of Income Distribution cum capital withdrawal option,100280
Kotak Gilt-Investment  Provident Fund and Trust-Growth,100281
Kotak Aggressive Hybrid Fund - Regular Plan - IDCW - Payout & Reinvestment of Income Distribution cum capital withdrawal option,100286
Kotak Bond-Deposit-Dividend,100291
Kotak Bond-Deposit-Growth,100292
Kotak Bond Fund - Regular Plan Growth,100299
Kotak Bond Fund - Regular Plan - Standard IDCW Option,100300
LIC MF Flexi Cap Fund-Regular Plan-IDCW,100312
LIC MF Flexi Cap Fund-Regular Plan-Growth,100313
LIC MF Medium to Long Duration Fund-Regular Plan-IDCW,100314
LIC MF Medium to Long Duration Fund-Regular Plan-Growth,100315
LIC MF Gilt Fund-Regular Plan-IDCW,100316
LIC MF Gilt Fund-Regular Plan-Growth,100317
LIC MF Gilt Fund-PF Plan-IDCW,100318
LIC MF Gilt Fund-PF Plan-Growth,100319
LIC MF Aggressive Hybrid Fund-Regular Plan-IDCW,100321
LIC MF Aggressive Hybrid Fund-Regular Plan-Growth,100323
LIC MF ULIS (5 Yrs. Single Premium)-Regular Plan-IDCW Reinvestment,100325
LIC MF Large Cap Fund-Regular Plan-IDCW,100332
ICICI Prudential Large & Mid Cap Fund - IDCW,100348
ICICI Prudential Large & Mid Cap Fund - Growth,100349
ICICI Prudential FMCG Fund - IDCW,100351
ICICI Prudential FMCG Fund - Growth,100352
ICICI Prudential ELSS Tax Saver Fund - IDCW,100353
ICICI Prudential ELSS Tax Saver Fund - Growth,100354
ICICI Prudential Equity & Debt Fund - Monthly IDCW,100355
ICICI Prudential Equity & Debt Fund - Growth,100356
ICICI Prudential Liquid Fund -Quarterly IDCW,100357
ICICI Prudential Liquid Institutional Plus Fund - Div - Daily,100359
ICICI Prudential Technology Fund - Growth,100363
ICICI Prudential Long Term Bond Fund - Half Yearly IDCW,100364
ICICI Prudential Long Term Bond Fund - Growth,100365
ICICI Prudential Long Term Bond Fund-Institutional Quarterly Dividend,100366
ICICI Prudential Long Term Bond Fund - Quarterly IDCW,100367
ICICI Prudential Gilt Fund - IDCW,100368
ICICI Prudential Gilt Fund - Growth,100369
ICICI Prudential Short Term Gilt Fund - Dividend,100370
ICICI Prudential Short Term Gilt Fund - Growth,100371
ICICI Prudential Short Term Gilt Fund - Half Yearly Dividend,100372
NIPPON INDIA GROWTH MID CAP FUND - IDCW Option,100375
Nippon India Growth Mid Cap Fund-Growth Plan-Bonus Option,100376
Nippon India Growth Mid Cap Fund-Growth Plan-Growth Option,100377
Nippon India Vision Large & Midcap Fund - IDCW Option,100378
Nippon India Vision Large & Midcap Fund-GROWTH PLAN-Bonus Option,100379
Nippon India Vision Large & Midcap Fund-GROWTH PLAN-Growth Option,100380
NIPPON INDIA MEDIUM TO LONG DURATION FUND - MONTHLY IDCW Option,100383
NIPPON INDIA MEDIUM TO LONG DURATION  FUND - QUARTERLY IDCW Option,100384
NIPPON INDIA MEDIUM TO LONG DURATION  FUND - HALF YEARLY IDCW Option,100385
NIPPON INDIA MEDIUM TO LONG DURATION  FUND - ANNUAL IDCW Option,100386
Nippon India Medium to Long Duration  Fund - Growth Plan Growth Option,100387
Nippon India Medium to Long Duration  Fund - Growth Plan Bonus Option,100388
Tata Aggressive Hybrid Fund- Regular Plan - Growth Option,100414
Tata Ethical Fund-Regular Plan - Growth Option,100415
Tata Income Fund-Regular Plan - Half Yearly Payout of IDCW Option,100417
Tata Income Fund -Regular Plan - Growth Option,100418
Franklin India Large Cap Fund - IDCW,100470
Franklin India Large Cap Fund-Growth,100471
Franklin India Mid Cap Fund - IDCW,100472
Franklin India Mid Cap Fund-Growth,100473
Tata ELSS Fund- Regular Plan - Payout of IDCW Option,100474
Tata Large Cap Fund -Regular Plan - Growth Option,100475
Taurus Flexi Cap Fund - Regular Plan - Growth,100476
Taurus Mid Cap Fund - Regular Plan - Growth,100477
Taurus ELSS Tax Saver Fund - Regular Plan - Growth,100480
Franklin India Index Fund- NSE Nifty 50 Index Fund - Growth,100484
Franklin India Government Securities Fund - Growth,100493
Franklin India Government Securities Fund - IDCW,100494
Templeton India Value Fund - Growth Plan,100496
Templeton India Value Fund - IDCW,100497
Franklin India Dynamic Accrual Fund - IDCW,100498
Franklin India Dynamic Accrual Fund-Growth,100499
Franklin India Low Duration Fund - Monthly - IDCW,100503
Franklin India Low Duration Fund - Quarterly - IDCW,100504
Franklin India Flexi Cap Fund - IDCW,100519
Franklin India Flexi Cap Fund - Growth,100520
Franklin India Technology Fund - IDCW,100521
Franklin India Technology Fund-Growth,100522
Franklin INDIA OPPORTUNITIES FUND - IDCW,100524
Franklin India ELSS Tax Saver Fund - IDCW,100525
Franklin India ELSS Tax Saver Fund-Growth,100526
Franklin India Corporate Debt Fund - Plan A - Annual - IDCW,100527
Franklin India Corporate Debt Fund - Growth,100528
Franklin India Corporate Debt Fund - Plan B - Monthly - IDCW,100529
Franklin India Corporate Debt Fund - Plan B - Quarterly - IDCW,100530
Franklin India Corporate Debt Fund - Plan B - Half yearly - IDCW,100531
Franklin India Corporate Debt Fund - Monthly Bonus,100532
Franklin India Retirement Fund - IDCW,100535
Franklin India Retirement Fund - Growth,100536
Franklin India Liquid Fund - Regular Plan - Weekly - IDCW,100537
Franklin India Liquid Fund - Regular Plan - Growth,100538
Franklin India Liquid Fund - Regular Plan - Daily - IDCW,100541
Franklin India Liquid Fund - Super Institutional Plan - Growth,100546
Franklin India Liquid Fund - Super Institutional Plan - Daily - IDCW,100547
Franklin India Liquid Fund - Super Institutional Plan - Weekly - IDCW,100548
Franklin India Aggressive Hybrid Fund - IDCW,100549
Franklin India Aggressive Hybrid Fund - Growth Plan,100550
CANARA ROBECO ELSS TAX SAVER - REGULAR PLAN -IDCW (Payout),100593
CANARA ROBECO GILT FUND - REGULAR PLAN - IDCW (Payout/Reinvestment),100596
CANARA ROBECO GILT FUND - REGULAR PLAN - GROWTH OPTION,100597
CANARA ROBECO CONSERVATIVE HYBRID FUND - REGULAR PLAN - MONTHLY IDCW (Payout/Reinvestment),100600
CANARA ROBECO CONSERVATIVE HYBRID FUND - REGULAR PLAN - GROWTH OPTION,100601
Sundaram Medium Duration Fund (Formerly Known as Sundaram Medium Term Bond Fund) Regular Plan-Income Distribution cum Capital Withdrawal(IDCW),100602
Sundaram Medium Duration Fund (Formerly Known as Sundaram Medium Term Bond Fund) Regular Plan - Growth,100603
Sundaram Medium Duration Fund (Formerly Known as Sundaram Medium Term Bond Fund) Regular Plan -Growth,100604
Sundaram Medium Duration Fund (Formerly Known as Sundaram Medium Term Bond Fund) Institutional Plan - Growth,100608
Sundaram Medium Duration Fund (Formerly Known as Sundaram Medium Term Bond Fund) Regular Plan- Income Distribution cum Capital Withdrawal(IDCW),100609
Sundaram Medium Duration Fund (Formerly Known as Sundaram Medium Term Bond Fund) Regular Plan -Income Distribution cum Capital Withdrawal (IDCW),100610
Sundaram Value Fund Regular Plan - Income Distribution cum Capital Withdrawal (IDCW),100614
quant Multi Cap Fund-IDCW Option - Regular Plan,100630
quant Multi Cap Fund-GROWTH OPTION - Regular Plan,100631
SBI Medium to Long Duration Fund - Regular Plan - Half Yearly - Income Distribution cum Capital Withdrawal Option (IDCW),100638
SBI Medium to Long Duration Fund-REGULAR PLAN-Growth,100639
SBI Medium to Long Duration Fund-REGULAR PLAN-Bonus,100640
SBI ULTRA SHORT DURATION FUND - REGULAR PLAN - GROWTH,100641
SBI Technology Opportunities Fund - Regular Plan - Income Distribution cum Capital Withdrawal Option (IDCW),100643
SBI Healthcare Opportunities Fund - Regular Plan - Income Distribution cum Capital Withdrawal Option (IDCW),100644
SBI Consumption Opportunities Fund - Regular Plan - Income Distribution cum Capital Withdrawal Option (IDCW),100645
UTI - Unit Linked Insurance Plan,100646
UTI Large Cap Fund - Regular Plan - IDCW,100650
UTI Large Cap Fund - Regular Plan - Growth Option,100651
UTI Large & Mid Cap Fund - Regular Plan - IDCW,100663
UTI Large & Mid Cap Fund - Regular Plan - Growth Option,100664
UTI Flexi Cap Fund - Regular Plan - IDCW,100668
UTI - Flexi Cap Fund-Growth Option,100669
UTI Children's Hybrid Fund - Regular Plan,100678
UTI Retirement Fund - Regular Plan,100682
UTI Aggressive Hybrid Fund - Regular Plan - Growth,100684
UTI Aggressive Hybrid Fund - Regular Plan - IDCW,100685
UTI MMF-Discontinued - Regular Plan -Growth,100723
UTI MMF- Discontinued - Regular Plan - Flexi Dividend Option,100724
UTI MMF- Discontinued - Regular Plan - Periodic Dividend Option,100725
UTI MNC Fund - Regular Plan - IDCW,100739
UTI - MNC Fund - Regular Plan - Growth Option,100740
UTI Medium to Long Duration Fund- Regular Plan - Growth,100741
UTI Medium to Long Duration Fund - Regular Plan - Quarterly IDCW,100742
Sundaram Banking & PSU Fund (Formerly Known as Sundaram Banking and PSU Debt Fund) Retail Plan - Monthly Income Distribution cum Capital Withdrawal (IDCW),100780
Sundaram Banking & PSU Fund (Formerly Known as Sundaram Banking and PSU Debt Fund) Retail Plan - Growth,100781
Sundaram Banking & PSU Fund (Formerly Known as Sundaram Banking and PSU Debt Fund) Regular Plan - Daily Reinvestment of Income Distribution cum Capital Withdrawal (IDCW),100782
Sundaram Banking & PSU Fund (Formerly Known as Sundaram Banking and PSU Debt Fund) Regular Plan - Weekly Reinvestment of Income Distribution cum Capital Withdrawal (IDCW),100783
Sundaram Banking & PSU Fund (Formerly Known as Sundaram Banking and PSU Debt Fund) Regular Plan - Growth,100784
Sundaram Corporate Bond Fund Regular Plan -Income Distribution cum Capital Withdrawal(IDCW),100785
Sundaram Corporate Bond Fund Regular Plan - Income Distribution cum Capital Withdrawal (IDCW ),100786
Sundaram Corporate Bond Fund Regular Plan-Income Distribution cum Capital Withdrawal (IDCW),100787
Sundaram Corporate Bond Fund Regular Plan- Income Distribution cum Capital Withdrawal (IDCW),100788
Sundaram Corporate Bond Fund Regular Plan- Growth,100789
Sundaram Banking & PSU Fund (Formerly Known as Sundaram Banking and PSU Debt Fund) Regular Plan - Income Distribution cum Capital Withdrawal (IDCW),100793
Sundaram Small Cap Fund Regular Plan - Income Distribution cum Capital Withdrawal (IDCW),100794
Sundaram Small Cap Fund Regular Plan - Growth,100795
UTI Healthcare Fund - Regular Plan - IDCW,100806
UTI Healthcare Fund - Regular Plan - Growth Option,100807
UTI Overnight Fund - Regular Plan - Periodic IDCW,100813
UTI - Overnight  Fund - Regular Plan - Growth Option,100814
UTI ELSS Tax Saver Fund - Regular Plan - IDCW,100820
UTI ELSS Tax Saver Fund - Regular Plan - Growth Option,100821
UTI Nifty 50 Index Fund - Regular Plan - Growth Option,100822
UTI Nifty 50 Index Fund - Regular Plan - IDCW,100823
Kotak Liquid Fund - Regular  - Daily Reinvestment of Income Distribution cum capital withdrawal option,100833
Kotak Liquid Fund - Regular Plan - Growth,100835
Nippon India Liquid Fund - Retail Option - Growth Plan,100837
NIPPON INDIA LIQUID FUND - RETAIL Plan - WEEKLY IDCW OPTION,100838
NIPPON INDIA LIQUID FUND - RETAIL Plan - DAILY IDCW OPTION,100842
NIPPON INDIA LIQUID FUND - RETAIL plan - MONTHLY IDCW OPTION,100843
NIPPON INDIA LIQUID FUND - RETAIL Plan - QUARTERLY IDCW OPTION,100844
Reliance Liquid Fund-Cash Plan-Growth Plan,100845
Reliance Liquid Fund-Cash Plan-Weekly Dividend Reinvestment Option,100848
Reliance Liquid Fund-Cash Plan-Daily Dividend Reinvestment Option,100849
Nippon India Liquid Fund -Growth Plan,100851
NIPPON INDIA LIQUID FUND - DAILY IDCW OPTION,100852
NIPPON INDIA LIQUID FUND - WEEKLY IDCW OPTION,100853
NIPPON INDIA LIQUID FUND - MONTHLY IDCW OPTION,100855
Nippon India Corporate Bond Fund - Growth Plan - Growth Option,100856
NIPPON INDIA CORPORATE BOND FUND - MONTHLY IDCW Option,100857
NIPPON INDIA CORPORATE BOND FUND - QUARTERLY IDCW Option,100858
Nippon India Corporate Bond Fund - Growth Plan - Bonus Option,100859
LIC MF ELSS Tax Saver-Regular Plan-IDCW,100864
LIC MF ELSS Tax Saver-Regular Plan-Growth,100865
HDFC Liquid Fund - Growth Plan,100868
HDFC Liquid Fund-PREMIUM PLUS- Growth,100872
HDFC Liquid Fund - IDCW Plan Weekly,100874
HDFC Liquid Fund - IDCW Daily,100875
HDFC Liquid Fund - IDCW Monthly,100876
HDFC Liquid Fund-Premium Plan - Dividend-Weekly,100878
HDFC Liquid Fund-Premium Plus Plan - Dividend-Weekly,100881
HDFC Childrens Fund-Savings,100899
HDFC Childrens Fund - Growth Plan,100900
SBI Contra Fund - Regular Plan - Income Distribution cum Capital Withdrawal Option (IDCW),100915
SBI Conservative Hybrid Fund - Regular Plan - Monthly Income Distribution cum Capital Withdrawal Option (IDCW),100927
SBI Conservative Hybrid Fund - Regular Plan - Quarterly Income Distribution cum Capital Withdrawal Option (IDCW),100928
SBI Conservative Hybrid Fund - Regular Plan - Annual Income Distribution cum Capital Withdrawal Option (IDCW),100929
Franklin India Conservative Hybrid Fund - Growth,100948
Franklin India Conservative Hybrid Fund - Plan A - Monthly - IDCW,100949
Franklin India Conservative Hybrid Fund - Plan A - Quarterly - IDCW,100950
ICICI Prudential MIP - Growth,100952
ICICI Prudential MIP - Dividend Monthly,100953
ICICI Prudential MIP - Dividend Quarterly,100954
ICICI Prudential MIP - Dividend Half Yearly,100955
SBI Conservative Hybrid Fund - Regular Plan - Growth,100968
HDFC Long Term Advantage Plan - IDCW Plan,100997
HDFC Long Term Advantage Plan - Growth Plan,100998
SBI Gilt Fund - Regular Plan - Income Distribution cum Capital Withdrawal Option (IDCW),100999
SBI GILT FUND - REGULAR PLAN - GROWTH,101001
SBI CONSTANT MATURITY 10 Year GILT FUND - REGULAR PLAN - GROWTH,101002
SBI Constant Maturity 10 Year Gilt Fund - Regular Plan - Income Distribution cum Capital Withdrawal Option (IDCW),101003
Tata Gilt Securities Fund -Regular Plan- Growth Option,101042
Franklin India Floating Rate Fund - IDCW,101044
Franklin India Floating Rate Fund - Growth Plan,101048
Tata Gilt Securities Fund - Regular Plan - Payout of IDCW Option,101049
quant Mid Cap Fund - Growth Option - Regular Plan,101065
quant Mid Cap Fund - IDCW Option - Regular Plan,101066
quant Aggressive Hybrid Fund-IDCW Option - Regular Plan,101069
quant Aggressive Hybrid Fund - Growth Option - Regular Plan,101070
quant Multi Asset Allocation Fund - IDCW Option - Regular Plan,101071
quant Multi Asset Allocation Fund-GROWTH OPTION - Regular Plan,101072
JM Liquid Fund (Regular) - Daily IDCW,101078
HDFC Gilt Fund - Growth Plan,101083
HDFC Gilt Fund - IDCW Plan,101084
ICICI Prudential Child Care Plan Study - Cumulative,101098
ICICI Prudential Children's Fund - Regular Plan,101127
ICICI Prudential Multi-Asset Fund - IDCW,101143
ICICI Prudential Multi-Asset Fund - Growth,101144
Nippon India Multi Cap Fund-Growth Plan-Growth Option,101161
Nippon India Multi Cap Fund-Growth Plan-Bonus Option,101162
NIPPON INDIA MULTI CAP FUND - IDCW Option,101163
ICICI Prudential Short Term Fund - Monthly IDCW,101165
SBI Children's Fund - Savings Plan - REGULAR PLAN - GROWTH,101169
JM Medium to Long Duration Fund (Regular) - Bonus Option- Principal Units,101181
LIC MF Liquid Fund-Regular Plan-Daily IDCW,101184
LIC MF Liquid Fund-Regular Plan-Growth,101185
Tata Income Fund- Regular Plan - Periodic Payout of IDCW Option,101186
Baroda BNP Paribas GILT FUND - Regular Plan - Growth Option,101187
Baroda BNP Paribas GILT FUND - Regular Plan - IDCW Option,101188
LIC MF BSE Sensex Index Fund-Regular Plan-IDCW,101198
LIC MF BSE Sensex Index Fund-Regular Plan-Growth,101199
LIC MF Nifty 50 Index Fund-Regular Plan-IDCW,101200
LIC MF Nifty 50 Index Fund-Regular Plan-Growth,101201
SBI OVERNIGHT FUND - REGULAR PLAN - GROWTH,101206
Taurus Large Cap Fund - Regular Plan - Growth,101209
ICICI Prudential Money Market Fund Retail Growth (erstwhile Cash Option),101221
Tata Aggressive Hybrid Fund- Regular Plan - Periodic Payout of IDCW Option,101222
Tata Dynamic Bond Fund- Regular Plan - Payout of IDCW Option,101224
ICICI Prudential Multicap Fund - Growth,101228
ICICI Prudential Short Term Fund - Institutional Plan - Dividend Monthly,101229
ICICI Prudential Short Term Fund-Institutional Plan-Dividend Fortnightly,101230
ICICI Prudential Short Term Fund-Institutional Growth,101231
Franklin India Short-Term Income Plan-Growth,101232
Franklin India Short Term Income Plan -  Retail Plan - Monthly - IDCW,101236
Franklin India Short-Term Income Plan-Weekly Bonus,101237
Franklin India Short Term Income Plan -  Retail Plan - Quarterly - IDCW,101238
Franklin India Short Term Income Plan -  Retail Plan - Weekly - IDCW,101242
Franklin India Short-Term Income Plan-Institutional Plan - Growth,101244
Franklin India Short-Term Income Plan-Institutional Plan - Monthly Dividend,101246
Nippon India Power & Infra Fund-Growth Plan -Growth Option,101262
Nippon India Power & Infra Fund-Growth Plan-Bonus Option,101263
NIPPON INDIA POWER & INFRA FUND - IDCW Option,101264
LIC MF Children's Fund-Regular Plan-Growth,101271
HDFC BSE Sensex Index Fund - Growth Plan,101281
SBI ESG Exclusionary Strategy Fund - Regular Plan - Income Distribution cum Capital Withdrawal Option (IDCW),101295
DSP Short Term Fund - Regular Plan - Regular Plan - IDCW - Weekly,101303
DSP Short Term Fund - Regular Plan - Growth,101304
DSP Short Term Fund - Regular Plan - IDCW,101305
DSP Short Term Fund - IDCW - Monthly,101306
Aditya Birla Sun Life Nifty 50 Index Fund -REGULAR - IDCW,101313
Aditya Birla Sun Life Nifty 50 Index Fund - Growth - Regular Plan,101314
Aditya Birla Sun Life Savings Fund-Retail Growth,101316
Aditya Birla Sun Life Savings Fund - Growth - Regular Plan,101317
ICICI Prudential Nifty 50 Index Fund - Cumulative Option,101349
ICICI Prudential All Seasons Bond Fund Retail - Cumulative,101350
ICICI Prudential All Seasons Bond Fund - Weekly IDCW,101351
Franklin India Money Market Fund Retail Option - Quarterly - IDCW,101356
Franklin India Money Market Fund - Growth Option,101357
Franklin India Money Market Fund - Institutional Option - Growth,101358
Franklin India Money Market Fund - Institutional Option - Dividend,101359
Kotak Bond Short Term Plan-(Payout of Income Distribution cum capital withdrawal option),101372
Kotak Bond Short Term Plan-(Growth),101373
Baroda BNP Paribas LIQUID FUND-Defunct Plan- IDCW Option,101407
Baroda BNP Paribas LIQUID FUND- Defunct Plan -Growth Option,101408
Baroda BNP Paribas LIQUID FUND-Defunct Plan-Daily IDCW Option,101409
Tata Childrens Fund -Regular Plan-Growth Option,101491
JM Short Term Fund - Regular Plan - Dividend Option,101519
JM Short Term Fund - Regular Plan - Growth Option,101520
JM Short Term Fund - Growth Option,101521
JM Short Term Fund - Dividend Option,101524
HDFC Nifty 50 Index Fund - Growth Plan,101525
SBI Large & Midcap Fund - Regular Plan - Income Distribution cum Capital Withdrawal Option (IDCW),101530
Sundaram Mid Cap Fund Regular Plan - Income Distribution cum Capital Withdrawal (IDCW),101538
Sundaram Mid Cap Fund Regular Plan - Growth,101539
Tata Short Term Bond Fund- Regular Plan - Monthly Payout of IDCW Option,101547
Tata Short Term Bond Fund -Regular Plan- Growth Option,101548
JM Liquid Fund (Regular) - Bonus Option - Principal Units,101549
SBI Equity Hybrid Fund - Regular Plan - Income Distribution cum Capital Withdrawal Option (IDCW),101551
HDFC Equity Savings Fund - GROWTH PLAN,101585
HDFC Equity Savings Fund - IDCW PLAN,101586
CANARA ROBECO INCOME FUND - REGULAR PLAN - QUARTERLY IDCW (Payout/Reinvestment),101587
CANARA ROBECO INCOME FUND - REGULAR PLAN - GROWTH OPTION,101588
Aditya Birla Sun Life Midcap Fund -REGULAR - IDCW,101591
Aditya Birla Sun Life MIDCAP Fund-Growth,101592
HSBC Large Cap Fund - Regular IDCW,101593
HSBC Large Cap Fund - Regular Growth,101594
Tata Medium Term Fund- Regular Plan - Payout of IDCW option,101605
TATA Equity Savings Fund- Regular Plan -Monthly Payout of IDCW option,101609
ICICI Prudential Savings Fund - Weekly IDCW,101617
ICICI Prudential Savings Fund - Daily IDCW,101618
ICICI Prudential Savings Fund - Growth,101619
DSP Large Cap Fund - Regular Plan - Growth,101635
DSP Large Cap Fund - Regular Plan - IDCW,101636
ICICI Prudential Long Term Bond Fund - Institutional Dividend Halfyearly,101642
ICICI Prudential Long Term Bond Fund-Institutional Option-Growth,101643
Franklin India Dynamic Asset Allocation Active Fund of Funds-Growth,101656
Franklin India Dynamic Asset Allocation Active Fund of funds - IDCW,101657
Tata Nifty 50 Index Fund -Regular Plan,101659
Nippon India Short Duration  Fund-Growth Plan,101665
NIPPON INDIA SHORT DURATION FUND - MONTHLY IDCW Option,101667
NIPPON INDIA SHORT DURATION FUND - QUARTERLY IDCW OPTION,101669
Tata Value Fund - Regular Plan -Growth Option,101672
HSBC Medium to Long Duration Fund - Regular Growth,101685
HSBC Medium to Long Duration Fund - Regular Quarterly IDCW,101686
Tata Medium Term Fund -Regular Plan - Growth Option,101703
ICICI Prudential BSE Sensex ETF,101705
ICICI Prudential Multicap Fund - IDCW,101706
Tata Liquid Fund- Regular Plan - Daily Reinvestment of IDCW Option,101714
Aditya Birla Sun Life Dividend Yield Fund -REGULAR - IDCW,101737
Aditya Birla Sun Life Dividend Yield Fund - Growth - Regular Plan,101738
Tata S&P BSE Sensex Index Fund -Regular Plan,101746
ICICI Prudential Liquid Fund - Institutional - Daily - Div,101748
ICICI Prudential Liquid Fund Retail Growth,101750
ICICI Prudential Liquid Institutional Fund - Growth,101751
ICICI Prudential Liquid Fund Retail Weekly Dividend,101752
ICICI Prudential Liquid Fund - Institutional - Weekly - Div,101753
ICICI Prudential Liquid Fund Retail Daily Dividend,101754
ICICI Prudential Liquid Fund Retail Monthly Dividend,101755
ICICI Prudential Short Term Fund - Growth Option,101758
ICICI Prudential Short Term Fund - Reinvestment of IDCW Fortnightly,101759
HDFC Flexi Cap Fund - Growth Plan,101762
HDFC Flexi Cap Fund - IDCW Plan,101763
HDFC Value Fund - Growth Plan,101764
HDFC Value Fund - IDCW Plan,101765
Tata Infrastructure Fund-Regular Plan- Growth Option,101766
ICICI Prudential Floating Interest Fund Plan B - Growth,101793
ICICI Prudential Floating Interest Fund Plan B - Fortnightly Dividend,101794
ICICI Prudential Floating Interest Fund Plan A - Growth,101795
ICICI Prudential Floating Interest Fund Plan A - Fortnightly Dividend,101796
ICICI Prudential Savings Fund Plan C - Growth,101797
ICICI Prudential Floating Interest Fund Plan C - Fortnightly Dividend,101798
ICICI Prudential Floating Interest Fund Plan B - Dividend Daily,101799
ICICI Prudential Floating Interest Fund Plan A - Dividend Daily,101800
ICICI Prudential Floating Interest Fund Plan C - Dividend Daily,101801
ICICI Prudential Floating Interest Fund - Growth,101802
ICICI Prudential Floating Interest Fund - Fortnightly IDCW,101803
ICICI Prudential Floating Interest Fund - Daily IDCW,101804
JM Dynamic Bond Fund (Regular) - IDCW,101805
JM Dynamic Bond Fund (Regular) - Growth Option,101806
JM Dynamic Bond Fund (Regular)- Premium Plan IDCW,101807
JM Dynamic Bond Fund - Premium Plan - Growth Option,101808
Aditya Birla Sun Life Regular Savings Fund - REGULAR - MONTHLY IDCW,101816
Aditya Birla Sun Life Regular Savings Fund - Growth / Payment - Regular Plan,101818
Tata Large & Mid Cap Fund Regular Plan - Payout of IDCW Option,101823
Tata Large & Mid Cap Fund- Regular Plan - Growth Option,101824
LIC MF Low Duration Fund-Regular Plan-Monthly IDCW,101829
LIC MF Low Duration Fund-Regular Plan-Growth,101830
Tata Ethical Fund- Regular Plan - Payout of IDCW Option,101833
DSP Credit Risk Fund - Regular Plan -Growth,101837
DSP Credit Risk Fund - Regular Plan - IDCW - Weekly,101838
DSP Credit Risk Fund - Regular Plan - IDCW,101839
DSP Credit Risk Fund - Regular Plan - IDCW - Daily,101840
Aditya Birla Sun Life Short Term Fund - REGULAR - IDCW,101843
Aditya Birla Sun Life Short Term Fund - Growth - Regular Plan,101844
Tata Money Market Fund-Regular Plan - Growth Option,101847
TATA Infrastructure Fund Regular Plan - Payout of IDCW Option,101852
Sundaram Value Fund Regular Plan - Growth,101853
Nippon India Banking & Financial Services Fund-Growth Plan-Growth Option,101862
Nippon India Banking & Financial Services Fund-Growth Plan-Bonus Option,101863
Nippon India Banking & Financial Services Fund - IDCW Option,101864
LIC MF Conservative Hybrid Fund-Regular Plan-Monthly IDCW,101866
LIC MF Conservative Hybrid Fund-Regular Plan-Quarterly IDCW,101867
LIC MF Conservative Hybrid Fund-Regular Plan-Yearly IDCW,101868
LIC MF Conservative Hybrid Fund-Regular Plan-Growth,101869
HDFC Dynamic Debt Fund - Growth Option,101872
HDFC Dynamic Debt Fund - Quarterly IDCW Option,101873
HDFC Dynamic Debt Fund - Half Yearly IDCW Option,101874
HDFC Dynamic Debt Fund - Yearly IDCW Option,101875
Kotak Money market Fund - (Monthly Payout of Income Distribution cum capital withdrawal option),101892
Kotak Money Market Fund - (Growth),101893
Tata Equity Savings Fund -Regular Plan-Growth Option,101906
Tata Dynamic Bond Fund- Regular Plan - Growth Option,101909
CANARA ROBECO FLEXICAP FUND - REGULAR PLAN - GROWTH OPTION,101922
CANARA ROBECO FLEXICAP FUND - REGULAR PLAN - IDCW (Payout/Reinvestment),101923
SBI GILT FUND -  GROWTH - PF (Regular) Option,101932
SBI GILT FUND -  GROWTH - PF (Fixed Period - 3 Yrs) Option,101934
Tata Gilt Retirement Plan- 28/2/25 Growth Option,101945
SBI Gilt Fund - Income Distribution cum Capital Withdrawal Option (IDCW) - PF (Fixed Period - 1 Yr),101950
SBI Gilt Fund - Income Distribution cum Capital Withdrawal Option (IDCW) - PF (Fixed Period - 2 Yrs),101951
SBI Gilt Fund - Income Distribution cum Capital Withdrawal Option (IDCW) - PF (Fixed Period - 3 Yrs),101952
Aditya Birla Sun Life Money Manager Fund - RETAIL - WEEKLY IDCW,101970
Aditya Birla Sun Life Money Manager Fund - Retail Growth,101971
Aditya Birla Sun Life Money Manager Fund - Retail - Daily IDCW,101972
Aditya Birla Sun Life Money Manager Fund - Daily IDCW,101973
Aditya Birla Sun Life Money Manager Fund - WEEKLY IDCW,101974
Aditya Birla Sun Life Money Manager Fund - Growth,101976
HDFC ELSS Tax saver - Growth Plan,101979
HDFC ELSS Tax saver - IDCW Plan,101980
Tata Money Market Fund- Regular Plan - Daily Reinvestment of IDCW Option,101986
HDFC Medium Term Debt Fund - Growth Option,101989
HDFC Medium Term Debt Fund - Fornightly IDCW Option,101990
HDFC Money Market Fund - Growth Option,101993
HDFC Money Market Fund - Daily IDCW Option,101994
HDFC Money Market Fund - Weekly IDCW Option,101995
HDFC Overnight Fund - Growth Option,101996
HDFC Overnight Fund - IDCW Option (Daily),101997
HDFC Large Cap Fund - Growth Option - Regular Plan,102000
HDFC Large Cap Fund - IDCW Option - Regular Plan,102001
UTI-  Liquid Cash Plan- Discontinued -Regular Plan Periodic Dividend Option,102007
UTI-  Liquid Cash Plan- Discontinued - Regular Plan - Monthly Dividend Option,102008
UTI-  Liquid Cash Plan- Discontinued - Regular Plan -Growth,102009
UTI Liquid Fund - Regular Plan - Daily IDCW (Reinvestment),102010
UTI Liquid Fund - Regular Plan - Monthly IDCW,102011
UTI-  Liquid Cash Plan - Regular Plan - Growth Option,102012
UTI Liquid Fund - Regular Plan - Weekly IDCW,102013
Baroda BNP Paribas MULTI CAP FUND - Regular Plan - Growth Option,102020
Baroda BNP Paribas MULTI CAP FUND - Regular Plan - IDCW Option,102021
Tata Large Cap Fund- Regular Plan - Payout of IDCW Option,102036
Tata Gilt Retirement Plan (28/2/25) - Payout of IDCW Option,102046
SBI MEDIUM DURATION FUND - REGULAR PLAN - GROWTH,102053
SBI Medium Duration Fund - Regular Plan - Income Distribution cum Capital Withdrawal Option (IDCW),102054
ICICI Prudential Gilt Fund Investment Plan PF Option - Growth,102060
Franklin INDIA LIFE STAGE FUND OF FUNDS - THE 20S PLAN (G),102107
Franklin India Life Stage Fund of Funds - 20's Plan - IDCW,102108
Franklin INDIA LIFE STAGE FUND OF FUNDS - THE 30S PLAN (G),102109
Franklin India Life Stage Fund of Funds - 30's Plan - IDCW,102110
Franklin India Life Stage Fund of Funds - 40's Plan - IDCW,102111
Franklin INDIA LIFE STAGE FUND OF FUNDS - THE 40S PLAN (G),102112
Franklin India Life Stage Fund of Funds - 50's Plus Plan - IDCW,102113
Franklin INDIA LIFE STAGE FUND OF FUNDS - THE 50+S PLAN (G),102114
Tata Equity Savings Fund- Regular Plan - Periodic Payout of IDCW Option,102118
ICICI Prudential Multi Sector Passive FOF - Growth,102133
ICICI Prudential Multi Sector Passive FOF - IDCW,102134
ICICI Prudential Aggressive Hybrid Active FOF - Growth,102135
ICICI Prudential Aggressive Hybrid Active FOF - IDCW,102136
ICICI Prudential Dynamic Asset Allocation Active FOF - Growth,102137
ICICI Prudential Dynamic Asset Allocation Active FOF - IDCW,102138
ICICI Prudential Income Plus Arbitrage Omni FOF - Growth,102139
ICICI Prudential Income plus Arbitrage Omni FOF - IDCW,102140
ICICI Prudential Diversified Debt Strategy Active FOF - Growth,102141
Sundaram Consumption Fund(Formerly Known as Sundaram Rural and Consumption Fund Regular Plan - Growth),102142
ICICI Prudential Diversified Debt Strategy Active FOF - IDCW,102143
HDFC Hybrid Debt Fund - Growth Plan,102147
HDFC Hybrid Debt Fund - IDCW Monthly,102148
HDFC Hybrid Debt Fund - IDCW Quarterly,102149
Nippon India Conservative Hybrid  Fund-Growth Plan,102172
NIPPON INDIA CONSERVATIVE HYBRID  FUND - MONTHLY IDCW Option,102173
NIPPON INDIA CONSERVATIVE HYBRID  FUND - QUARTERLY IDCW Option,102174
SBI Dynamic Bond Fund - REGULAR PLAN - Growth,102205
SBI Dynamic Bond Fund - Regular Plan - Income Distribution cum Capital Withdrawal Option (IDCW),102206
ICICI Prudential Gilt Fund Treasury Plan PF Option - Growth,102248
HSBC Flexi Cap Fund - Regular IDCW,102251
HSBC Flexi Cap Fund - Regular Growth,102252
HSBC Conservative Hybrid Fund - Regular Monthly IDCW,102260
HSBC Conservative Hybrid Fund - Regular Quarterly IDCW,102261
HSBC Conservative Hybrid Fund - Regular Growth,102262
UTI Children's Equity Fund - Regular Plan - IDCW,102266
UTI Children's Equity Fund - Regular Plan - Growth Option,102267
SBI NIFTY INDEX FUND - REGULAR PLAN - GROWTH,102272
SBI Nifty Index Fund - Regular Plan - Income Distribution cum Capital Withdrawal Option (IDCW),102273
Tata Mid Cap Fund-Regular Plan - IDCW Option,102326
Tata Mid Cap Fund Regular Plan- Growth Option,102328
ICICI Prudential Regular Savings Fund - Plan - Growth,102330
ICICI Prudential Regular Savings Fund - Plan - Monthly IDCW,102331
UTI Mid Cap Fund - Regular Plan - IDCW,102393
UTI Mid Cap Fund-Growth Option,102394
UTI Infrastructure Fund-Growth Option,102395
UTI Infrastructure Fund - Regular Plan - IDCW,102396
UTI Transportation and Logistics Fund - Regular Plan - IDCW,102397
UTI-Transportation and Logistics  Fund-Growth Option,102398
UTI Banking and Financial Services Fund - Regular Plan - Growth Option,102401
UTI Banking and Financial Services Fund - Regular Plan - IDCW,102402
SBI CONTRA FUND - REGULAR PLAN -GROWTH,102414
Tata Value Fund Regular Plan - Payout of IDCW-Option B(10%),102428
Nippon India Pharma Fund-Growth Plan-Growth Option,102431
Nippon India Pharma Fund-Growth Plan-Bonus Option,102432
NIPPON INDIA PHARMA FUND - IDCW Option,102433
DSP India T.I.G.E.R. Fund - Regular Plan - Growth,102434
DSP India T.I.G.E.R. Fund - Regular Plan - IDCW,102435
Franklin India Liquid Fund - Institution-Growth,102441
Franklin India Liquid Fund - Institutional Plan - Weekly - IDCW,102442
Franklin India Liquid Fund - Institutional Plan - Daily - IDCW,102443
DSP Regular Savings Fund- Regular Plan - Growth,102448
DSP Regular Savings Fund - Regular Plan - IDCW - Monthly,102450
DSP Regular Savings Fund - Regular Plan - IDCW - Quarterly,102451
HDFC Low Duration  Fund - Growth,102452
HDFC Low Duration  Fund - Weekly IDCW,102453
SBI  SAVINGS FUND - REGULAR PLAN - GROWTH,102503
SBI Savings Fund - Regular Plan - Income Distribution cum Capital Withdrawal Option (IDCW),102504
SBI CREDIT RISK FUND - REGULAR PLAN - GROWTH,102505
SBI Credit Risk Fund - Regular Plan - Income Distribution cum Capital Withdrawal Option (IDCW),102506
UTI Gilt Fund - Regular Plan - IDCW,102509
UTI - GILT FUND - Regular Plan - Growth Option,102510
UTI - GILT FUND -Discontinued PF Plan -Dividend Option,102511
UTI - GILT FUND - Discontinued PF Plan - Growth Option,102512
UTI - GILT FUND - Discontinued PF Plan Prescribed Date Auto Redemption Option,102514
ICICI Prudential MidCap Fund - Growth,102528
ICICI Prudential MidCap Fund - IDCW,102529
UTI Ultra Short Duration Fund - Regular Plan - Weekly IDCW (Reinvestment),102531
UTI Ultra Short Duration Fund - Regular Plan - Growth Option,102532
UTI Conservative Hybrd Fund - Regular Plan - Monthly Payment Option,102533
UTI Conservative Hybrid Fund - Regular Plan - Flexi IDCW,102534
UTI Conservative Hybrid Fund - Regular Plan - Growth Option,102535
UTI Conservative Hybrid Fund - Regular Plan - Monthly IDCW,102536
UTI Low Duration Fund - Discontinued - Annaul Dividend Option,102538
UTI Low Duration Fund - Discontinued Bonus Option,102539
UTI Low Duration Fund - Discontinued Growth Option,102540
UTI Low Duration Fund - Discontinued - Quarterly Dividend Option,102541
UTI Low Duration Fund - Regular Plan - Growth Option,102544
UTI Low Duration Fund - Regular Plan - Bonus Option,102545
Franklin India Life Stage Fund Of Funds - 50's Plus Floating Rate Plan - IDCW,102546
Franklin India Life Stage Fund of Funds - The 50s Plus Flo (Gro),102547
Kotak Multi Asset Omni FOF - Payout of Income Distribution cum capital withdrawal option,102573
Kotak Multi Asset Omni FOF - Growth- Regular,102574
Kotak Savings Fund -Growth,102591
Kotak Savings Fund -Monthly Payout of Income Distribution cum capital withdrawal option,102592
ICICI Prudential Value Fund (erstwhile Value Discovery Fund) - Growth,102594
ICICI Prudential Value Fund (erstwhile Value Discovery Fund) - IDCW,102595
Tata Liquid Fund -Regular Plan - Growth Option,102672
Nippon India Floater Fund - Growth Plan-Growth Option,102673
NIPPON INDIA FLOATER FUND - MONTHLY IDCW Option,102675
NIPPON INDIA FLOATER FUND - DAILY IDCW REINVESTMENT Option,102676
NIPPON INDIA FLOATER FUND - WEEKLY IDCW Option,102677
ICICI Prudential Medium Term Bond Fund - Growth,102741
ICICI Prudential Medium Term Bond Fund-Plan B-Growth,102743
Nippon India Consumption Fund-Growth Plan-Growth Option,102751
Nippon India Consumption Fund-Growth Plan-Bonus Option,102752
NIPPON INDIA CONSUMPTION FUND - IDCW Option,102753
SBI FOCUSED FUND - REGULAR PLAN -GROWTH,102756
HDFC Focused Fund - GROWTH PLAN,102760
HDFC Focused Fund - IDCW PLAN,102761
SBI Focused Fund - Regular Plan - Income Distribution cum Capital Withdrawal Option (IDCW),102765
Aditya Birla Sun Life Dynamic Bond Fund -Regular - Quarterly IDCW,102766
Aditya Birla Sun Life Dynamic Bond Fund - Growth - Regular Plan,102767
SBI HEALTHCARE OPPORTUNITIES FUND - REGULAR PLAN -GROWTH,102823
Nippon India Balanced Advantage Fund-Growth Plan-Growth Option,102846
Nippon India Balanced Advantage Fund-Growth Plan-Bonus Option,102847
NIPPON INDIA BALANCED ADVANTAGE FUND - IDCW Option,102848
Nippon India Dynamic Bond Fund-Growth Plan-Growth Option,102849
NIPPON INDIA DYNAMIC BOND FUND - IDCW Option,102851
SBI Savings Fund - Regular Plan Weekly Income Distribution cum Capital Withdrawal Option (IDCW),102860
Kotak-Small Cap Fund - Payout of Income Distribution cum capital withdrawal option,102874
Kotak-Small Cap Fund - Growth,102875
Franklin India Large & Mid Cap Fund - Growth Plan,102883
Franklin India Large & Mid Cap Fund - IDCW,102884
SBI EQUITY HYBRID FUND - REGULAR PLAN -Growth,102885
CANARA ROBECO SAVINGS FUND - REGULAR PLAN - GROWTH OPTION,102913
CANARA ROBECO SAVINGS FUND - REGULAR PLAN - IDCW (Payout/Reinvestment),102914
CANARA ROBECO SAVINGS FUND - REGULAR PLAN - WEEKLY IDCW (Payout/Reinvestment),102915
CANARA ROBECO LARGE AND MID CAP FUND - REGULAR PLAN - GROWTH OPTION,102920
CANARA ROBECO LARGE AND MID CAP FUND - REGULAR PLAN - IDCW (Payout/Reinvestment),102921
SBI MIDCAP FUND - REGULAR PLAN - GROWTH,102941
SBI Midcap Fund - Regular Plan - Income Distribution cum Capital Withdrawal Option (IDCW),102942
HDFC Hybrid Equity Fund - IDCW Plan,102947
HDFC Hybrid Equity Fund - Growth Plan,102948
SBI LARGE & MIDCAP FUND- REGULAR PLAN -Growth,103024
UTI Dividend Yield Fund - Regular Plan - IDCW,103025
UTI-Dividend Yield Fund.-Growth,103026
ICICI Prudential Blended Plan A - Growth,103027
ICICI Prudential Blended Plan A -  Dividend,103028
SBI MNC FUND - REGULAR PLAN -GROWTH,103034
Kotak Contra Fund - Regular Plan - IDCW - Payout & Re-investment of Income Distribution cum capital withdrawal option,103039
Kotak Contra Fund - Regular Plan - Growth,103040
Nippon India Money Market Fund-Growth Plan-Growth Option,103048
Nippon India Money Market Fund-Growth Plan-Bonus Option,103049
NIPPON INDIA MONEY MARKET FUND - DAILY IDCW Option,103050
NIPPON INDIA MONEY MARKET FUND - WEEKLY IDCW Option,103051
NIPPON INDIA MONEY MARKET FUND - MONTHLY IDCW Option,103052
ICICI Prudential Blended Plan B -  Growth Option - I,103061
ICICI Prudential Blended Plan B -  Dividend Option - I,103062
Nippon India Value Fund- Growth Plan,103085
NIPPON INDIA VALUE FUND - IDCW Option,103086
UTI Value Fund - Regular Plan - IDCW,103097
UTI Value Fund - Regular Plan - Growth Option,103098
Aditya Birla Sun Life Consumption Fund -Regular - IDCW,103110
Aditya Birla Sun Life Consumption Fund-Growth Option,103111
SBI MNC Fund - Regular Plan - Income Distribution cum Capital Withdrawal Option (IDCW),103114
HDFC Multi-Asset Fund - IDCW Option,103130
HDFC Multi-Asset Fund - Growth Option,103131
SBI Overnight Fund - Regular Plan - Weekly Income Distribution cum Capital Withdrawal Option (IDCW),103140
SBI COMMA Fund - REGULAR PLAN - Growth,103145
SBI Comma Fund - Regular Plan - Income Distribution cum Capital Withdrawal Option (IDCW),103146
ICICI Prudential Infrastructure Fund - Growth,103149
ICICI Prudential Infrastructure Fund - IDCW,103150
Franklin India Opportunities Fund - Growth,103151
Aditya Birla Sun Life Equity Hybrid'95 Fund -Regular - IDCW,103154
Aditya Birla Sun Life Equity Hybrid'95 Fund - Regular Plan-Growth,103155
Tata Treasury Advantage Fund Regular Plan - Weekly Payout of IDCW Option,103158
Tata Treasury Advantage Fund - Regular Plan - Growth Option,103159
Tata Treasury Advantage Fund Regular Plan - Daily Reinvestment of IDCW Option,103160
Aditya Birla Sun Life ELSS Tax Saver Fund-Regular - IDCW,103164
Aditya Birla Sun Life Flexi Cap Fund -Regular - IDCW,103165
Aditya Birla Sun Life Flexi Cap Fund - Growth - Regular Plan,103166
Aditya Birla Sun Life Digital India Fund -Regular - IDCW,103167
Aditya Birla Sun Life Digital India Fund - Growth - Regular Plan,103168
Aditya Birla Sun Life Large Cap Fund-Regular - IDCW,103173
Aditya Birla Sun Life Large Cap Fund-Growth,103174
Aditya Birla Sun Life Banking & PSU Debt Fund - Retail Plan-Growth,103176
Aditya Birla Sun Life Corporate Bond Fund - Growth - Regular Plan,103178
Aditya Birla Sun Life Corporate Bond Fund -REGULAR - MONTHLY IDCW,103183
Aditya Birla Sun Life Low Duration Fund -INSTITUTIONAL - DAILY IDCW,103191
Aditya Birla Sun Life Low Duration Fund - Growth Plan,103192
Aditya Birla Sun Life Low Duration Fund -REGULAR - WEEKLY IDCW,103193
Aditya Birla Sun Life Low Duration Fund -Institutional - weekly  IDCW,103194
Aditya Birla Sun Life Low Duration Fund - Institutional Plan - Growth,103195
Nippon India ELSS Tax Saver Fund-Growth Plan-Growth Option,103196
NIPPON INDIA ELSS TAX SAVER FUND - IDCW Option,103197
SBI Flexicap Fund - REGULAR PLAN -Growth Option,103215
SBI Flexicap Fund - Regular Plan - Income Distribution cum Capital Withdrawal Option (IDCW),103216
quant Liquid Fund - Growth Option - Regular Plan,103225
quant Liquid Fund-Daily IDCW Option - Regular Plan,103226
quant Liquid Fund - Weekly IDCW Option - Regular Plan,103227
quant Liquid Fund - Monthly IDCW Option - Regular Plan,103228
Kotak Large & Midcap Fund - IDCW-Regular,103233
Kotak Large & Midcap Fund - Growth-Regular,103234
Aditya Birla Sun Life Focused Fund -Regular - IDCW,103308
Aditya Birla Sun Life Focused Fund -Growth Option,103309
ICICI Prudential Exports & Services Fund - Growth,103312
ICICI Prudential Exports & Services Fund - IDCW,103313
Kotak ELSS Tax Saver Fund-Payout of Income Distribution cum capital withdrawal option,103338
Kotak ELSS Tax Saver Fund-Growth,103339
ICICI Prudential Liquid Fund - Growth,103340
ICICI Prudential Liquid Fund -Monthly IDCW,103341
ICICI Prudential Liquid Fund - Weekly IDCW,103342
ICICI Prudential Liquid Fund - Daily IDCW,103343
ICICI Prudential Liquid Fund - Institutional Option - I,103344
DSP Liquidity Fund - Regular Plan - Growth,103347
DSP Liquidity Fund - Regular Plan - IDCW - Weekly,103348
DSP Liquidity Fund- Regular Plan - IDCW - Daily,103349
Franklin India Small Cap Fund-Growth,103360
Franklin India Small Cap Fund - IDCW,103361
CANARA ROBECO INFRASTRUCTURE FUND - REGULAR PLAN - IDCW (Payout/Reinvestment),103389
CANARA ROBECO INFRASTRUCTURE FUND - REGULAR PLAN - GROWTH OPTION,103390
SBI Multi Asset Allocation Fund - Regular Plan - Monthly Income Distribution cum Capital Withdrawal Option (IDCW),103400
SBI Multi Asset Allocation Fund - Regular Plan - Quarterly Income Distribution cum Capital Withdrawal Option (IDCW),103401
SBI MULTI ASSET ALLOCATION FUND - REGULAR PLAN - GROWTH,103408
SBI Multi Asset Allocation Fund - Regular Plan - Annual Income Distribution cum Capital Withdrawal Option (IDCW),103409
Aditya Birla Sun Life Infrastructure Fund -  Regular - IDCW,103475
Aditya Birla Sun Life Infrastructure Fund-Growth,103476
Quantum Value Fund - Direct Plan Growth Option,103490
Quantum Value Fund - Direct Plan IDCW,103491
SBI Large Cap FUND-REGULAR PLAN GROWTH,103504
SBI Large Cap Fund - Regular Plan - Income Distribution cum Capital Withdrawal Option (IDCW),103616
ICICI Prudential Money Market Fund Option - Growth,103633
ICICI Prudential Money Market Fund Option - Daily IDCW,103634
ICICI Prudential Money Market Fund Option - Weekly IDCW,103635
ICICI Prudential Money Market Fund Option -Fortnightly IDCW,103636
ICICI Prudential Money Market Fund Option - Monthly IDCW,103637
Franklin India Dividend Yield Fund-Growth Plan,103678
Franklin India Dividend Yield Fund - IDCW,103679
Quantum Liquid Fund - Direct Plan Growth Option,103734
Quantum Liquid Fund - Direct Plan Monthly IDCW,103735
Quantum Liquid Fund - Direct Plan Daily IDCW,103736
Sundaram Consumption Fund (Formerly Known as Sundaram Rural and Consumption Fund Regular Plan - Income Distribution cum Capital Withdrawal (IDCW),103743
JM Arbitrage Fund (Regular) - Growth Option,103780
JM Arbitrage Fund (Regular) - IDCW,103781
DSP Large & Mid Cap Fund - Regular Plan - Growth,103819
DSP Large & Mid Cap Fund - Regular Plan - IDCW,103820
SBI ELSS Tax Saver Fund - Regular Plan - Income Distribution cum Capital Withdrawal Option (IDCW),103883
SBI Ultra Short Duration Fund - Regular Plan - Weekly Income Distribution cum Capital Withdrawal Option (IDCW),103884
Aditya Birla Sun Life Liquid Fund -Regular - IDCW,103885
UTI Arbitrage Fund - Regular Plan - IDCW,104074
UTI Arbitrage Fund - Regular Plan - Growth Option,104075
DSP Ultra Short Fund - Regular Plan - Growth,104138
DSP Ultra Short Fund - Regular Plan - IDCW - Weekly Reinvest,104139
DSP Ultra Short Fund - Regular Plan - IDCW - Daily Reinvest,104140
Taurus Liquid Fund-Dividend,104240
Taurus Liquid Fund-Growth,104241
JM Ultra Short Duration Fund - Growth option,104271
JM Ultra Short Duration Fund - Daily Dividend,104272
ICICI Prudential Liquid Fund - Half Yearly IDCW,104308
SBI Arbitrage Opportunities Fund - Regular Plan - Gr,104457
SBI Arbitrage Opportunities Fund - Regular Plan - Income Distribution cum Capital Withdrawal Option (IDCW),104458
DSP Midcap Fund - Regular Plan - Growth,104481
DSP Midcap Fund - Regular Plan - IDCW,104482
Invesco India Liquid Fund - Daily IDCW (Reinvestment),104484
Invesco India Liquid Fund - Weekly IDCW (Reinvestment),104485
Invesco India Liquid Fund - Growth,104486
Invesco India Liquid Fund - Regular - Growth,104488
Invesco India Liquid Fund - Regular - Weekly IDCW (Reinvestment),104489
Invesco India Liquid Fund - Monthly IDCW (Payout / Reinvestment),104492
quant Large & Mid Cap Fund - Growth Option,104513
quant Large & Mid Cap Fund - IDCW Option - Regular Plan,104514
quant Large & Mid Cap Fund - Bonus Option - Regular Plan,104515
SBI ESG Exclusionary Strategy Fund - Regular Plan - Growth,104523
CANARA ROBECO SAVINGS FUND - REGULAR PLAN - DAILY IDCW (Reinvestment),104559
Invesco India ELSS Tax Saver Fund - Regular Plan - IDCW Payout,104635
Invesco India ELSS Tax Saver Fund - Regular Plan - Growth,104636
Nippon India Focused Fund -Growth Plan -Growth Option,104637
NIPPON INDIA FOCUSED  FUND - IDCW OPTION,104638
ICICI Prudential Equity Arbitrage Fund - IDCW,104681
ICICI Prudential Equity Arbitrage Fund - Growth,104683
ICICI Prudential Equity - Arbitrage Fund-Institutional Growth Option,104684
ICICI Prudential Balanced Advantage Fund - Growth,104685
ICICI Prudential Balanced Advantage Fund - IDCW,104686
Invesco India Low Duration Fund - Regular - Weekly IDCW (Reinvestment),104722
Invesco India Low Duration Fund - Regular - Monthly IDCW (Reinvestment),104723
Invesco India Low Duration Fund - Weekly IDCW (Payout / Reinvestment),104725
Invesco India Low Duration Fund - Growth,104726
Invesco India Low Duration Fund - Regular - Growth,104728
Invesco India Low Duration Fund - Monthly IDCW (Payout / Reinvestment),104729
DSP ELSS Tax Saver Fund - Regular Plan - Growth,104772
DSP ELSS Tax Saver Fund - Regular Plan - IDCW,104773
ICICI Prudential Multi-Asset Fund-Institutional Option - I,104898
Kotak Midcap Fund - Regular Plan - IDCW -Payout & Re-investment of Income Distribution cum capital withdrawal option,104907
Kotak Midcap Fund - Regular Plan - Growth,104908
Sundaram Large and Midcap Regular Plan - Income Distribution cum Capital Withdrawal (IDCW),105000
Sundaram Large and Midcap Fund Regular Plan - Growth,105001
Invesco India Low Duration Fund - Regular Daily IDCW (Reinvestment),105024
Invesco India Low Duration Fund - Daily IDCW (Reinvestment),105025
Franklin India INDEX FUND- NSE NIFTY 50 INDEX FUND - IDCW,105067
SBI Ultra Short Duration Fund - Regular Plan - Daily Income Distribution cum Capital Withdrawal Option (IDCW),105080
Invesco India Short Duration Fund - Regular Plan - Growth,105185
Invesco India Short Duration Fund - Plan B - Monthly IDCW (Payout / Reinvestment),105187
Invesco India Short Duration Fund - Plan B - Growth,105189
Invesco India Short Duration Fund - Regular Plan - Weekly IDCW (Reinvestment),105190
Invesco India Short Duration Fund - Regular Plan - Monthly IDCW (Payout / Reinvestment),105191
Invesco India Short Duration Fund - Plan B - Weekly IDCW (Reinvestment),105192
SBI Liquid Fund - Institutional - Growth,105274
SBI Liquid Fund - Institutional Daily Income Distribution cum Capital Withdrawal Option (IDCW),105275
SBI Liquid Fund - REGULAR PLAN -Growth,105280
SBI Liquid Fund - Regular Plan - Daily Income Distribution cum Capital Withdrawal Option (IDCW),105281
SBI Liquid Fund - Regular Plan - Weekly Income Distribution cum Capital Withdrawal Option (IDCW),105282
SBI Liquid Fund - Regular Plan - Fortnightly Income Distribution cum Capital Withdrawal Option (IDCW),105283
Taurus Infrastructure Fund - Regular Plan - Growth,105417
Taurus Infrastructure Fund - Regular Plan - Payout of Income Distribution cum Capital Withdrawal option,105418
Invesco India Contra Fund - Regular Plan - IDCW (Payout / Reinvestment),105459
Invesco India Contra Fund - Regular Plan - Growth,105460
UTI GOLD Exchange Traded Fund,105463
Invesco India Midcap Fund - Regular Plan - Growth Option,105503
Invesco India Midcap Fund - Regular Plan - IDCW (Payout / Reinvestment),105504
HDFC Low Duration  Fund - Monthly IDCW,105543
HDFC Low Duration Fund- Wholesale- Growth,105544
HDFC Low Duration Fund- Wholesale Weekly Dividend,105545
HDFC Low Duration Fund- Wholesale Monthly Dividend,105546
HDFC Low Duration Fund- Wholesale Daily Dividend,105547
HDFC Low Duration  Fund - Daily IDCW,105548
UTI Low Duration Fund - Discontinued - Periodic Dividend Plan,105578
Invesco India Arbitrage Fund - Regular Plan - Growth Option,105603
Invesco India Arbitrage Fund - Regular Plan - IDCW (Payout / Reinvestment),105604
UTI Low Duration Fund - Regular Plan - Daily IDCW (Reinvestment),105605
UTI Low Duration Fund - Regular Plan - Weekly IDCW,105627
SBI ELSS Tax Saver FUND - REGULAR PLAN- GROWTH,105628
JM Dynamic Bond Fund (Regular) - Weekly IDCW,105637
JM Dynamic Bond Fund - Premium Plan - Daily Dividend Option,105638
JM Dynamic Bond Fund (Regular) - Daily IDCW,105639
ICICI Prudential Interval Fund - Monthly Interval Plan I - Retail Dividend,105650
ICICI Prudential Interval Fund - Monthly Interval Plan I - Retail Growth,105651
UTI Low Duration Fund - Regular Plan - Monthly IDCW,105658
UTI Low Duration Fund - Discontinued Flexi Dividend Plan,105659
DSP Strategic Bond Fund - Regular Plan - IDCW - Monthly,105667
DSP Strategic Bond Fund - Regular Plan - IDCW,105668
DSP Strategic Bond Fund - Regular Plan - Growth,105669
UTI Low Duration Fund - Discontinued Monthly Dividend Option,105670
ICICI Prudential Interval Fund - Quarterly Interval Plan I - Retail Growth,105710
ICICI Prudential Interval Fund - Quarterly Interval Plan I - Retail Dividend,105711
HDFC Mid Cap Fund - IDCW Plan,105757
HDFC Mid Cap Fund - Growth Plan,105758
Aditya Birla Sun Life Small Cap Fund - GROWTH,105804
Aditya Birla Sun Life Small Cap Fund -Regular - IDCW,105805
Franklin India Focused Equity Fund - IDCW,105816
Franklin India Focused Equity Fund - Growth Plan,105817
LIC MF Banking & PSU Fund-Regular Plan-Daily IDCW,105822
LIC MF Banking & PSU Fund-Regular Plan-Growth,105823
LIC MF Banking & PSU Fund-Regular Plan-Monthly IDCW,105856
LIC MF Banking & PSU Fund-Regular Plan-Weekly IDCW,105857
DSP Flexi Cap Fund - Regular Plan - Growth,105875
DSP Strategic Bond Fund - Regular Plan - IDCW - Weekly,105878
Aditya Birla Sun Life Savings Fund-Weekly - retail IDCW,105881
Aditya Birla Sun Life Savings Fund-Regular - weekly IDCW,105887
Aditya Birla Sun Life Savings Fund-Regular - DAILY IDCW,105888
ICICI Prudential Interval Fund - Quarterly Interval Plan II - Retail Dividend,105907
ICICI Prudential Interval Fund - Quarterly Interval Plan II - Retail Growth,105908
Kotak Arbitrage Fund - Regular Plan - IDCW - Payout & Re-investment of Income Distribution cum capital withdrawal option,105967
Kotak Arbitrage Fund - Regular Plan - Growth,105968
DSP Small Cap Fund - Regular - Growth,105989
SBI Infrastructure Fund - Regular Plan - Income Distribution cum Capital Withdrawal Option (IDCW),106095
SBI INFRASTRUCTURE FUND -  REGULAR PLAN - GROWTH,106096
JM Ultra Short Duration Fund - Fortnightly Dividend,106101
JM Ultra Short Duration Fund - Weekly Dividend,106104
ICICI Prudential Interval Fund - Quarterly Interval Plan III - Retail Dividend,106141
ICICI Prudential Interval Fund - Quarterly Interval Plan III - Retail Growth,106142
Invesco India Large & Mid Cap Fund - Regular Plan - IDCW (Payout / Reinvestment),106143
Invesco India Large & Mid Cap Fund - Regular Plan - Growth,106144
Aditya Birla Sun Life Banking & PSU Debt Fund  - retail - quarterly IDCW,106157
CANARA ROBECO EQUITY HYBRID FUND - REGULAR PLAN - GROWTH OPTION,106166
CANARA ROBECO EQUITY HYBRID FUND - REGULAR PLAN - MONTHLY IDCW (Payout/Reinvestment),106167
JM Value Fund (Regular) - IDCW,106168
quant Infrastructure Fund - IDCW Option - Regular Plan,106169
quant Infrastructure Fund - Growth Option,106170
Invesco India Corporate Bond Fund - Regular Plan - Monthly IDCW (Payout / Reinvestment),106171
Invesco India Corporate Bond Fund - Regular Plan - Quarterly IDCW (Payout / Reinvestment),106172
Invesco India Corporate Bond Fund - Regular Plan - Growth,106177
Invesco India Corporate Bond Fund - Regular Plan - Annual IDCW (Payout / Reinvestment),106179
KOTAK GOLD ETF,106193
SBI LOW DURATION FUND - REGULAR PLAN - GROWTH,106212
SBI Low Duration Fund - Regular Plan - Daily Income Distribution cum Capital Withdrawal Option (IDCW),106213
SBI Low Duration Fund - Regular Plan - Weekly Income Distribution cum Capital Withdrawal Option (IDCW),106214
SBI Low Duration Fund - Regular Plan - Fornightly Income Distribution cum Capital Withdrawal Option (IDCW),106215
SBI Low Duration Fund - Regular Plan - Monthly Income Distribution cum Capital Withdrawal Option (IDCW),106216
SBI Short Horizon Debt Fund - Ultra Short Term Fund - Institutional Plan - Growth,106217
SBI Short Horizon Debt Fund - Ultra Short Term Fund - Institutional Plan - Daily Income Distribution cum Capital Withdrawal Option (IDCW),106221
SBI Short Horizon Debt Fund - Ultra Short Term Fund- Institutional Plan - Weekly Income Distribution cum Capital Withdrawal Option (IDCW),106222
SBI SHORT HORIZON DEBT FUND-SHORT TERM FUND - RETAIL - GROWTH,106227
SBI Short Horizon Debt Fund - Short Term Fund - Retail Dividend - Weekly Income Distribution cum Capital Withdrawal Option (IDCW),106228
SBI Short Horizon Debt Fund - Short Term Fund - Retail Dividend - Monthly Income Distribution cum Capital Withdrawal Option (IDCW),106229
SBI Short Horizon Debt Fund - Short Term Fund - Retail Dividend - Fortnightly Income Distribution cum Capital Withdrawal Option (IDCW),106230
SBI SHORT TERM DEBT FUND - REGULAR PLAN -GROWTH,106231
SBI Short Term Debt Fund - Regular Plan Weekly Income Distribution cum Capital Withdrawal Option (IDCW),106232
SBI Short Term Debt Fund - Regular Plan - Monthly Income Distribution cum Capital Withdrawal Option (IDCW),106233
SBI Short Term Debt Fund - Regular Plan Fortnightly Income Distribution cum Capital Withdrawal Option (IDCW),106234
Nippon India Large Cap  Fund- Growth Plan -Growth Option,106235
NIPPON INDIA LARGE CAP FUND - IDCW Option,106236
Nippon India Large Cap Fund-Institutional Plan Growth Plan Bonus Option,106238
Nippon India Large Cap Fund- Growth Plan Bonus Option,106240
Nippon India Multi Cap Fund Institutional Dividend Plan,106252
Nippon India Multi Cap Fund Institutional Plan Growth Plan Growth Option,106253
Nippon India Vision Large & Mid Cap Fund Institutional Dividend Plan,106255
NIPPON INDIA GROWTH MID CAP FUND - INSTITUTIONAL Plan - IDCW Option,106260
ICICI Prudential Interval Fund - Annual Interval Plan I - Retail Dividend,106290
ICICI Prudential Interval Fund Annual Interval Plan I -  Growth,106291
ICICI Prudential Interval Fund - Annual Interval Plan I - Retail Growth,106292
ICICI Prudential Interval Fund Annual Interval Plan I - Dividend,106293
Invesco India Balanced Advantage Fund - Regular Plan - IDCW (Payout / Reinvestment),106316
Invesco India Balanced Advantage Fund - Regular Plan - Growth,106317
Sundaram Global Brand Theme-Equity Active FOF - Regular IDCW,106369
Sundaram Global Brand Theme-Equity Active FOF - Regular Growth,106370
UTI Short Duration Fund - Discontinued Regular Option - Dividend Sub Option,106383
UTI Short Duration Fund - Discontinued Regular Option -Growth Sub Option,106384
UTI India Consumer Fund - Regular Plan - Growth Option,106425
UTI India Consumer Fund - Regular Plan - IDCW,106426
Kotak Global Emerging Market Overseas Equity Omni FOF- Growth,106441
Kotak Global Emerging Market Overseas Equity Omni FOF - Payout of Income Distribution cum capital withdrawal option,106442
DSP World Gold Mining Overseas Equity Omni FoF - Regular Plan - IDCW,106596
DSP World Gold Mining Overseas Equity Omni FoF - Regular Plan - Growth,106597
UTI Short Duration Fund - Regular Plan - Growth Option,106624
Invesco India Infrastructure Fund - Regular Plan - IDCW (Payout / Reinvestment),106653
Invesco India Infrastructure Fund - Regular Plan - Growth Option,106654
ICICI Prudential Interval Fund Annual Interval Plan II - Dividend,106760
ICICI Prudential Interval Fund Annual Interval Plan II - Growth,106761
ICICI Prudential Interval Fund - Annual Interval Plan II - Retail Dividend,106762
ICICI Prudential Interval Fund - Annual Interval Plan II - Retail Growth,106763
ICICI Prudential Interval Fund - Annual Interval Plan III - Retail Growth,106777
ICICI Prudential Interval Fund - Annual Interval Plan III - Retail Dividend,106778
ICICI Prudential Interval Fund Annual Interval Plan III - Growth,106779
ICICI Prudential Interval Fund Annual Interval Plan III - Dividend,106780
HDFC ARBITRAGE FUND - Wholesale Growth Option,106793
HDFC ARBITRAGE FUND - Wholesale IDCW Option,106795
HDFC ARBITRAGE FUND - Retail Growth Option,106796
HDFC ARBITRAGE FUND - Retail Quarterly IDCW Option,106797
HDFC ARBITRAGE FUND - Retail IDCW Option,106799
ICICI Prudential Smallcap Fund - Institutional Growth,106821
ICICI Prudential Smallcap Fund - IDCW,106822
ICICI Prudential Smallcap Fund - Growth,106823
ICICI Prudential Interval Fund II - Quarterly Interval Plan A - Retail Dividend,106828
ICICI Prudential Interval Fund II - Quarterly Interval Plan A - Retail Growth,106829
ICICI Prudential Interval Fund Annual Interval Plan IV -  Dividend,106830
ICICI Prudential Interval Fund Annual Interval Plan IV - Growth,106831
ICICI Prudential Interval Fund - Annual Interval Plan IV - Retail Dividend,106832
ICICI Prudential Interval Fund - Annual Interval Plan IV - Retail Growth,106833
HDFC Floating Rate Debt Fund - Daily IDCW Option,106838
HDFC Floating Rate Debt Fund - Monthly IDCW Option,106839
HDFC Floating Rate Debt Fund - Weekly IDCW Option,106840
HDFC Floating Rate Debt Fund - Growth Option,106841
LIC MF Large Cap Fund-Regular Plan-Growth,106871
Aditya Birla Sun Life International Equity Fund - Regular - IDCW,106872
Aditya Birla Sun Life International Equity Fund - Growth - Regular Plan,106873
Aditya Birla Sun Life International Equity Fund - Plan B - Regular - IDCW,106875
Aditya Birla Sun Life International Equity Fund - Plan B - Growth - Regular Plan,106876
ICICI Prudential Interval Fund II - Quarterly Interval Plan B - Retail Dividend,106885
ICICI Prudential Interval Fund II - Quarterly Interval Plan B - Retail Growth,106886
Kotak Nifty PSU Bank ETF,106929
ICICI Prudential Interval Fund II - Quarterly Interval Plan C - Retail Growth,106976
ICICI Prudential Interval Fund II - Quarterly Interval Plan C - Retail Dividend,106977
Franklin Asian Equity Fund - IDCW,106978
Franklin Asian Equity Fund - Growth Plan,106979
UTI Short Duration Fund - Regular Plan - Quarterly IDCW,106980
ICICI Prudential Interval Fund II - Quarterly Interval Plan D - Retail Dividend,107138
ICICI Prudential Interval Fund II - Quarterly Interval Plan D - Retail Growth,107139
Franklin India Ultra Short Bond Fund - Retail - Growth,107247
Franklin India Ultra Short Bond Fund - Institutional - Growth,107248
Franklin India Ultra Short Bond Fund - Super Institutional - Growth,107249
Franklin India Ultra Short Bond Fund - Super Institutional Plan - Daily - IDCW,107250
Franklin India Ultra Short Bond Fund - Institutional Plan - Daily - IDCW,107251
Franklin India Ultra Short Bond Fund - Retail Plan - Daily - IDCW,107252
JM ELSS Tax Saver Fund (Regular) - IDCW,107287
JM ELSS Tax Saver Fund (Regular) - Growth option,107288
ICICI Prudential Interval Fund II - Quarterly Interval Plan F - Retail Dividend,107309
ICICI Prudential Interval Fund II - Quarterly Interval Plan F - Retail Growth,107310
Invesco India Multicap Fund - Regular Plan - IDCW (Payout / Reinvestment),107352
Invesco India Multicap Fund - Regular Plan - Growth Option,107353
JM Focused Fund (Regular) - IDCW,107409
JM Focused Fund (Regular) - Growth Option,107410
Invesco India Gilt Fund - Regular Plan - Monthly IDCW (Reinvestment),107471
Invesco India Gilt Fund - Regular Plan - Quarterly IDCW (Payout / Reinvestment),107472
Invesco India Gilt Fund - Regular Plan - Annual IDCW (Payout / Reinvestment),107476
Invesco India Gilt Fund - Regular Plan - Growth,107477
HDFC Infrastructure Fund - Growth Plan,107524
HDFC Infrastructure Fund - IDCW Plan,107525
Mirae Asset Large Cap Fund - Growth Plan,107578
Mirae Asset Large Cap Fund Regular IDCW,107579
Quantum Gold Fund,107693
Mirae Asset Low Duration Fund - Regular Plan - Daily IDCW,107700
Mirae Asset Low Duration Fund - Regular Plan - Weekly IDCW,107701
Mirae Asset Low Duration Fund - Regular Plan - Quarterly IDCW,107702
Mirae Asset Low Duration Fund - Regular Plan - Monthly IDCW,107704
Mirae Asset Low Duration Fund - Regular Plan - Growth,107705
Aditya Birla Sun Life ELSS Tax Saver Fund - Growth Option,107745
LIC MF Infrastructure Fund-Regular Plan-Growth,107763
LIC MF Infrastructure Fund-Regular Plan-IDCW,107764
HSBC Global Emerging Markets Fund - Growth,107988
HSBC Global Emerging Markets Fund - IDCW,107989
Aditya Birla Sun Life Value Fund - Regular - IDCW,108166
Aditya Birla Sun Life Value Fund - Growth Option,108167
DSP Natural Resources And New Energy Fund - Regular - Growth,108202
DSP Natural Resources And New Energy Fund - Regular Plan - IDCW,108203
Nippon India Quant Fund -Growth Plan - Growth Option,108249
NIPPON INDIA QUANT FUND - IDCW Option,108252
Nippon India Quant Fund -Growth Plan -Bonus Option,108258
Aditya Birla Sun Life Banking & PSU Debt Fund  - REGULAR - IDCW,108272
Aditya Birla Sun Life Banking & PSU Debt Fund - Regular Plan-Growth,108273
Aditya Birla Sun Life Banking & PSU Debt Fund  - REGULAR - Quarterly IDCW,108274
Invesco India Financial Services Fund - Regular Plan -  IDCW (Payout / Reinvestment),108377
Invesco India Financial Services Fund - Regular Plan - Growth,108378
Taurus ELSS Tax Saver Fund - Regular Plan - Payout of Income Distribution cum Capital Withdrawal option,108402
Taurus Large Cap Fund - Regular Plan - Payout of Income Distribution cum Capital Withdrawal option,108403
ICICI Prudential Large Cap Fund (erstwhile Bluechip Fund)  - IDCW,108465
ICICI Prudential Large Cap Fund (erstwhile Bluechip Fund)  - Growth,108466
ICICI Prudential Bluechip Fund - Institutional Option - I - Growth,108467
Quantum Nifty 50 ETF,108479
Kotak Dynamic Bond Fund Regular Plan Growth,108511
Bandhan Income Plus Arbitrage Active FOF - Regular Plan - Quarterly IDCW,108544
Bandhan Income Plus Arbitrage Active FOF - Regular Plan - Growth,108545
Bandhan Income Plus Arbitrage Active FOF - Regular Plan - Half Yearly IDCW,108546
Bandhan Income Plus Arbitrage Active FOF - Regular Plan - Annual IDCW,108547
Bandhan Gilt Fund - Regular Plan - Quarterly IDCW,108557
Bandhan Gilt Fund - Regular - Plan B - Half Yearly IDCW,108558
Bandhan Gilt Fund - Regular Plan - Annual IDCW,108559
BANDHAN Dynamic Bond Fund - Regular Plan B - Quarterly IDCW,108561
Bandhan Focused Fund - Regular Plan - Growth,108592
Bandhan Focused Fund - Regular Plan - IDCW,108593
BANDHAN Flexi Cap Fund - Regular Plan - Growth,108594
BANDHAN Flexi Cap Fund - Regular Plan - IDCW,108595
Bandhan Large & Mid Cap Fund - Regular Plan - Growth,108596
Bandhan Large & Mid Cap Fund - Regular Plan - IDCW,108597
BANDHAN Low Duration Fund - Regular Plan - Growth,108632
BANDHAN Low Duration Fund - Regular Plan - Daily IDCW,108633
BANDHAN Low Duration Fund - Regular Plan - Weekly IDCW,108634
BANDHAN Low Duration Fund - Regular Plan - Monthly IDCW,108635
Bandhan Gilt Fund with 10 year constant duration Fund - Regular Plan - Monthly IDCW,108644
Bandhan Gilt Fund with 10 year constant duration Fund - Regular Plan - Quarterly IDCW,108646
BANDHAN Money Market Fund - Regular Plan - Daily IDCW,108650
BANDHAN Dynamic Bond Fund - Regular Plan B - Annual IDCW,108675
BANDHAN LIQUID Fund - Regular Plan - Growth,108690
BANDHAN LIQUID Fund - Regular Plan - Weekly IDCW,108691
BANDHAN LIQUID Fund - Regular Plan - Daily IDCW,108692
BANDHAN LIQUID Fund - Regular Plan - Monthly IDCW,108693
BANDHAN LIQUID FUND - Inst Plan B - Periodic Div,108694
Bandhan Money Market Fund - Regular Plan - Weekly IDCW,108701
Bandhan Short Duration Fund - Regular Plan - Fortnightly IDCW,108713
Bandhan Short Duration Fund - Plan C  - Fortnightly Dividend,108714
Bandhan Short Duration Fund - Plan D- Fortnightly Dividend,108715
Bandhan Short Duration Fund - Plan B - Fortnightly Dividend,108716
Bandhan Short Duration Fund - Plan C  - Growth,108717
Bandhan Short Duration Fund - Plan C  - Monthly Dividend,108718
Bandhan Short Duration Fund - Plan D - Growth,108719
Bandhan Short Duration Fund - Plan D - Monthly Dividend,108720
Bandhan Medium Duration Fund - Regular Plan - Monthly IDCW,108727
Bandhan Medium Duration Fund - Regular Plan - Growth,108728
Bandhan Medium Duration Fund - Regular Plan - Fortnightly IDCW,108729
Bandhan Medium Duration Fund - Regular Plan - Bi-Monthly IDCW,108730
Bandhan Medium Duration Fund - Regular Plan - Daily IDCW,108731
Bandhan Gilt Fund with 10 year constant duration Fund - Regular Plan - Growth,108753
BANDHAN Money Market Fund - Regular Plan - Growth,108756
BANDHAN Money Market Fund - Regular Plan - Monthly IDCW,108757
Bandhan Medium to Long Duration Fund - Regular Plan - Half-yearly IDCW,108763
Bandhan Medium to Long Duration Fund - Regular Plan - Quarterly IDCW,108764
Bandhan Medium to Long Duration Fund - Regular Plan - Growth,108765
Bandhan Medium to Long Duration Fund - Regular Plan - Annual IDCW,108766
Bandhan Short Duration Fund - Regular Plan - Monthly IDCW,108767
Bandhan Short Duration Fund - Regular Plan - Growth,108768
BANDHAN Large Cap Fund - Regular Plan - Growth,108799
BANDHAN Large Cap Fund - Regular Plan - IDCW,108800
BANDHAN Arbitrage Fund - Plan B - Dividend,108844
BANDHAN Arbitrage Fund - Regular Plan - Growth,108845
BANDHAN Arbitrage Fund - Plan B - Growth,108846
BANDHAN Arbitrage Fund - Regular Plan - Monthly IDCW,108847
Bandhan Value Fund - Regular Plan - IDCW,108908
Bandhan Value Fund - Regular Plan - Growth,108909
BANDHAN Equity Savings Fund - Regular Plan - Monthly IDCW,108992
BANDHAN Equity Savings Fund -B-DIVIDEND,108993
BANDHAN Equity Savings Fund -B-GROWTH,108994
BANDHAN Equity Savings Fund - Regular Plan - Growth,108995
Kotak BSE Sensex ETF,109010
Sundaram Financial Services Opportunities Fund Regular Plan - Income Distribution cum Capital Withdrawal (IDCW),109058
Sundaram Financial Services Opportunities Fund Regular Plan - Growth,109059
Sundaram Financial Services Opportunities Fund Institutional Plan - Income Distribution cum Capital Withdrawal (IDCW),109060
Sundaram Financial Services Opportunities Fund Institutional Plan - Growth,109061
Aditya Birla Sun Life Savings Fund-Retail - Daily IDCW,109108
BANK OF INDIA Liquid Fund- Regular Plan- Growth,109254
BANK OF INDIA Liquid Fund- Regular Plan- Weekly IDCW,109255
BANK OF INDIA Ultra Short Duration Fund- Regular Plan- Weekly IDCW,109264
BANK OF INDIA Ultra Short Duration Fund- Regular Plan- Growth,109269
quant Focused Fund - IDCW Option - Regular Plan,109274
quant Focused Fund - Growth Option - Regular Plan,109275
CANARA ROBECO LIQUID FUND - REGULAR PLAN - DAILY IDCW (Reinvestment),109349
CANARA ROBECO LIQUID FUND - REGULAR PLAN - WEEKLY IDCW (Payout/Reinvestment),109350
CANARA ROBECO LIQUID FUND - REGULAR PLAN - MONTHLY IDCW (Payout/Reinvestment),109351
CANARA ROBECO LIQUID FUND - REGULAR PLAN - GROWTH OPTION,109353
CANARA ROBECO ULTRA SHORT TERM FUND - REGULAR PLAN - WEEKLY IDCW (Payout/Reinvestment),109366
CANARA ROBECO ULTRA SHORT TERM FUND - REGULAR PLAN - MONTHLY IDCW (Payout/Reinvestment),109370
CANARA ROBECO ULTRA SHORT TERM FUND - REGULAR PLAN - GROWTH OPTION,109371
CANARA ROBECO ULTRA SHORT TERM FUND - REGULAR PLAN - DAILY IDCW (Reinvestment),109372
ICICI Prudential Banking and Financial Services Fund -  Growth,109445
ICICI Prudential Banking and Financial Services Fund -  IDCW,109446
NIPPON INDIA CORPORATE BOND FUND - DAILY IDCW Option,109472
NIPPON INDIA CORPORATE BOND FUND - WEEKLY IDCW Option,109473
UTI Ultra Short Duration Fund - Regular Plan - Daily IDCW (Reinvestment),109501
JM Flexicap Fund (Regular) - Growth option,109522
JM Flexicap Fund (Regular) - IDCW,109523
Franklin India Ultra Short Bond Fund - Institutional - Weekly Dividend,109574
Franklin India Ultra Short Bond Fund - Retail Plan - Weekly - IDCW,109575
Franklin India Ultra Short Bond Fund - Super Institutional Plan - Weekly - IDCW,109576
ICICI Prudential Interval Fund Monthly Interval Plan I - Growth,109679
ICICI Prudential Interval Fund Monthly Interval Plan I - Dividend,109680
Nippon India Gilt  Fund -P F Option-Automatic Annual Reinvest Option,109716
Nippon India Gilt  Fund - Institutional Plan-Growth Plan -Growth Option,109717
Nippon India Gilt  Fund-Institutional Plan-P F Option-Automatic Capital Appreciation Payout Option,109718
Nippon India Gilt  Fund -Growth Plan - Growth Option,109720
Nippon India Gilt  Fund -P F Option-Defined Maturity Date Option,109721
NIPPON INDIA GILT  FUND - MONTHLY IDCW Option,109723
Nippon India Gilt  Fund-P F Option-Automatic Capital Appreciation Payout Option,109724
ICICI Prudential Bond Fund - Growth,109740
ICICI Prudential Bond Fund - IDCW Monthly,109741
ICICI Prudential Bond Fund- Institutional Growth,109742
ICICI Prudential Bond Fund - IDCW Quarterly,109743
ICICI Prudential Bond Fund- Institutional Monthly Dividend,109744
ICICI Prudential Bond Fund- Institutional Quarterly Dividend,109745
quant Flexi Cap Fund - Growth Option - Regular Plan,109830
quant Flexi Cap Fund - IDCW Option - Regular Plan,109831
ICICI Prudential Interval Fund II Quarterly Interval Plan C - Growth,109854
ICICI Prudential Interval Fund II Quarterly Interval Plan C - Dividend,109855
ICICI Prudential Interval Fund II Quarterly Interval Plan D - Growth,110013
ICICI Prudential Interval Fund II Quarterly Interval Plan D - Dividend,110014
ICICI Prudential Interval Fund V Monthly Interval Plan A - Growth,110045
ICICI Prudential Interval Fund V Monthly Interval Plan A - Dividend,110046
ICICI Prudential Interval Fund V - Monthly Interval Plan A - Retail Growth,110047
ICICI Prudential Interval Fund V - Monthly Interval Plan A - Retail Dividend,110048
ICICI Prudential Interval Fund II Quarterly Interval - Dividend,110203
ICICI Prudential Interval Fund II Quarterly Interval - Growth,110204
Aditya Birla Sun Life Banking & PSU Debt Fund  - REGULAR - MONTHLY IDCW,110282
ICICI Prudential Interval Fund IV - Quarterly Interval Plan B - Retail Dividend,110345
ICICI Prudential Interval Fund IV Quarterly Interval Plan B - Growth,110346
ICICI Prudential Interval Fund IV Quarterly Interval Plan B -Dividend,110347
ICICI Prudential Interval Fund IV - Quarterly Interval Plan B - Retail Growth,110348
ICICI Prudential Interval Fund II Quarterly Interval Plan F - Growth,110383
ICICI Prudential Interval Fund II Quarterly Interval Plan F - Dividend,110384
Aditya Birla Sun Life Banking & PSU Debt Fund  - retail - monthly IDCW,110490
ICICI Prudential Interval Fund III Quarterly Interval - Growth,110555
ICICI Prudential Interval Fund III Quarterly Interval - Dividend,110556
Kotak Treasury Advantage Fund -Daily Reinvestment of Income Distribution cum capital withdrawal option,110575
BANK OF INDIA Large & Mid Cap Fund Regular Plan- Quarterly IDCW,110598
BANK OF INDIA Large & Mid Cap Fund Eco Plan- Growth,110599
BANK OF INDIA Large & Mid Cap Fund Eco Plan-Bonus,110601
BANK OF INDIA Large & Mid Cap Fund Regular Plan- Growth,110603
BANK OF INDIA Large & Mid Cap Fund Eco Plan-Quarterly IDCW,110604
BANK OF INDIA Large & Mid Cap Fund Regular Plan-Bonus,110606
BANK OF INDIA Large & Mid Cap Fund Regular Plan- Regular IDCW,110607
BANK OF INDIA Large & Mid Cap Fund Eco Plan-Regular IDCW,110608
ICICI Prudential Interval Fund II Quarterly Interval Plan A - Growth,110663
ICICI Prudential Interval Fund II Quarterly Interval Plan A - Dividend,110664
ICICI Prudential Interval Fund II Quarterly Interval Plan B - Growth,111316
ICICI Prudential Interval Fund II Quarterly Interval Plan B - Dividend,111317
Bandhan Gilt Fund with 10 year constant duration Fund - Regular Plan - Weekly IDCW,111343
Aditya Birla Sun Life Commodity Equities Fund - Global Agri Plan -Regular - IDCW,111348
Aditya Birla Sun Life Commodity Equities Fund - Global Agri Plan - Growth - Regular Plan,111349
ICICI Prudential Interval Fund Quarterly Interval Plan 1 - Growth,111405
ICICI Prudential Interval Fund Quarterly Interval Plan 1 -Dividend,111406
Aditya Birla Sun Life Dynamic Bond Fund -REGULAR - MONTHLY IDCW,111521
BANDHAN Dynamic Bond Fund - Regular Plan B - IDCW,111523
BANDHAN Dynamic Bond Fund - Regular Plan B - Growth,111524
Bandhan Gilt Fund - Regular Plan - Growth,111525
Bandhan Gilt Fund - Regular Plan - IDCW,111527
ICICI Prudential Floating Interest Fund Plan B - Weekly Dividend Option,111543
ICICI Prudential Floating Interest Fund Plan A - Weekly Dividend Option,111544
ICICI Prudential Floating Interest Fund - Weekly IDCW,111545
ICICI Prudential Savings Fund Plan C - Weekly Dividend Option,111546
Quantum ELSS Tax Saver Fund - Direct Plan Growth Option,111549
Quantum ELSS Tax Saver Fund - Direct Plan IDCW,111550
BANDHAN ELSS Tax Saver Fund - Regular Plan - Growth,111569
BANDHAN ELSS Tax Saver Fund - Regular Plan - IDCW,111570
BANK OF INDIA Short Term Income Fund-Regular Plan- Growth,111585
BANK OF INDIA Short Term Income Fund-Regular Plan- Monthly IDCW,111589
BANK OF INDIA Short Term Income Fund-Regular Plan- Quarterly IDCW,111590
UTI Multi Asset Allocation Fund - Regular Plan - Growth Option,111599
UTI Multi Asset Allocation Fund - Regular Plan - IDCW,111602
Edelweiss ELSS Tax Saver Fund - Regular Plan - Growth Option,111638
Edelweiss ELSS Tax Saver Fund - Regular Plan - IDCW Option,111639
Taurus Flexi Cap Fund - Regular Plan - Payout of Income Distribution cum Capital Withdrawal option,111640
Taurus Mid Cap Fund - Regular Plan - Payout of Income Distribution cum Capital Withdrawal option,111642
Mirae Asset Liquid Fund - Regular Plan - Weekly IDCW,111644
Mirae Asset Liquid Fund - Regular Plan - Monthly IDCW,111645
Mirae Asset Liquid Fund - Regular Plan - Growth,111646
Mirae Asset Liquid Fund - Regular - Daily IDCW,111647
LIC MF Low Duration Fund-Regular Plan-Weekly IDCW,111675
LIC MF Low Duration Fund-Regular Plan-Daily IDCW,111676
Baroda BNP Paribas LIQUID FUND - Regular Plan - GROWTH OPTION,111704
Baroda BNP Paribas LIQUID FUND - Regular Plan - WEEKLY IDCW OPTION,111705
Baroda BNP Paribas LIQUID FUND - Regular Plan - DAILY IDCW OPTION,111707
BANK OF INDIA ELSS Tax Saver -Regular Plan-IDCW,111708
BANK OF INDIA ELSS Tax Saver -ECO Plan-Growth,111709
BANK OF INDIA ELSS Tax Saver -Regular Plan- Growth,111710
BANK OF INDIA ELSS Tax Saver -ECO Plan-IDCW,111711
BANK OF INDIA Conservative Hybrid Fund-Regular Plan-Growth,111712
BANK OF INDIA Conservative Hybrid Fund-Regular Plan-Quarterly IDCW,111713
BANK OF INDIA Conservative Hybrid Fund-Regular Plan-Annual IDCW,111714
BANK OF INDIA Conservative Hybrid Fund-ECO Plan-Growth,111715
BANK OF INDIA Conservative Hybrid Fund-Regular Plan-Monthly IDCW,111716
BANK OF INDIA Conservative Hybrid Fund-ECO Plan-Monthly IDCW,111717
BANK OF INDIA Conservative Hybrid  Fund-ECO Plan-Quarterly IDCW,111718
CANARA ROBECO ELSS TAX SAVER - REGULAR PLAN - GROWTH OPTION,111722
Nippon India Low Duration Fund - Retail Plan - Growth Plan -Bonus Option,111743
NIPPON INDIA LOW DURATION FUND - RETAIL Plan - DAILY IDCW Option,111744
NIPPON INDIA LOW DURATION FUND - RETAIL Plan - WEEKLY IDCW Option,111745
Nippon India Low Duration Fund -Growth Plan -Bonus Option,111746
NIPPON INDIA LOW DURATION FUND - DAILY IDCW Option,111747
Nippon India Low Duration Fund - Retail Plan - Growth Plan - Growth Option,111748
NIPPON INDIA LOW DURATION FUND - MONTHLY IDCW Option,111749
NIPPON INDIA LOW DURATION FUND - QUARTERLY IDCW Option,111750
NIPPON INDIA LOW DURATION FUND - RETAIL Plan - MONTHLY IDCW Option,111751
NIPPON INDIA LOW DURATION FUND - RETAIL Plan - QUARTERLY IDCW Option,111752
Nippon India Low Duration Fund- Growth Plan - Growth Option,111753
NIPPON INDIA LOW DURATION FUND - WEEKLY IDCW Option,111754
Aditya Birla Sun Life Income Fund (Discipline Advantage Plan),111777
DSP Strategic Bond Fund - Regular Plan - IDCW - Daily,111786
Taurus Ethical Fund - Regular Plan - Growth,111787
Taurus Ethical Fund - Regular Plan - Payout of Income Distribution cum Capital Withdrawal option,111788
ICICI Prudential Savings Fund Retail Weekly Dividend,111793
ICICI Prudential Savings Fund Retail Growth,111794
ICICI Prudential Savings Fund Retail Daily Dividend,111795
Aditya Birla Sun Life Medium Term Plan - Growth - Regular Plan,111803
Aditya Birla Sun Life Medium Term Plan - Institutional - Growth Plan,111804
Aditya Birla Sun Life Medium Term Plan - REGULAR - Quarterly IDCW,111809
Aditya Birla Sun Life Medium Term Plan - REGULAR - HALFYEARLY IDCW,111811
Aditya Birla Sun Life Medium Term Plan - Regular - IDCW,111812
Aditya Birla Sun Life Dynamic Bond Fund-Discipline Advantage Plan-Growth,111848
Taurus Ethical Fund -  Regular Plan - Bonus Option,111903
Edelweiss Large Cap Fund -Plan B - Growth option,111935
Edelweiss Large Cap Fund - Regular Plan - IDCW Option,111936
Edelweiss Large Cap Fund -Plan C - Growth option,111937
Edelweiss Large Cap Fund - Plan B - IDCW Option,111938
Edelweiss Large Cap Fund - Plan C - IDCW Option,111939
Edelweiss Large Cap Fund - Regular Plan - Growth Option,111940
SBI Gold ETF,111954
ICICI Prudential Focused Equity Fund - Growth,111957
ICICI Prudential Focused Equity Fund - IDCW,111958
CANARA ROBECO DYNAMIC BOND FUND - REGULAR PLAN - GROWTH OPTION,111962
CANARA ROBECO DYNAMIC BOND FUND - REGULAR PLAN - IDCW (Payout/Reinvestment),111963
BANK OF INDIA Ultra Short Duration Fund- Regular Plan- Daily IDCW,111970
BANK OF INDIA Liquid Fund- Regular Plan- Daily IDCW,111971
ICICI Prudential Corporate Bond Fund Retail Growth,111972
ICICI Prudential Corporate Bond Fund Retail Daily Dividend,111976
ICICI Prudential Corporate Bond Fund Retail Weekly Dividend,111977
ICICI Prudential Corporate Bond Fund Retail Fort Nightly Dividend,111978
ICICI Prudential Corporate Bond Fund Retail Monthly Dividend,111979
ICICI Prudential Corporate Bond Fund Retail Quarterly Dividend,111980
ICICI Prudential Corporate Bond Fund - Premium Daily Dividend,111982
ICICI Prudential Corporate Bond Fund - Premium Monthly Dividend,111985
ICICI Prudential Corporate Bond Fund - Growth,111987
ICICI Prudential Corporate Bond Fund - Daily IDCW,111988
ICICI Prudential Corporate Bond Fund - Weekly IDCW,111989
ICICI Prudential Corporate Bond Fund - Fortnightly IDCW,111990
ICICI Prudential Corporate Bond Fund - Monthly IDCW,111991
ICICI Prudential Corporate Bond Fund -Quarterly IDCW,111992
ICICI Prudential Dynamic Bond Fund - Growth,111996
ICICI Prudential Dynamic Bond Fund - Monthly Dividend,111997
ICICI Prudential Dynamic Bond Fund - Quarterly Dividend,111998
ICICI Prudential Dynamic Bond Fund - Premium Plus Growth,112002
ICICI Prudential Dynamic Bond Fund - Half Yearly Dividend,112005
Edelweiss Aggressive Hybrid Fund- Plan B-Growth Option,112012
Edelweiss Aggressive Hybrid Fund  - Plan B - IDCW Option,112013
Aditya Birla Sun Life Liquid Fund- Discipline Advantage Plan,112014
Aditya Birla Sun Life Savings Fund - Discipline Advantage Plan,112016
Quantum Diversified Equity All Cap Active FOF - Direct Plan IDCW,112038
Quantum Diversified Equity All Cap Active FOF - Direct Plan Growth Option,112039
UTI Money Market Fund - Regular Plan - Daily IDCW (Reinvestment),112076
UTI MMF - Regular Plan - Growth Option,112077
UTI Ultra Short Duration Fund - Discontinued - INSTN PLAN - PERIODIC DIVIDEND OPTION,112082
UTI Ultra Short Duration Fund - Discontinued - INSTN GROWTH OPTION,112083
Aditya Birla Sun Life Arbitrage Fund-Regular - IDCW,112087
Aditya BIRLA SUN LIFE ARBITRAGE FUND - REGULAR PLAN - GROWTH,112088
Kotak Flexicap Fund - Payout of Income Distribution cum capital withdrawal option,112089
Kotak Flexicap Fund - Growth,112090
Franklin Build India Fund Growth Plan,112092
Franklin Build India Fund - IDCW,112093
ICICI Prudential All Seasons Bond Fund - Premium Growth Option,112094
ICICI Prudential All Seasons Bond Fund - Growth,112096
ICICI Prudential All Seasons Bond Fund - IDCW,112097
Invesco India Largecap Fund - Regular Plan - Growth,112098
Invesco India Largecap Fund - Regular Plan - IDCW (Payout / Reinvestment),112099
Edelweiss Aggressive Hybrid Fund - Regular Plan - Growth Option,112108
Edelweiss Aggressive Hybrid Fund - Regular Plan - IDCW Option,112109
Edelweiss Balanced Advantage Fund - Regular Plan - Growth Option,112117
Edelweiss Balanced Advantage Fund - Regular Plan - Quarterly - IDCW Option,112118
ICICI Prudential Liquid Fund-Annual IDCW,112119
Invesco India Money Market Fund - Regular - Growth,112120
Invesco India Money Market Fund - Regular - Monthly IDCW (Payout / Reinvestment),112122
Invesco India Money Market Fund - Growth,112123
Invesco India Money Market Fund - Monthly IDCW (Payout / Reinvestment),112125
DSP Global Clean Energy Overseas Equity Omni FoF - Regular Plan - Growth,112126
DSP Global Clean Energy Overseas Equity Omni FoF - Regular Plan - IDCW,112127
CANARA ROBECO CONSUMER TRENDS FUND - REGULAR PLAN - GROWTH OPTION,112152
CANARA ROBECO CONSUMER TRENDS FUND - REGULAR PLAN - IDCW (Payout/Reinvestment),112153
Invesco India PSU Equity Fund - Regular Plan - Growth,112171
Invesco India PSU Equity Fund - Regular Plan - IDCW (Payout / Reinvestment),112173
Axis Liquid Fund - Regular Plan - Growth Option,112210
Axis Liquid Fund - Regular Plan - Daily IDCW,112211
Axis Liquid Fund - Regular Plan - Weekly IDCW,112212
Axis Liquid Fund - Regular Plan - Monthly IDCW,112213
Axis Treasury Advantage Fund - Regular Plan - Growth Option,112214
Axis Treasury Advantage Fund - Regular Plan - Daily IDCW,112215
Axis Treasury Advantage Fund - Regular Plan - Weekly IDCW,112216
Axis Treasury Advantage Fund - Regular Plan - Monthly IDCW,112217
Tata Value Fund - Regular Plan - Payout of IDCW-Option A(5%),112218
Axis Large Cap Fund - Regular Plan - Growth,112277
Axis Large Cap Fund - Regular Plan - IDCW,112278
DSP World Mining Overseas Equity Omni FoF - Regular Plan - Growth,112293
Franklin India Income Opportunities Fund - Growth,112304
Franklin India Income Opportunities Fund - IDCW,112305
Axis ELSS Tax Saver Fund - Regular Plan - IDCW,112322
Axis ELSS Tax Saver Fund - Regular Plan - Growth,112323
Bandhan Conservative Hybrid Passive FOF - Regular Plan - Growth,112327
Bandhan Conservative Hybrid Passive FOF - Regular Plan - IDCW,112328
Bandhan Multi-Asset Passive FOF - Regular Plan - Growth,112329
Bandhan Multi-Asset Passive FOF - Regular Plan - IDCW,112330
Bandhan Aggressive Hybrid Passive FOF - Regular Plan - IDCW,112331
Bandhan Aggressive Hybrid Passive FOF - Regular Plan - Growth,112332
NIPPON INDIA LIQUID FUND - QUARTERLY IDCW OPTION,112340
NIPPON INDIA MONEY MARKET FUND - QUARTERLY IDCW Option,112341
ICICI Prudential Banking and PSU Debt Fund - Growth,112342
ICICI Prudential Banking and PSU Debt Fund -  Daily IDCW,112343
ICICI Prudential Banking and PSU Debt Fund -  Weekly IDCW,112344
DSP World Mining Overseas Equity Omni FoF - Regular Plan - IDCW,112347
Kotak Nifty 50 ETF,112351
BANDHAN Conservative Hybrid Fund - Regular Plan - IDCW,112352
BANDHAN Conservative Hybrid Fund - Regular Plan - Growth,112353
Axis Short Duration Fund - Regular Plan - Growth Option,112354
Axis Short Duration Fund - Regular Plan - Monthly IDCW,112355
Aditya Birla Sun Life Short Term Fund - REGULAR - Quarterly IDCW,112356
BANK OF INDIA Manufacturing & Infrastructure Fund-Growth,112359
BANK OF INDIA Manufacturing & Infrastructure Fund-Quarterly IDCW,112360
BANK OF INDIA Manufacturing & Infrastructure Fund-Regular IDCW,112361
Invesco India Gold Exchange Traded Fund,112368
Axis Short Duration Fund - Regular Plan - Weekly IDCW,112369
CANARA ROBECO CONSERVATIVE HYBRID FUND - REGULAR PLAN - QUARTERLY IDCW (Payout/Reinvestment),112378
UTI Money Market Fund - Regular Plan - Weekly IDCW,112635
Navi Liquid Fund-Regular Plan-Growth Option,112636
Navi Liquid Fund - Regular Plan Daily IDCW,112645
Navi Liquid Fund - Regular Plan Weekly IDCW,112646
Navi Liquid Fund - Regular Plan Monthly IDCW,112647
Axis Liquid Fund - Retail Plan - Daily IDCW,112712
Axis Liquid Fund - Retail Plan - Growth Option,112713
Axis Liquid Fund - Retail Plan - Monthly IDCW,112714
Axis Liquid Fund - Retail Plan - Weekly IDCW,112715
Axis Treasury Advantage Fund - Retail Plan - Growth Option,112717
Axis Treasury Advantage Fund - Retail Plan - Monthly IDCW,112718
Axis Treasury Advantage Fund - Retail Plan - Weekly IDCW,112719
Axis Treasury Advantage Fund - Retail Plan - Daily IDCW,112720
Axis Short Duration Fund - Retail Plan - Growth Option,112721
Axis Short Duration Fund - Retail Plan - Weekly IDCW,112722
Axis Short Duration Fund - Retail Plan - Monthly IDCW,112723
Sundaram Conservative Hybrid Fund (Formerly Known as Sundaram Debt Oriented Hybrid Fund) Regular Plan - Income Distribution cum Capital Withdrawal (IDCW),112867
Sundaram Conservative Hybrid Fund (Formerly Known as Sundaram Debt Oriented Hybrid Fund) Regular Plan - Growth,112868
Sundaram Conservative Hybrid Fund (Formerly Known as Sundaram Debt Oriented Hybrid Fund) Regular Plan- Income Distribution cum Capital Withdrawal (IDCW),112869
Sundaram Conservative Hybrid Fund (Formerly Known as Sundaram Debt Oriented Hybrid Fund) Regular Plan -Income Distribution cum Capital Withdrawal (IDCW),112870
BANDHAN Nifty 50 Index Fund - Regular Plan - Growth,112877
BANDHAN Nifty 50 Index Fund - Regular Plan - IDCW,112878
DSP Focused Fund - Regular Plan - Growth,112901
SBI PSU Fund - Regular Plan - Income Distribution cum Capital Withdrawal Option (IDCW),112923
Axis Conservative Hybrid Fund - Regular Plan - Growth Option,112924
Axis Conservative Hybrid Fund - Regular Plan - Quarterly IDCW,112925
Axis Conservative Hybrid Fund - Regular Plan - Half Yearly IDCW,112926
Axis Conservative Hybrid Fund - Regular Plan - Annual IDCW,112927
Mirae Asset Large & Midcap Fund - Regular Plan - IDCW,112931
Mirae Asset Large & Midcap Fund - Regular Plan - Growth,112932
Nippon India Aggressive Hybrid Fund - Growth Plan,112936
NIPPON INDIA AGGRESSIVE HYBRID FUND - IDCW Option,112937
Nippon India Credit Risk Fund  - Growth Plan,112938
Nippon India Credit Risk Fund  - Institutional Growth Plan,112939
NIPPON INDIA CREDIT RISK FUND - QUARTERLY IDCW Option,112941
NIPPON INDIA FLOATER FUND - QUARTERLY IDCW Option,112942
Taurus Nifty 50 Index Fund - Regular Plan - Growth,112948
Taurus Nifty 50 Index Fund - Regular Plan - Payout of Income Distribution cum Capital Withdrawal option,112949
ICICI Prudential Nifty Next 50 Index Fund - Growth,112957
ICICI Prudential Nifty Next 50 Index Fund -IDCW,112958
DSP Focused Fund - Regular Plan - IDCW,113032
Baroda BNP Paribas Short Duration Fund - Regular Plan - Growth Option,113036
Baroda BNP Paribas Short Duration Fund - Regular Plan - Monthly IDCW Option,113037
HDFC Short Term  Debt Fund - Growth Option,113047
HDFC Short Term  Debt Fund - Fortnightly IDCW Option,113048
HDFC Gold ETF - Growth Option,113049
ICICI Prudential Dynamic Bond Fund - Daily Dividend,113055
Axis Multi Asset Allocation Fund - Regular Plan - Growth Option,113064
Axis Multi Asset Allocation Fund - Regular Plan - Monthly IDCW,113065
Motilal Oswal Nifty 50 ETF,113069
HDFC Corporate Bond Fund - Growth Option,113070
HDFC Corporate Bond Fund - Quarterly IDCW Option,113071
ICICI Prudential Gold ETF,113076
UTI Dynamic Bond Fund - Regular Plan - Growth Option,113077
UTI Dynamic Bond Fund - Regular Plan - Quarterly IDCW,113078
ICICI Prudential Medium Term Bond Fund Plan A - Weekly Dividend,113080
ICICI Prudential Regular Savings Fund - Plan - Quarterly IDCW,113097
ICICI Prudential Regular Savings Fund - Plan - Half Yearly IDCW,113098
SBI PSU Fund - REGULAR PLAN -Growth,113099
Tata Aggressive Hybrid Fund- Regular Plan - Monthly Payout of IDCW Option,113134
Franklin India Low Duration Fund - Growth Plan,113135
ICICI Prudential Medium Term Bond Fund Plan C - Quarterly Dividend,113136
ICICI Prudential Medium Term Bond Fund - Quarterly IDCW,113137
ICICI Prudential Medium Term Bond Fund Plan B - Quarterly Dividend,113138
CANARA ROBECO SAVINGS FUND - REGULAR PLAN - MONTHLY IDCW (Payout/Reinvestment),113144
DSP Small Cap Fund - Regular - IDCW,113153
Bandhan Medium Duration Fund - Regular Plan - Quarterly IDCW,113169
Nippon India Small Cap Fund - Growth Plan - Growth Option,113177
Nippon India Small Cap Fund - Growth Plan - Bonus Option,113178
NIPPON INDIA SMALL CAP FUND - IDCW Option,113179
ICICI Prudential All Seasons Bond Fund - Annual IDCW,113218
ICICI Prudential All Seasons Bond Fund Retail - Annual Dividend,113220
CANARA ROBECO LARGE CAP FUND - REGULAR PLAN - GROWTH OPTION,113221
CANARA ROBECO LARGE CAP FUND - REGULAR PLAN - IDCW (Payout/Reinvestment),113222
ICICI Prudential Banking and PSU Debt Fund Retail Growth,113242
ICICI Prudential Banking and PSU Debt Fund Retail Weekly Dividend,113243
ICICI Prudential Banking and PSU Debt Fund Retail Daily Dividend,113247
Nippon India Index Fund - BSE Sensex Plan - Growth Plan - Growth Option,113269
Nippon India Index Fund - BSE Sensex Plan - Growth Plan - Bonus Option,113270
NIPPON INDIA INDEX FUND - BSE SENSEX PLAN - QUARTERLY - IDCW Option,113271
NIPPON INDIA INDEX FUND - BSE SENSEX PLAN - HALF YEARLY - IDCW Option,113294
NIPPON INDIA INDEX FUND - BSE SENSEX PLAN - ANNUAL - IDCW Option,113295
Nippon India Index Fund - Nifty 50 Plan - Growth Plan - Growth Option,113296
Nippon India Index Fund - Nifty 50 Plan - Growth Plan - Bonus Option,113297
NIPPON INDIA INDEX FUND - NIFTY 50 PLAN - QUARTERLY - IDCW Option,113298
NIPPON INDIA INDEX FUND - NIFTY 50 PLAN - HALF YEARLY - IDCW Option,113299
NIPPON INDIA INDEX FUND - NIFTY 50 PLAN - ANNUAL - IDCW Option,113300
Aditya Birla Sun Life Low Duration Fund -Regular - DAILY IDCW,113307
Nippon India Arbitrage Fund - Growth Plan - Growth Option,113345
NIPPON INDIA ARBITRAGE FUND - IDCW Option,113346
BANDHAN Conservative Hybrid Fund - Regular Plan - Quarterly IDCW,113361
Sundaram Consumption Fund (Formerly Known as Sundaram Rural and Consumption Fund Institutional Plan - Income Distribution cum Capital Withdrawal (IDCW),113373
ICICI Prudential All Seasons Bond Fund - Quarterly IDCW,113403
ICICI Prudential All Seasons Bond Fund Retail - Quarterly Dividend,113417
Axis Gold ETF,113434
ICICI Prudential Blended Plan B - Daily Dividend Option - I,114238
ICICI Prudential Credit Risk Fund - Growth,114239
ICICI Prudential Credit Risk Fund - Quarterly IDCW,114240
ICICI Prudential Credit Risk Fund - Half Yearly IDCW,114241
Reliance Liquid Fund-Cash Plan-Monthly Dividend Plan,114251
Reliance Liquid Fund-Cash Plan-Quarterly Dividend Plan,114252
SBI Overnight Fund - Regular Plan - Daily Income Distribution cum Capital Withdrawal Option (IDCW),114297
SBI Savings Fund - Regular Plan Daily Income Distribution cum Capital Withdrawal Option (IDCW),114348
Invesco India Ultra Short Duration Fund - Regular Plan - Growth,114359
Invesco India Ultra Short Duration Fund - Regular Plan - Quarterly IDCW (Payout / Reinvestment),114360
Invesco India Ultra Short Duration Fund - Regular Plan - Annual IDCW (Payout / Reinvestment),114361
Invesco India Ultra Short Duration Fund - Regular Plan - Monthly IDCW (Payout / Reinvestment),114362
ICICI Prudential Blended Plan B -  Monthly Dividend Option - I,114376
Motilal Oswal Nifty Midcap 100 ETF,114456
Kotak Large Cap Fund - Payout of Income Distribution cumcapital withdrawal option,114457
Kotak Large Cap Fund - Growth,114458
BANDHAN Infrastructure Fund - Regular Plan - Growth,114476
BANDHAN Infrastructure Fund - Regular Plan - IDCW,114477
Axis Midcap Fund - Regular Plan - Growth,114564
Axis Midcap Fund - Regular Plan - IDCW,114565
Nippon India Gold Savings Fund-Growth plan- Growth Option,114616
NIPPON INDIA GOLD SAVINGS FUND - IDCW Option,114617
Kotak Gold Fund Payout of Income Distribution cum capital withdrawal option,114757
Kotak Gold Fund Growth,114758
Kotak Debt Hybrid - Monthly Payout of Income Distribution cum capital withdrawal option,114858
Kotak Debt Hybrid - Growth,114859
ICICI Prudential Interval Fund II Quarterly Interval Plan D - Quarterly Dividend Payout,114929
Mirae Asset Great Consumer Fund Regular IDCW,114930
Mirae Asset Great Consumer Fund - Regular Plan - Growth option,114931
Motilal Oswal Nasdaq 100 ETF (MOFN100),114984
ICICI Prudential Interval Fund Quarterly Interval Plan - II Retail Quarterly Dividend Payout,115022
Axis Dynamic Bond Fund - Regular Plan - Growth Option,115068
Axis Dynamic Bond Fund - Regular Plan - Quarterly IDCW,115069
CANARA ROBECO SHORT DURATION FUND - REGULAR PLAN - GROWTH OPTION,115077
CANARA ROBECO SHORT DURATION FUND - REGULAR PLAN - MONTHLY IDCW (Payout/Reinvestment),115078
CANARA ROBECO SHORT DURATION FUND - REGULAR PLAN - QUARTERLY IDCW (Payout/Reinvestment),115079
JM Short Term Fund - Regular Plan - Daily Dividend Option,115090
ICICI Prudential Ultra Short Term Fund - Quarterly IDCW,115091
ICICI Prudential Ultra Short Term Fund - Growth,115092
ICICI Prudential Ultra Short Term Fund - Half Yearly IDCW,115093
ICICI Prudential Ultra Short Term Fund - Monthly IDCW,115094
JM Short Term Fund - Daily Dividend Option,115103
HSBC Brazil Fund-Growth,115116
HSBC Brazil Fund - IDCW,115117
Aditya Birla Sun Life Gold ETF,115127
Axis Dynamic Bond Fund - Regular Plan - Half Yearly IDCW,115131
Quantum Gold Savings Fund - Direct Plan Growth Option,115132
ICICI Prudential Multi-Asset Fund- Institutional Growth Option,115269
Union Flexi Cap Fund - Growth Option,115270
Invesco India Nifty 50 Exchange Traded Fund,115284
Union Flexi Cap Fund - IDCW Option,115290
ICICI Prudential Technology Fund - IDCW,115294
ICICI Prudential Money Market Fund Dividend,115328
Union Liquid Fund - Growth Option,115398
Union Liquid Fund - Fortnightly IDCW Option,115399
Union Liquid Fund - Monthly IDCW Option,115400
Union Liquid Fund - Daily IDCW Option,115401
Union Liquid Fund - Weekly IDCW Option,115402
Invesco India Low Duration Fund - Discretionary IDCW (Payout / Reinvestment),115458
Tata Treasury Advantage Fund Regular Plan - Periodic Payout of IDCW Option,115464
UTI Low Duration Fund - Regular Plan - Quarterly IDCW,115483
BANDHAN LIQUID Fund - Regular Plan - Periodic IDCW,115489
ICICI Prudential Liquid Fund - IDCW Others,115505
ICICI Prudential Floating Interest Fund - IDCW Others,115510
ICICI Prudential Savings Fund - IDCW Others,115511
Aditya Birla Sun Life Nifty 50 ETF,115512
Invesco India Money Market Fund - Daily IDCW (Reinvestment),115515
SBI GOLD FUND REGULAR PLAN - GROWTH,115676
SBI Gold Fund - Regular Plan - Income Distribution cum Capital Withdrawal Option (IDCW),115677
ICICI Prudential Interval Fund Quarterly Interval Plan - 1 Retail Quarterly Dividend Payout,115763
ICICI Prudential Gold ETF FOF - Growth,115833
ICICI Prudential Gold ETF FOF - IDCW,115834
Bandhan Income Plus Arbitrage Active FOF - Regular Plan - Fortnightly IDCW,115874
Axis Gold Fund - Regular Plan - Growth Option,115897
Axis Gold Fund - Regular Plan - IDCW,115898
ICICI Prudential Interval Fund II Quarterly Interval Plan F Retail Quarterly Dividend Payout,115927
HDFC Gold ETF Fund of Fund - Growth Option,115934
Tata Retirement Savings Fund - Progressive Plan -Regular Plan-Growth Option,115942
Tata Retirement Savings Fund- Moderate Plan-Regular Plan-Growth Option,115943
Tata Retirement Savings Fund- Conservative Plan-Regular Plan-Growth Option,115944
Groww Liquid Fund (formerly known as Indiabulls Liquid Fund) - Regular Plan - Growth Option,115991
Groww Liquid Fund (formerly known as Indiabulls Liquid Fund)- Regular Plan- - Income Distribution cum capital withdrawal Option (Reinvestment),115992
Groww Liquid Fund (formerly known as Indiabulls Liquid Fund)- Regular Plan- Weekly - Income Distribution cum capital withdrawal Option (Payout & Reinvestment),115993
Groww Liquid Fund (formerly known as Indiabulls Liquid) Fund- Regular Plan- Fortnightly - Income Distribution cum capital withdrawal Option (Payout & Reinvestment),115994
Groww Liquid Fund (formerly known as Indiabulls Liquid Fund)- Regular Plan- Monthly - Income Distribution cum capital withdrawal Option (Payout & Reinvestment),115995
BANDHAN Low Duration Fund - Regular Plan - Periodic IDCW,116020
Union ELSS Tax Saver Fund - Growth Option,116051
Union ELSS Tax Saver Fund - IDCW Option,116052
Invesco India Gold ETF Fund of Fund - Regular Plan - IDCW (Payout / Reinvestment),116075
Invesco India Gold ETF Fund of Fund - Regular Plan - Growth,116077
Invesco India Corporate Bond Fund - Regular Plan - Discretionary IDCW (Payout / Reinvestment),116109
Invesco India Short Duration Fund- Regular Plan - Discretionary IDCW (Payout / Reinvestment),116110
Franklin India Credit Risk Fund - Growth,116153
Franklin India Credit Risk Fund - IDCW,116154
ICICI Prudential Banking and PSU Debt Fund - Quarterly IDCW,116174
BANDHAN Low Duration Fund - Regular Plan - Quarterly IDCW,116413
Axis Gilt Fund - Regular Plan - Regular IDCW,116470
Axis Gilt Fund - Regular Plan - Growth Option,116471
Axis Gilt Fund - Regular Plan - Half Yearly IDCW,116472
PGIM India Dynamic Bond Fund - Dividend Option - Monthly,116483
PGIM India Dynamic Bond Fund - Dividend Option - Quarterly,116484
PGIM India Dynamic Bond Fund - Growth Option,116485
Invesco India Money Market Fund - Regular Plan - Daily IDCW (Reinvestment),116488
Groww Largecap Fund (formerly known as Indiabulls Blue Chip Fund) - Regular Plan- Growth Option,116547
Groww Largecap Fund (formerly known as Indiabulls Bluechip Fund)- Regular Plan- - Income Distribution cum capital withdrawal Option (Payout & Reinvestment),116548
Union Dynamic Bond Fund - Growth Option,116555
Union Dynamic Bond Fund - IDCW Option,116556
Franklin U.S. Opportunities Equity Active Fund of Funds - IDCW,116632
Franklin U.S. Opportunities Equity Active Fund of Funds - Growth,116633
Invesco India Money Market Fund - Discretionary IDCW (Payout / Reinvestment),116653
Aditya Birla Sun Life Gold Fund-REGULAR - IDCW,116795
Aditya Birla Sun Life Gold Fund-Growth,116796
Baroda BNP Paribas Liquid Fund - Regular - Weekly IDCW Option,116803
Axis Strategic Bond Fund - Regular Plan - Growth Option,116894
Axis Strategic Bond Fund - Regular Plan - Quarterly IDCW,116895
Axis Strategic Bond Fund - Regular Plan - Half Yearly IDCW,116896
DSP Credit Risk Fund - Regular Plan - IDCW - Monthly,117061
DSP Credit Risk Fund - Regular Plan - IDCW - Quarterly,117062
DSP Ultra Short Fund - Regular Plan - IDCW - Monthly,117063
Taurus Banking & Financial Services Fund - Regular Plan - Growth,117312
Taurus Banking & Financial Services Fund - Regular Plan - Payout of Income Distribution cum Capital Withdrawal option,117313
ICICI Prudential Medium Term Bond Fund - Half Yearly IDCW,117330
ICICI Prudential Interval Fund II Quarterly Interval Plan A - Retail Quarterly Dividend Payout,117368
Axis Banking & PSU Debt Fund - Regular Plan - Growth option,117446
Axis Banking & PSU Debt Fund - Regular Plan - Daily IDCW,117447
Axis Banking & PSU Debt Fund - Regular Plan - Weekly IDCW,117448
Axis Banking & PSU Debt Fund - Regular Plan - Monthly IDCW,117449
Baroda BNP Paribas Banking and Financial Services Fund - Regular - IDCW Option,117547
Baroda BNP Paribas Banking and Financial Services Fund - Regular - Growth Option,117549
Axis Focused Fund - Regular Plan - IDCW,117559
Axis Focused Fund - Regular Plan - Growth Option,117560
Quantum Multi Asset Active FOF - Direct Plan Growth Option,117608
ICICI Prudential US Bluechip Equity Fund - IDCW,117619
ICICI Prudential US Bluechip Equity Fund - Growth,117620
DSP US Specific Equity Omni FoF - Regular Plan - Growth Option,117691
DSP US Specific Equity Omni FoF - Regular Plan - IDCW,117692
ICICI Prudential Medium Term Bond Fund Plan B - Half Yearly Dividend,117706
Kotak Credit Risk Fund - Regular Plan - Standard Income Distribution cum capital withdrawal option,117715
Kotak Credit Risk Fund - Growth,117716
Bandhan Income Plus Arbitrage Active FOF - Regular Plan - Weekly IDCW,117867
Bandhan Income Plus Arbitrage Active FOF - Regular Plan - Daily IDCW,117868
Invesco India Short Duration Fund - Regular Plan - Daily IDCW (Reinvestment),117973
NIPPON INDIA DYNAMIC BOND FUND - QUARTERLY IDCW Option,117974
UTI Credit Risk Fund  - Regular Plan - Growth Option,117981
UTI Credit Risk Fund - Regular Plan - Quarterly IDCW,117982
DSP Ultra Short Fund - Regular Plan - IDCW - Payout,117995
Kotak Dynamic Bond Fund Regular Plan - Standard Income Distribution cum capital withdrawal option,117998
ICICI Prudential Gilt Fund Investment Plan PF Option - Half Yearly Dividend,118019
ICICI Prudential Gilt Fund Treasury Plan PF Option - Quarterly Dividend,118022
ICICI Prudential Gilt Fund Treasury Plan PF Option - Half Yearly Dividend,118023
ICICI Prudential Interval Fund II Quarterly Interval Plan B - Quarterly Dividend Payout,118037
SBI Credit Risk Fund - Regular Plan - Daily Income Distribution cum Capital Withdrawal Option (IDCW),118211
Invesco India Banking and PSU Fund - Regular Plan - Growth Option,118232
Invesco India Banking and PSU Fund - Regular Plan - Monthly IDCW (Payout / Reinvestment),118233
Invesco India Banking and PSU Fund - Regular Plan - Daily IDCW (Reinvestment),118234
ICICI Prudential Interval Fund II Quarterly Interval Plan C- Institutional Quarterly Dividend Payout,118235
CANARA ROBECO INFRASTRUCTURE FUND - DIRECT PLAN - GROWTH OPTION,118267
CANARA ROBECO INFRASTRUCTURE FUND - DIRECT PLAN - IDCW (Payout/Reinvestment),118268
CANARA ROBECO LARGE CAP FUND - DIRECT PLAN - GROWTH OPTION,118269
CANARA ROBECO LARGE CAP FUND - DIRECT PLAN - IDCW (Payout/Reinvestment),118270
CANARA ROBECO EQUITY HYBRID FUND - DIRECT PLAN - MONTHLY IDCW (Payout/Reinvestment),118271
CANARA ROBECO EQUITY HYBRID FUND - DIRECT PLAN - GROWTH OPTION,118272
CANARA ROBECO CONSUMER TRENDS FUND - DIRECT PLAN - GROWTH OPTION,118273
CANARA ROBECO CONSUMER TRENDS FUND - DIRECT PLAN - IDCW (Payout/Reinvestment),118274
CANARA ROBECO FLEXICAP FUND - DIRECT PLAN - GROWTH OPTION,118275
CANARA ROBECO FLEXICAP FUND - DIRECT PLAN - IDCW (Payout/Reinvestment),118276
CANARA ROBECO LARGE AND MID CAP FUND - DIRECT PLAN - IDCW (Payout/Reinvestment),118277
CANARA ROBECO LARGE AND MID CAP FUND - DIRECT PLAN - GROWTH OPTION,118278
CANARA ROBECO INCOME FUND - DIRECT PLAN - QUARTERLY IDCW (Payout/Reinvestment),118281
CANARA ROBECO INCOME FUND - DIRECT PLAN - GROWTH OPTION,118282
CANARA ROBECO DYNAMIC BOND FUND - DIRECT PLAN - IDCW (Payout/Reinvestment),118283
CANARA ROBECO DYNAMIC BOND FUND - DIRECT PLAN - GROWTH OPTION,118284
CANARA ROBECO ELSS TAX SAVER - DIRECT PLAN - GROWTH OPTION,118285
CANARA ROBECO ELSS TAX SAVER - DIRECT PLAN - IDCW (Payout),118286
CANARA ROBECO SAVINGS FUND - DIRECT PLAN - GROWTH OPTION,118291
CANARA ROBECO SAVINGS FUND - DIRECT PLAN - IDCW (Payout/Reinvestment),118292
CANARA ROBECO SAVINGS FUND - DIRECT PLAN - DAILY IDCW (Reinvestment),118293
CANARA ROBECO SAVINGS FUND - DIRECT PLAN - WEEKLY IDCW (Payout/Reinvestment),118294
CANARA ROBECO SAVINGS FUND - DIRECT PLAN - MONTHLY IDCW (Payout/Reinvestment),118295
CANARA ROBECO GILT FUND - DIRECT PLAN - IDCW (Payout/Reinvestment),118298
CANARA ROBECO GILT FUND - DIRECT PLAN - GROWTH OPTION,118299
CANARA ROBECO LIQUID FUND - DIRECT PLAN - IDCW (Payout/Reinvestment),118304
CANARA ROBECO LIQUID FUND - DIRECT PLAN - GROWTH OPTION,118305
CANARA ROBECO LIQUID FUND - DIRECT PLAN - MONTHLY IDCW (Payout/Reinvestment),118306
CANARA ROBECO LIQUID FUND - DIRECT PLAN - DAILY IDCW (Reinvestment),118307
CANARA ROBECO LIQUID FUND - DIRECT PLAN - WEEKLY IDCW (Payout/Reinvestment),118308
CANARA ROBECO CONSERVATIVE HYBRID FUND - DIRECT PLAN - GROWTH OPTION,118309
CANARA ROBECO CONSERVATIVE HYBRID FUND - DIRECT PLAN - QUARTERLY IDCW (Payout/Reinvestment),118310
CANARA ROBECO CONSERVATIVE HYBRID FUND - DIRECT PLAN - MONTHLY IDCW (Payout/Reinvestment),118311
CANARA ROBECO ULTRA SHORT TERM FUND - DIRECT PLAN - DAILY IDCW (Reinvestment),118315
CANARA ROBECO ULTRA SHORT TERM FUND - DIRECT PLAN - WEEKLY IDCW (Payout/Reinvestment),118316
CANARA ROBECO ULTRA SHORT TERM FUND - DIRECT PLAN - GROWTH OPTION,118317
CANARA ROBECO ULTRA SHORT TERM FUND - DIRECT PLAN - MONTHLY IDCW (Payout/Reinvestment),118318
CANARA ROBECO ULTRA SHORT TERM FUND - DIRECT PLAN - IDCW (Payout/Reinvestment),118319
CANARA ROBECO SHORT DURATION FUND - DIRECT PLAN - GROWTH OPTION,118320
CANARA ROBECO SHORT DURATION FUND - DIRECT PLAN - MONTHLY IDCW (Payout/Reinvestment),118321
CANARA ROBECO SHORT DURATION FUND - DIRECT PLAN - QUARTERLY IDCW (Payout/Reinvestment),118322
Sundaram Banking & PSU Fund (Formerly Known as Sundaram Banking and PSU Debt Fund) Regular Plan - Bonus,118326
BANDHAN LIQUID Fund -Direct Plan-Periodic IDCW,118363
BANDHAN LIQUID Fund -Direct Plan-Growth,118364
BANDHAN LIQUID Fund -Direct Plan -Monthly IDCW,118365
BANDHAN LIQUID Fund -Direct Plan-Daily IDCW,118366
BANDHAN LIQUID Fund -Direct Plan -Weekly IDCW,118367
BANDHAN Low Duration Fund-Direct Plan-Daily IDCW,118368
BANDHAN Low Duration Fund-Direct Plan-Quarterly IDCW,118369
BANDHAN Low Duration Fund-Direct Plan-Periodic IDCW,118370
BANDHAN Low Duration Fund-Direct Plan-Growth,118371
BANDHAN Low Duration Fund-Direct Plan-Monthly IDCW,118372
BANDHAN Low Duration Fund-Direct Plan-Weekly IDCW,118373
Bandhan Money Market Fund -Direct Plan-Daily IDCW,118383
Bandhan Money Market Fund -Direct Plan-Growth,118384
Bandhan Money Market Fund -Direct Plan-Monthly IDCW,118385
Bandhan Money Market Fund -Direct Plan-Weekly IDCW,118386
Bandhan Gilt Fund with 10 year constant duration Fund - Direct Plan - Growth,118387
Bandhan Gilt Fund with 10 year constant duration Fund - Direct Plan - Quarterly IDCW,118388
Bandhan Gilt Fund with 10 year constant duration Fund - Direct Plan - Weekly IDCW,118389
Bandhan Gilt Fund with 10 year constant duration Fund - Direct Plan - Monthly IDCW,118390
Bandhan Medium to Long Duration Fund - Direct Plan - Annual IDCW,118393
Bandhan Medium to Long Duration Fund - Direct Plan - Growth,118394
Bandhan Medium to Long Duration Fund - Direct Plan - Half Yearly IDCW,118395
Bandhan Medium to Long Duration Fund - Direct Plan - Quarterly IDCW,118396
Bandhan Medium Duration Fund - Direct Plan - Bi Monthly IDCW,118399
Bandhan Medium Duration Fund - Direct Plan - Daily IDCW,118400
Bandhan Medium Duration Fund - Direct Plan - Growth,118401
Bandhan Medium Duration Fund - Direct Plan - Monthly IDCW,118402
Bandhan Medium Duration Fund - Direct Plan - Quarterly IDCW,118403
Bandhan Medium Duration Fund - Direct Plan - Fortnightly IDCW,118404
Bandhan Short Duration Fund - Direct Plan - Fortnightly IDCW,118405
Bandhan Short Duration Fund - Direct Plan - Monthly IDCW,118406
Bandhan Short Duration Fund - Direct Plan - Growth,118407
Bandhan Income Plus Arbitrage Active FOF - Direct Plan - Annual IDCW,118408
Bandhan Income Plus Arbitrage Active FOF - Direct Plan - Daily IDCW,118409
Bandhan Income Plus Arbitrage Active FOF - Direct Plan - Growth,118410
Bandhan Income Plus Arbitrage Active FOF - Direct Plan - Half Yearly IDCW,118411
Bandhan Income Plus Arbitrage Active FOF - Direct Plan - Weekly IDCW,118412
Bandhan Income Plus Arbitrage Active FOF - Direct Plan - Quarterly IDCW,118413
Bandhan Income Plus Arbitrage Active FOF - Direct Plan - Fortnightly IDCW,118414
BANDHAN Dynamic Bond Fund-Direct Plan-Annual IDCW,118415
BANDHAN Dynamic Bond Fund-Direct Plan-Growth,118416
BANDHAN Dynamic Bond Fund-Direct Plan-IDCW,118417
BANDHAN Dynamic Bond Fund-Direct Plan-Quarterly IDCW,118418
Bandhan Large & Mid Cap Fund - Direct Plan - Growth,118419
Bandhan Large & Mid Cap Fund - Direct Plan - IDCW,118420
Bandhan Focused Fund - Direct Plan - Growth,118421
Bandhan Focused Fund - Direct Plan - IDCW,118422
BANDHAN Flexi Cap Fund-Direct Plan-IDCW,118423
BANDHAN Flexi Cap Fund-Direct Plan-Growth,118424
Franklin India Large Cap Fund - Direct - IDCW,118462
Bandhan Gilt Fund - Direct Plan - IDCW,118463
Bandhan Gilt Fund - Direct Plan - Growth,118464
Bandhan Gilt Fund - Direct Plan - Half Yearly IDCW,118465
Bandhan Gilt Fund - Direct Plan - Quarterly IDCW,118466
Bandhan Gilt Fund - Direct Plan - Annual IDCW,118467
BANDHAN Infrastructure Fund-Direct Plan-IDCW,118468
BANDHAN Infrastructure Fund-Direct Plan-Growth,118469
BANDHAN ELSS Tax Saver Fund - Direct Plan - IDCW,118472
BANDHAN ELSS Tax Saver Fund - Direct Plan - Growth,118473
BANDHAN Arbitrage Fund-Direct Plan- Growth,118474
BANDHAN Arbitrage Fund-Direct Plan-Monthly IDCW,118475
BANDHAN Equity Savings Fund-Direct Plan-Monthly IDCW,118476
BANDHAN Equity Savings Fund-Direct Plan-Growth,118477
BANDHAN Large Cap Fund-Direct Plan-IDCW,118478
BANDHAN Large Cap Fund-Direct Plan-Growth,118479
Bandhan Value Fund - Direct Plan - IDCW,118480
Bandhan Value Fund - Direct Plan - Growth,118481
BANDHAN Nifty 50 Index Fund-Direct Plan-Growth,118482
BANDHAN Nifty 50 Index Fund-Direct Plan-IDCW,118483
Bandhan Aggressive Hybrid Passive FOF - Direct Plan - IDCW,118484
Bandhan Aggressive Hybrid Passive FOF - Direct Plan - Growth,118485
Bandhan Conservative Hybrid Passive FOF - Direct Plan - Growth,118486
Bandhan Conservative Hybrid Passive FOF - Direct Plan - IDCW,118487
Bandhan Multi-Asset Passive FOF - Direct Plan - IDCW,118488
Bandhan Multi-Asset Passive FOF - Direct Plan - Growth,118489
BANDHAN Conservative Hybrid Fund-Direct Plan-IDCW,118490
BANDHAN Conservative Hybrid Fund-Direct Plan-Growth,118491
BANDHAN Conservative Hybrid Fund-Direct Plan-Quarterly IDCW,118492
Templeton India Value Fund - Direct - IDCW,118493
Templeton India Value Fund - Direct - Growth,118494
Franklin India Dynamic Accrual Fund - Direct - Growth,118495
Franklin India Dynamic Accrual Fund - Direct - IDCW,118496
Franklin India Government Securities Fund - Direct - IDCW,118497
Franklin India Government Securities Fund - Direct - Growth,118498
Franklin India Money Market Fund Retail Option - Direct - Quarterly - IDCW,118505
Franklin India Money Market Fund - Direct - Growth,118506
Franklin India Floating Rate Fund - Direct - IDCW,118507
Franklin India Floating Rate Fund - Direct - Growth,118508
Franklin India Large & Mid cap Fund - Direct - IDCW,118509
Franklin India Large & Mid Cap Fund - Direct - Growth,118510
Franklin India Life Stage Fund of Funds - 20's Plan - Direct - IDCW,118511
Franklin INDIA LIFE STAGE FUND OF FUNDS - THE 20S PLAN - Direct - Growth,118512
Franklin India Life Stage Fund of Funds - 30's Plan - Direct - IDCW,118513
Franklin India Life Stage Fund of Funds - The 30s Plan - Direct - Growth,118514
Franklin India Life Stage Fund of Funds - 40's Plan - Direct - IDCW,118515
Franklin India Life Stage Fund of Funds - The 40s Plan - Direct - Growth,118516
Franklin India Life Stage Fund of Funds - 50's Plus Plan - Direct - IDCW,118517
Franklin India Life Stage Fund of Funds - The 50s Plus - Direct - Growth,118518
Franklin India Life Stage Fund Of Funds - The 50S Plus Floating Rate Plan - Direct - Growth,118519
Franklin India Life Stage Fund of Funds - 50's Plus Floating Rate Plan - Direct - IDCW,118520
Franklin India Small Cap Fund - Direct - IDCW,118524
Franklin India Small Cap Fund - Direct - Growth,118525
Franklin India Dividend Yield Fund - Direct - IDCW,118526
Franklin India Dividend Yield Fund - Direct - Growth,118527
Franklin India Low Duration Fund - Direct - Monthly - IDCW,118528
Franklin India Low Duration Fund - Direct - Quarterly - IDCW,118529
Franklin India Low Duration Fund - Direct - Growth,118530
Franklin India Large Cap Fund- Direct - Growth,118531
Franklin India Mid Cap Fund - Direct - IDCW,118532
Franklin India Mid Cap Fund - Direct - Growth,118533
Franklin India Flexi Cap Fund - Direct - IDCW,118534
Franklin India Flexi Cap Fund - Direct - Growth,118535
Franklin India Technology Fund - Direct - IDCW,118536
Franklin India Technology Fund - Direct - Growth,118537
Franklin INDIA OPPORTUNITIES FUND - Direct - IDCW,118538
Franklin India Opportunities Fund - Direct - Growth,118539
Franklin India ELSS Tax Saver Fund - Direct - Growth,118540
Franklin India ELSS Tax Saver Fund - Direct - IDCW,118541
Franklin India Dynamic Asset Allocation Active Fund of funds - Direct - IDCW,118542
Franklin India Dynamic Asset Allocation Active Fund Of Funds - Direct - Growth,118543
Franklin India Aggressive Hybrid Fund - Direct - Growth,118546
Franklin India Aggressive Hybrid Fund - Direct - IDCW,118547
Franklin India Retirement Fund - Direct - Growth,118548
Franklin India Retirement Fund - Direct - IDCW,118549
Franklin U.S. Opportunities Equity Active Fund of Funds - Direct - IDCW,118550
Franklin U.S. Opportunities Equity Active Fund of Funds - Direct - Growth,118551
Franklin India Credit Risk Fund - Direct - IDCW,118552
Franklin India Credit Risk Fund - Direct - Growth,118553
Franklin India Income Opportunities Fund - Direct - Growth,118554
Franklin India Income Opportunities Fund - Direct - IDCW,118555
Franklin Build India Fund - Direct - IDCW,118556
Franklin Build India Fund - Direct - Growth,118557
Franklin Asian Equity Fund - Direct - IDCW,118558
Franklin Asian Equity Fund - Direct - Growth,118559
Franklin India Ultra Short Bond Fund - Super Institutional Plan - Direct - Growth,118560
Franklin India Ultra Short Bond Fund Super Institutional Plan - Direct - Daily - IDCW,118561
Franklin India Ultra Short Bond Fund Super Institutional Plan - Direct - Weekly - IDCW,118562
Franklin India Focused Equity Fund - Direct - IDCW,118563
Franklin India Focused Equity Fund - Direct - Growth,118564
Franklin India SHORT TERM INCOME PLAN - Direct - GROWTH,118565
Franklin India Short Term Income Plan -  Retail Plan - Direct - Quarterly - IDCW,118566
Franklin India Short Term Income Plan -  Retail Plan - Direct - Monthly - IDCW,118567
Franklin India Short Term Income Plan -  Retail Plan - Direct - Weekly - IDCW,118568
Franklin India Corporate Debt Fund - Direct - GROWTH,118569
Franklin India Corporate Debt Fund - Plan A - Direct - Annual - IDCW,118570
Franklin India Corporate Debt Fund - Plan A - Direct - Monthly - IDCW,118571
Franklin India Corporate Debt Fund - Plan A - Direct - Quarterly - IDCW,118572
Franklin India Corporate Debt Fund - Plan A - Direct - Half yearly - IDCW,118573
Franklin India Conservative Hybrid Fund - Direct - GROWTH,118574
Franklin India Conservative Hybrid Fund - Plan A - Direct - Monthly - IDCW,118575
Franklin India Conservative Hybrid Fund - Plan A - Direct - Quarterly - IDCW,118576
Franklin India Liquid Fund - Super Institutional - Direct - Growth,118577
Franklin India Liquid Fund - Super Institutional Plan - Direct - Daily - IDCW,118578
Franklin India Liquid Fund - Super Institutional Plan - Direct - Weekly - IDCW,118579
Franklin India INDEX FUND- NSE Nifty 50 Index Fund - Direct - IDCW,118580
Franklin India INDEX FUND- NSE NIFTY 50 INDEX FUND- Direct - Growth,118581
Nippon India Arbitrage Fund - Direct Plan Growth Plan - Growth Option,118585
NIPPON INDIA ARBITRAGE FUND - DIRECT Plan - IDCW Option,118587
Nippon India Banking & Financial Services Fund - Direct Plan Growth Plan - Bonus Option,118588
Nippon India Banking & Financial Services Fund - Direct Plan Growth Plan - Growth Option,118589
Nippon India Banking & Financial Services Fund- DIRECT Plan - IDCW Option,118591
Edelweiss Balanced Advantage Fund - Direct Plan - Quarterly - IDCW Option,118614
Edelweiss Balanced Advantage Fund -Direct Plan-Growth Option,118615
Edelweiss Large Cap Fund - Direct Plan - IDCW Option,118616
Edelweiss Large Cap Fund - Direct Plan-Growth option,118617
Edelweiss ELSS Tax Saver Fund - Direct Plan - IDCW Option,118619
Edelweiss ELSS Tax Saver Fund - Direct Plan-Growth Option,118620
Edelweiss Aggressive Hybrid Fund-Direct Plan-Growth Option,118624
Edelweiss Aggressive Hybrid Fund  - Direct Plan - IDCW Option,118625
Nippon India Large Cap Fund - Direct Plan Growth Plan - Growth Option,118632
Nippon India Large Cap Fund - Direct Plan Growth Plan - Bonus Option,118633
NIPPON INDIA LARGE CAP FUND - DIRECT Plan - IDCW Option,118634
Nippon India Multi Cap Fund - Direct Plan Growth Plan - Growth Option,118650
Nippon India Multi Cap Fund - Direct Plan Growth Plan - Bonus Option,118651
NIPPON INDIA MULTI CAP FUND - DIRECT Plan - IDCW Option,118652
NIPPON INDIA FLOATER FUND - DIRECT Plan - DAILY IDCW Option,118654
NIPPON INDIA FLOATER FUND - DIRECT Plan - MONTHLY IDCW Option,118655
Nippon India Floater Fund  - Direct Plan Growth Plan - Growth Option,118656
NIPPON INDIA FLOATER  FUND - DIRECT Plan - WEEKLY IDCW Option,118660
NIPPON INDIA FLOATER FUND - DIRECT Plan - QUARTERLY IDCW Option,118661
NIPPON INDIA GOLD SAVINGS FUND - Direct Plan - IDCW Option,118662
Nippon India Gold Savings Fund - Direct Plan Growth Plan - Growth Option,118663
Nippon India Growth Mid Cap Fund - Direct Plan Growth Plan - Bonus Option,118665
NIPPON INDIA GROWTH MID CAP FUND - DIRECT Plan - IDCW Option,118666
Nippon India Growth Mid Cap Fund - Direct Plan Growth Plan - Growth Option,118668
Nippon India Gilt  Fund - Direct Plan - P F Option - Automatic Capital Appreciation Payout Option,118669
NIPPON INDIA GILT  FUND - Direct Plan - MONTHLY IDCW Option,118670
Nippon India Gilt  Fund - Direct Plan Growth Plan - Growth Option,118672
Nippon India Gilt  Fund - Direct Plan - P F Option - Defined Maturity Date Option,118673
Nippon India Gilt Fund - Direct Plan - P F Option - Automatic Annual Reinvest Option,118674
Nippon India Vision Large & Mid Cap Fund - Direct Plan Growth Plan - Bonus Option,118675
NIPPON INDIA VISION LARGE & MID CAP  FUND - DIRECT Plan - IDCW Option,118676
Nippon India Vision Large & Mid Cap Fund - Direct Plan Growth Plan - Growth Option,118678
Nippon India Medium to Long Duration  Fund - Direct Plan Growth Plan-Bonus Option,118679
NIPPON INDIA MEDIUM TO LONG DURATION  FUND - Direct Plan - ANNUAL IDCW Option,118680
NIPPON INDIA MEDIUM TO LONG DURATION  FUND - Direct Plan - HALF YEARLY IDCW Option,118681
NIPPON INDIA MEDIUM TO LONG DURATION  FUND - Direct Plan - MONTHLY IDCW Option,118683
NIPPON INDIA MEDIUM TO LONG DURATION FUND - Direct Plan - QUARTERLY IDCW Option,118684
Nippon India Medium to Long Duration Fund - Direct Plan Growth Plan - Growth Option,118687
Nippon India Focused Fund - Direct Plan Growth Plan - Growth Option,118692
NIPPON INDIA FOCUSED  FUND - DIRECT Plan - IDCW Option,118693
NIPPON INDIA LIQUID FUND - DIRECT Plan - DAILY IDCW OPTION,118695
NIPPON INDIA LIQUID FUND - DIRECT Plan - MONTHLY IDCW OPTION,118696
NIPPON INDIA LIQUID FUND - DIRECT Plan - QUARTERLY IDCW OPTION,118698
NIPPON INDIA LIQUID FUND - DIRECT Plan - WEEKLY IDCW OPTION,118700
Nippon India Liquid Fund - Direct Plan Growth Plan - Growth Option,118701
Nippon India Low Duration Fund - Direct Plan Growth Plan - Bonus Option,118702
NIPPON INDIA LOW DURATION FUND - DIRECT Plan - DAILY IDCW Option,118703
NIPPON INDIA LOW DURATION FUND - DIRECT Plan - MONTHLY IDCW Option,118704
NIPPON INDIA LOW DURATION FUND - DIRECT Plan - QUARTERLY IDCW Option,118705
NIPPON INDIA LOW DURATION FUND - DIRECT Plan - WEEKLY IDCW Option,118706
Nippon India Low Duration Fund - Direct Plan Growth Plan - Growth Option,118709
Nippon India Money Market Fund - Direct Plan Growth Plan - Bonus Option,118715
NIPPON INDIA MONEY MARKET FUND - DIRECT Plan - QUARTERLY IDCW Option,118716
NIPPON INDIA MONEY MARKET FUND - DIRECT Plan - WEEKLY IDCW Option,118717
NIPPON INDIA MONEY MARKET FUND - DIRECT Plan - DAILY IDCW Option,118718
Nippon India Money Market Fund - Direct Plan Growth Plan - Growth Option,118719
NIPPON INDIA MONEY MARKET FUND - DIRECT Plan - MONTHLY IDCW Option,118720
Nippon India Consumption Fund - Direct Plan Growth Plan - Bonus,118722
Nippon India Consumption Fund - Direct Plan Growth Plan - Growth Option,118724
NIPPON INDIA CONSUMPTION FUND - DIRECT Plan - IDCW Option,118725
Nippon India Conservative Hybrid  Fund - Direct Plan Growth Plan - Growth Option,118726
NIPPON INDIA CONSERVATIVE HYBRID  FUND - DIRECT Plan - MONTHLY IDCW Option,118727
NIPPON INDIA CONSERVATIVE HYBRID  FUND - DIRECT Plan - QUARTERLY IDCW Option,118729
Nippon India Balanced Advantage Fund - Direct Plan Growth Plan - Growth Option,118736
Nippon India Balanced Advantage Fund - Direct Plan Growth Plan - Bonus Option,118737
NIPPON INDIA BALANCED ADVANTAGE FUND - DIRECT Plan - IDCW Option,118738
NIPPON INDIA INDEX FUND - NIFTY 50 PLAN - DIRECT Plan - QUARTERLY - IDCW Option,118740
Nippon India Index Fund - Nifty 50 Plan - Direct Plan Growth Plan - Growth Option,118741
Nippon India Index Fund - Nifty 50 Plan - Direct Plan Growth Plan - Bonus Option,118742
NIPPON INDIA INDEX FUND - NIFTY 50 PLAN - DIRECT Plan - ANNUAL - IDCW Option,118743
NIPPON INDIA INDEX FUND - NIFTY 50 PLAN - DIRECT Plan - HALF YEARLY - IDCW Option,118745
Nippon India Dynamic Bond Fund - Direct Plan Growth Plan - Growth Option,118747
NIPPON INDIA DYNAMIC BOND FUND - Direct Plan - QUARTERLY IDCW Option,118749
NIPPON INDIA DYNAMIC BOND FUND - Direct Plan - IDCW Option,118750
NIPPON INDIA PHARMA FUND - DIRECT Plan - IDCW Option,118756
Nippon India Pharma Fund - Direct Plan Growth Plan - Bonus Option,118758
Nippon India Pharma Fund - Direct Plan Growth Plan - Growth Option,118759
NIPPON INDIA POWER & INFRA FUND - DIRECT Plan - IDCW Option,118760
Nippon India Power & Infra Fund - Direct Plan Growth Plan - Bonus Option,118762
Nippon India Power & Infra Fund - Direct Plan Growth Plan - Growth Option,118763
NIPPON INDIA QUANT FUND - DIRECT Plan - IDCW Option,118767
Nippon India Quant Fund - Direct Plan Growth Plan - Growth Option,118769
Nippon India Quant Fund - Direct Plan Growth Plan - Bonus Option,118770
NIPPON INDIA SMALL CAP FUND - Direct Plan - IDCW Option,118775
Nippon India Small Cap Fund - Direct Plan Growth Plan - Bonus Option,118777
Nippon India Small Cap Fund - Direct Plan Growth Plan - Growth Option,118778
Nippon India Credit Risk Fund - Direct Plan - Growth Plan,118780
NIPPON INDIA CREDIT RISK FUND - DIRECT Plan - QUARTERLY IDCW Option,118781
NIPPON INDIA VALUE FUND - DIRECT Plan - IDCW Option,118782
Nippon India Value Fund - Direct Plan Growth Plan,118784
Nippon India Index Fund - BSE Sensex Plan - Direct Plan Growth Plan - Bonus Option,118785
NIPPON INDIA INDEX FUND - BSE SENSEX PLAN - DIRECT Plan - ANNUAL - IDCW Option,118786
NIPPON INDIA INDEX FUND - BSE SENSEX PLAN - DIRECT Plan - HALF YEARLY - IDCW Option,118788
NIPPON INDIA INDEX FUND - BSE SENSEX PLAN - DIRECT Plan - QUARTERLY - IDCW Option,118790
Nippon India Index Fund - BSE Sensex Plan - Direct Plan Growth Plan - Growth Option,118791
NIPPON INDIA AGGRESSIVE HYBRID FUND - DIRECT Plan - IDCW Option,118793
Nippon India Aggressive Hybrid Fund  - Direct Plan Growth Plan,118794
Nippon India Short Duration Fund - Direct Plan Growth Plan - Growth Option,118796
NIPPON INDIA SHORT DURATION FUND - Direct Plan - MONTHLY IDCW Option,118797
NIPPON INDIA SHORT DURATION FUND - Direct Plan - QUARTERLY IDCW OPTION,118800
NIPPON INDIA ELSS TAX SAVER FUND - DIRECT Plan - IDCW Option,118801
Nippon India ELSS Tax Saver Fund - Direct Plan Growth Plan - Growth Option,118803
Nippon India Corporate Bond Fund - Direct Plan Growth Plan - Bonus,118807
NIPPON INDIA CORPORATE BOND FUND - DIRECT Plan - DAILY IDCW Option,118808
NIPPON INDIA CORPORATE BOND FUND - DIRECT Plan - MONTHLY IDCW Option,118809
NIPPON INDIA CORPORATE BOND FUND - DIRECT Plan - QUARTERLY IDCW Option,118811
NIPPON INDIA CORPORATE BOND FUND - DIRECT Plan - WEEKLY IDCW Option,118812
Nippon India Corporate Bond Fund - Direct Plan Growth Plan - Growth Option,118814
Mirae Asset Large Cap Fund - Direct Plan - Growth,118825
Mirae Asset Large Cap Fund Direct IDCW,118826
Mirae Asset Large & Midcap Fund - Direct Plan - Growth,118834
Mirae Asset Large & Midcap Fund - Direct Plan - IDCW,118835
Mirae Asset Great Consumer Fund - Direct Plan - Growth,118837
Mirae Asset Great Consumer Fund Direct IDCW,118838
Mirae Asset Low Duration Fund - Direct Plan - Growth,118840
Mirae Asset Low Duration Fund - Direct Plan - Monthly IDCW,118841
Mirae Asset Low Duration Fund - Direct Plan - Quarterly IDCW,118842
Mirae Asset Low Duration Fund - Direct Plan - Daily IDCW,118843
Mirae Asset Low Duration Fund - Direct Plan - Weekly IDCW,118844
Mirae Asset Liquid Fund - Direct Plan - Growth,118859
Mirae Asset Liquid Fund - Direct Plan -Monthly IDCW,118860
Mirae Asset Liquid Fund - Direct Plan -Daily IDCW,118861
Mirae Asset Liquid Fund - Direct Plan - Weekly IDCW,118862
Taurus ELSS Tax Saver Fund - Direct Plan - Growth,118866
Taurus ELSS Tax Saver Fund - Direct Plan - Payout of Income Distribution cum Capital Withdrawal option,118867
Taurus Banking & Financial Services Fund - Direct Plan - Growth,118868
Taurus Banking & Financial Services Fund - Direct Plan - Payout of Income Distribution cum Capital Withdrawal option,118869
Taurus Large Cap Fund - Direct Plan - Growth,118870
Taurus Large Cap Fund - Direct Plan - Payout of Income Distribution cum Capital Withdrawal option,118871
Taurus Mid Cap Fund - Direct Plan - Growth,118872
Taurus Mid Cap Fund - Direct Plan - Payout of Income Distribution cum Capital Withdrawal option,118873
Taurus Ethical Fund - Direct Plan - Growth,118876
Taurus Ethical Fund - Direct Plan - Payout of Income Distribution cum Capital Withdrawal option,118877
Taurus Ethical Fund-Direct Plan-Bonus Option #,118878
Taurus Infrastructure Fund - Direct Plan - Growth,118879
Taurus Infrastructure Fund - Direct Plan - Payout of Income Distribution cum Capital Withdrawal option,118880
Taurus Nifty 50 Index Fund - Direct Plan - Growth,118881
Taurus Nifty 50 Index Fund - Direct Plan - Payout of Income Distribution cum Capital Withdrawal option,118882
Taurus Flexi Cap Fund - Direct Plan - Growth,118883
Taurus Flexi Cap Fund - Direct Plan -  Payout of Income Distribution cum Capital Withdrawal option,118884
HSBC Liquid Fund - Regular Daily IDCW,118901
HSBC Liquid Fund - Regular Growth,118902
HSBC Liquid Fund - Regular Monthly IDCW,118903
HSBC Liquid Fund - Regular Weekly IDCW,118904
HSBC Liquid Fund - IDCW,118906
HSBC Liquid Fund - Growth,118907
HSBC Liquid Fund - Weekly IDCW,118908
HSBC Liquid Fund - Institutional Daily IDCW,118909
DSP Bond Fund - Direct Plan - IDCW - Monthly,118921
DSP Bond Fund - Direct Plan - IDCW,118922
DSP Bond Fund - Direct Plan - Growth,118924
HDFC Long Term Advantage Plan - IDCW Option - Direct Plan,118928
HDFC Long Term Advantage Plan - Growth Option - Direct Plan,118929
HDFC ARBITRAGE FUND - Quarterly IDCW Option - Direct Plan,118930
HDFC ARBITRAGE FUND - Growth Option - Direct Plan,118931
HDFC Value Fund - IDCW Option - Direct Plan,118934
HDFC Value Fund - Growth Option - Direct Plan,118935
HDFC Low Duration  Fund - Direct Plan - Growth,118942
HDFC Low Duration  Fund - Direct Plan - Monthly IDCW,118943
HDFC Low Duration  Fund - Direct Plan - Weekly IDCW,118944
HDFC Low Duration  Fund - Direct Plan - Daily IDCW,118945
HDFC Focused Fund - IDCW Option - Direct Plan,118949
HDFC Focused Fund - Growth Option - Direct Plan,118950
HDFC Flexi Cap Fund - IDCW Option - Direct Plan,118954
HDFC Flexi Cap Fund - Growth Option - Direct Plan,118955
HDFC Floating Rate Debt Fund - Direct Plan - Daily IDCW,118959
HDFC Floating Rate Debt Fund - Direct Plan - Monthly IDCW,118960
HDFC Floating Rate Debt Fund - Direct Plan - Growth Option,118961
HDFC Floating Rate Debt Fund - Direct Plan - Weekly IDCW,118962
HDFC Balanced Advantage Fund - Growth Plan - Direct Plan,118968
HDFC Balanced Advantage Fund - IDCW Plan - Direct Plan,118969
HDFC Infrastructure Fund - IDCW Option - Direct Plan,118978
HDFC Infrastructure Fund - Growth Option - Direct Plan,118979
HDFC Corporate Bond Fund - Quarterly IDCW Option - Direct Plan,118986
HDFC Corporate Bond Fund - Growth Option - Direct Plan,118987
HDFC Mid Cap Fund - IDCW Option - Direct Plan,118988
HDFC Mid Cap Fund - Growth Option - Direct Plan,118989
DSP Regular Savings Fund - Direct Plan - IDCW - Monthly,118992
DSP Regular Savings Fund - Direct Plan - IDCW - Quarterly,118993
DSP Regular Savings Fund - Direct Plan - Growth,118994
HDFC Short Term  Debt Fund - Fortnightly IDCW - Direct Plan,119015
HDFC Short Term  Debt Fund - Growth Option - Direct Plan,119016
HDFC Large Cap Fund - IDCW Option - Direct Plan,119017
HDFC Large Cap Fund - Growth Option - Direct Plan,119018
DSP Aggressive Hybrid Fund - Direct Plan - Growth,119019
DSP Aggressive Hybrid Fund - Direct Plan - IDCW,119020
DSP Natural Resources and New Energy Fund - Direct Plan - Growth,119028
DSP Natural Resources and New Energy Fund - Direct Plan - IDCW,119029
Tata Aggressive Hybrid Fund -Direct Plan- Growth Option,119053
Tata Aggressive Hybrid Fund- Direct Plan - Monthly Payout of IDCW Option,119057
Tata Aggressive Hybrid Fund- Direct Plan - Periodic Payout of IDCW Option,119058
HDFC ELSS Tax saver - IDCW Option - Direct Plan,119059
HDFC ELSS Tax saver - Growth Option - Direct Plan,119060
HDFC Hybrid Equity Fund - IDCW Option - Direct Plan,119061
HDFC Hybrid Equity Fund - Growth Option - Direct Plan,119062
HDFC Nifty 50 Index Fund - Direct Plan,119063
HDFC BSE Sensex Index Fund - Direct Plan,119065
HDFC Childrens Fund - Direct Plan,119066
HDFC Childrens Fund Savings Plan-Direct Plan,119067
HDFC Income Fund - Quarterly IDCW- Direct Plan,119068
HDFC Income Fund - Growth Option - Direct Plan,119069
DSP Midcap Fund - Direct Plan - IDCW,119070
DSP Midcap Fund - Direct Plan - Growth,119071
HDFC Dynamic Debt Fund - Half Yearly IDCW - Direct Plan,119072
HDFC Dynamic Debt Fund - Quarterly IDCW - Direct Plan,119073
HDFC Dynamic Debt Fund - Yearly IDCW - Direct Plan,119074
HDFC Dynamic Debt Fund - Growth Option - Direct Plan,119075
DSP Flexi Cap Fund - Direct Plan - Growth,119076
DSP Flexi Cap Fund - Direct Plan - IDCW,119077
HDFC Medium Term Debt Fund - Fortnightly IDCW Opt - Direct Plan,119080
HDFC Medium Term Debt Fund - Growth Option - Direct Plan,119081
DSP Credit Risk Fund - Direct Plan - Growth,119082
DSP Credit Risk Fund - Direct Plan - IDCW,119083
DSP Credit Risk Fund - Direct Plan -  IDCW - Monthly,119084
DSP Credit Risk Fund - Direct Plan - IDCW - Quarterly,119085
DSP Credit Risk Fund - Direct Plan - IDCW - Weekly,119086
DSP Credit Risk Fund - Direct Plan - IDCW - Daily,119087
HDFC Liquid Fund - IDCW Weekly - Direct Plan,119088
HDFC Liquid Fund - IDCW Daily - Direct Plan,119089
HDFC Liquid Fund - IDCW Monthly - Direct Plan,119090
HDFC Liquid Fund - Growth Option - Direct Plan,119091
HDFC Money Market Fund - Growth Option - Direct Plan,119092
HDFC Money Market Fund - Daily IDCW Option - Direct Plan,119093
HDFC Money Market Fund - Weekly IDCW Option -Direct Plan,119094
DSP Focused Fund - Direct Plan - IDCW,119095
DSP Focused Fund - Direct Plan - Growth,119096
Tata Dynamic Bond Fund- Direct Plan-Growth Option,119097
Tata Dynamic Bond- Direct Plan - Payout of IDCW Option,119098
DSP Gilt Fund - Direct Plan - Growth,119099
DSP Gilt Fund - Direct Plan - IDCW - Monthly,119100
DSP Gilt Fund - Direct Plan - IDCW,119101
DSP Savings Fund - Direct Plan - Growth,119106
DSP Savings Fund - Direct Plan - IDCW - Monthly,119107
DSP Savings Fund - Direct Plan - IDCW,119108
HDFC Overnight Fund - Daily IDCW Option - Direct Plan,119109
HDFC Overnight Fund - Growth Option - Direct Plan,119110
HDFC Gilt Fund - IDCW Option - Direct Plan,119115
HDFC Gilt Fund - Growth Option - Direct Plan,119116
HDFC Hybrid Debt Fund - Growth Option - Direct Plan,119118
HDFC Hybrid Debt Fund - IDCW Monthly - Direct Plan,119119
HDFC Hybrid Debt Fund - IDCW Quarterly - Direct Plan,119120
DSP Liquidity Fund - Direct Plan - IDCW - Weekly,119123
DSP Liquidity Fund - Direct Plan - IDCW - Daily,119124
DSP Liquidity Fund - Direct Plan - Growth,119125
Tata Medium Term Fund- Direct Plan - Payout of IDCW Option,119126
Tata Medium Term Fund- Direct Plan- Growth Option,119127
HDFC Equity Savings Fund - Growth Option - Direct Plan,119128
HDFC Equity Savings Fund - IDCW Option - Direct Plan,119129
HDFC Multi-Asset Fund - IDCW Option - Direct Plan,119130
HDFC Multi-Asset Fund - Growth Option - Direct Plan,119131
HDFC Gold ETF Fund of Fund - Direct Plan,119132
Groww Largecap Fund (formerly known as Indiabulls Blue Chip Fund) - Direct Plan - Growth Option,119133
Groww Largecap Fund (formerly known as Indiabulls Bluechip Fund)- Direct Plan- - Income Distribution cum capital withdrawal Option (Payout & Reinvestment),119134
Groww Liquid Fund ( formerly known as Indiabulls Liquid )Fund - Direct Plan - Growth Option,119135
Groww Liquid Fund (formerly known as Indiabulls Liquid Fund) - Direct Plan- - Income Distribution cum capital withdrawal Option ( Reinvestment),119136
Groww Liquid Fund (formerly known as Indiabulls Liquid Fund)- Direct Plan- Weekly - Income Distribution cum capital withdrawal Option (Payout & Reinvestment),119137
Groww Liquid Fund (formerly known as Indiabulls Liquid Fund)- Direct Plan- Fortnightly - Income Distribution cum capital withdrawal Option (Payout & Reinvestment),119138
Groww Liquid Fund (formerly known as Indiabulls Liquid Fund)- Direct Plan- Monthly - Income Distribution cum capital withdrawal Option (Payout & Reinvestment),119139
Tata Large Cap Fund- Direct Plan - Payout of IDCW Option,119159
Tata Large Cap Fund -Direct Plan Growth Option,119160
Navi Liquid Fund - Direct Plan Monthly IDCW - Payout,119161
Navi Liquid Fund - Direct Plan Weekly IDCW - Payout,119162
Navi Liquid Fund - Direct Plan Daily IDCW - ReInvestment,119163
Navi Liquid Fund-Direct Plan-Growth Option,119164
Tata Ethical Fund- Direct Plan - Payout of IDCW Option,119171
Tata Ethical Fund -Direct Plan- Growth Option,119172
Tata Mid Cap Fund - Direct Plan- IDCW Option,119177
Tata Mid Cap Fund - Direct Plan- Growth Option,119178
Tata Large & Mid Cap Fund Direct Plan - Payout of IDCW Option,119201
Tata Large & MId Cap Fund -Direct Plan- Growth Option,119202
DSP Ultra Short Fund - Direct Plan - IDCW - Daily,119203
DSP Ultra Short Fund - Direct Plan - IDCW - Monthly,119204
DSP Ultra Short Fund - Direct Plan - Growth,119205
DSP Ultra Short Fund - Direct Plan - IDCW,119206
DSP Ultra Short Fund - Direct Plan - IDCW - Weekly,119207
DSP Small Cap Fund - Direct Plan - Growth,119212
DSP Small Cap Fund - Direct Plan - IDCW,119213
DSP Large & Mid Cap Fund - Direct Plan - Growth,119218
DSP Large & Mid Cap Fund - Direct Plan - IDCW,119219
DSP Short Term Fund - Direct Plan - IDCW,119222
DSP Short Term Fund - Direct Plan - IDCW - Weekly,119223
DSP Short Term Fund - Direct Plan - IDCW - Monthly,119224
DSP Short Term Fund - Direct Plan - Growth,119226
Tata Value Fund -Direct Plan Growth Option,119231
Tata Value Fund- Direct Plan -Payout of IDCW-Option A(5%),119232
Tata Value Fund- Direct Plan - Payout of IDCW -Option B(10%),119233
DSP Strategic Bond Fund - Direct Plan - IDCW - Monthly,119236
DSP Strategic Bond Fund - Direct Plan - IDCW - Weekly,119237
DSP Strategic Bond Fund - Direct Plan - IDCW,119238
DSP Strategic Bond Fund - Direct Plan - Growth,119239
DSP Strategic Bond Fund - Direct Plan - IDCW - Daily,119240
DSP ELSS Tax Saver Fund - Direct Plan - IDCW,119241
DSP ELSS Tax Saver Fund - Direct Plan - Growth,119242
Tata Infrastructure Fund -Direct Plan -Growth Option,119243
Tata Infrastructure Fund- Direct Plan - Payout of IDCW Option,119244
DSP India T.I.G.E.R. Fund - Direct Plan - Growth,119247
DSP India T.I.G.E.R. Fund - Direct Plan - IDCW,119248
DSP Large Cap Fund - Direct Plan - IDCW,119249
DSP Large Cap Fund - Direct Plan - Growth,119250
Tata Retirement Savings Fund- Progressive Plan -Direct Plan-Growth Option,119251
DSP US Specific Equity Omni FoF - Direct Plan - Growth,119252
DSP US Specific Equity Omni FoF - Direct Plan - IDCW,119253
Tata Retirement Savings Fund- Moderate Plan -Direct Plan-Growth Option,119255
Tata Retirement Savings Fund- Conservative Plan-Direct Plan-Growth Option,119256
DSP Global Clean Energy Overseas Equity Omni FoF Direct Plan - Growth,119275
DSP Global Clean Energy Overseas Equity Omni FoF - Direct Plan - IDCW,119276
DSP World Gold Mining Overseas Equity Omni FoF - Direct Plan - Growth,119277
DSP World Gold Mining Overseas Equity Omni FoF - Direct Plan - IDCW,119278
DSP World Mining Overseas Equity Omni FoF - Direct Plan - Growth,119279
DSP World Mining Overseas Equity Omni FoF - Direct Plan - IDCW,119280
Tata ELSS Fund- Direct Plan - Payout of IDCW Option,119281
Tata S&P BSE Sensex Index Fund - Direct Plan,119287
Tata Nifty 50 Index Fund -Direct Plan,119288
Franklin India Corporate Debt Fund - Direct - Bonus,119289
Union Flexi Cap Fund - Direct Plan - Growth Option,119292
Union Flexi Cap Fund - Direct Plan - IDCW Option,119293
BANK OF INDIA Large & Mid Cap Fund Direct Plan- Bonus,119300
Union Liquid Fund - Direct Plan - Daily IDCW Option,119301
Union Liquid Fund - Direct Plan - Monthly IDCW Option,119302
Union Liquid Fund - Direct Plan - Growth Option,119303
Union Liquid Fund - Direct Plan - Weekly IDCW Option,119304
Union Liquid Fund - Direct Plan - Fortnightly IDCW Option,119305
Union ELSS Tax Saver Fund - Direct Plan - IDCW Option,119306
Union ELSS Tax Saver Fund - Direct Plan - Growth Option,119307
Union Dynamic Bond Fund - Direct Plan - IDCW Option,119310
Union Dynamic Bond Fund - Direct Plan - Growth Option,119311
Tata Childrens Fund-Direct Plan-Growth Option,119312
Baroda BNP Paribas Banking and Financial Services Fund - Direct - Growth Option,119333
Baroda BNP Paribas Banking and Financial Services Fund - Direct - IDCW Option,119334
Baroda BNP Paribas GILT FUND - Direct Plan - IDCW Option,119340
Baroda BNP Paribas GILT FUND - Direct Plan - Growth Option,119341
BANK OF INDIA Large & Mid Cap Fund Direct Plan-Regular IDCW,119346
BANK OF INDIA Large & Mid Cap Fund Direct  Plan- Quarterly IDCW,119349
BANK OF INDIA Large & Mid Cap Fund Direct Plan-Growth,119350
BANK OF INDIA ELSS Tax Saver -Direct Plan- Growth,119351
BANK OF INDIA ELSS Tax Saver -Direct Plan-IDCW,119352
Baroda BNP Paribas MULTI CAP FUND - Direct Plan - IDCW Option,119353
Baroda BNP Paribas MULTI CAP FUND - Direct Plan - Growth Option,119354
BANK OF INDIA Manufacturing & Infrastructure Fund-Direct Plan-Regular IDCW,119363
BANK OF INDIA Manufacturing & Infrastructure Fund-Direct Plan-Growth,119364
BANK OF INDIA Manufacturing & Infrastructure Fund-Direct Plan-Quarterly IDCW,119365
BANK OF INDIA Liquid Fund- Direct Plan- Daily IDCW,119368
BANK OF INDIA Liquid Fund- Direct Plan- Growth,119369
BANK OF INDIA Liquid Fund- Direct Plan- Weekly IDCW,119370
BANK OF INDIA Ultra Short Duration Fund- Direct Plan- Growth,119379
BANK OF INDIA Ultra Short Duration Fund- Direct Plan- Daily IDCW,119380
BANK OF INDIA Ultra Short Duration Fund- Direct Plan- Weekly IDCW,119381
BANK OF INDIA Short Term Income Fund-Direct Plan- Growth,119382
BANK OF INDIA Short Term Income Fund-Direct Plan- Monthly IDCW,119383
BANK OF INDIA Short Term Income Fund-Direct Plan- Quarterly IDCW,119384
BANK OF INDIA Conservative Hybrid Fund Fund-Direct Plan-Growth,119393
BANK OF INDIA Conservative Hybrid Fund-Direct Plan-Monthly IDCW,119394
BANK OF INDIA Conservative Hybrid  Fund-Direct Plan-Quarterly IDCW,119395
BANK OF INDIA Conservative Hybrid Fund-Direct Plan-Annual IDCW,119396
Baroda BNP Paribas Short Duration Fund - Direct Plan - Monthly IDCW Option,119399
Baroda BNP Paribas Short Duration Fund - Direct Plan - Growth Option,119400
Baroda BNP Paribas LIQUID FUND - DIRECT PLAN - DAILY IDCW OPTION,119414
Baroda BNP Paribas LIQUID FUND - DIRECT PLAN - GROWTH OPTION,119415
Baroda BNP Paribas LIQUID FUND - DIRECT PLAN - WEEKLY IDCW OPTION,119416
Tata Money Market Fund- Direct Plan - Daily Reinvestment of IDCW Option,119421
Tata Money Market Fund- Direct Plan- Growth Option,119424
Aditya Birla Sun Life Large & Mid Cap Fund -Direct - IDCW,119433
Aditya Birla Sun Life Large & Mid Cap Fund - Growth - Direct Plan,119436
Aditya Birla Sun Life Short Term Fund - DIRECT - IDCW,119496
Aditya Birla Sun Life Short Term Fund-Quarterly-IDCW-Direct,119497
Aditya Birla Sun Life Short Term Fund - Growth - Direct Plan,119498
Aditya Birla Sun Life Savings Fund-DIRECT - WEEKLY IDCW,119499
Aditya Birla Sun Life Savings Fund-DIRECT - DAILY IDCW,119500
Aditya Birla Sun Life Savings Fund - Growth - Direct Plan,119501
Aditya Birla Sun Life Dynamic Bond Fund -Direct - Quarterly IDCW,119502
Aditya Birla Sun Life Dynamic Bond Fund -DIRECT - MONTHLY IDCW,119503
Aditya Birla Sun Life Dynamic Bond Fund - Growth - Direct Plan,119505
Aditya Birla Sun Life Dividend Yield Fund -DIRECT - IDCW,119506
Aditya Birla Sun Life Dividend Yield Fund - Growth - Direct Plan,119507
Aditya Birla Sun Life Money Manager Fund - Growth - Direct Plan,119511
Aditya Birla Sun Life Money Manager Fund - Direct - weekly IDCW,119512
Aditya Birla Sun Life Money Manager Fund - Direct - daily IDCW,119513
Aditya Birla Sun Life Infrastructure Fund - Growth - Direct Plan,119514
Aditya Birla Sun Life Infrastructure Fund -  Direct - IDCW,119515
Aditya Birla Sun Life International Equity Fund - Direct - IDCW,119516
Aditya Birla Sun Life International Equity Fund - Growth - Direct Plan,119517
Aditya Birla Sun Life International Equity Fund - Plan B - Growth - Direct Plan,119518
Aditya Birla Sun Life International Equity Fund - Plan B - Direct - IDCW,119519
Aditya Birla Sun Life Low Duration Fund -Direct - weekly IDCW,119522
Aditya Birla Sun Life Low duration Fund - Growth - Direct Plan,119523
Aditya Birla Sun Life Low Duration Fund -Direct - daily IDCW,119524
Aditya Birla Sun Life Arbitrage Fund-DIRECT - IDCW,119525
Aditya Birla Sun Life Arbitrage Fund - Growth - Direct Plan,119526
Aditya Birla Sun Life Large Cap Fund-DIRECT - IDCW,119527
Aditya Birla Sun Life Large Cap Fund - Growth - Direct Plan,119528
Aditya Birla Sun Life Corporate Bond Fund -DIRECT - MONTHLY IDCW,119532
Aditya Birla Sun Life Corporate Bond Fund - Growth - Direct Plan,119533
Aditya Birla Sun Life Medium Term Plan - Direct - IDCW,119538
Aditya Birla Sun Life Medium Term Plan - Growth - Direct Plan,119539
Aditya Birla Sun Life Medium Term Plan - DIRECT - HALF YEARLY IDCW,119540
Aditya Birla Sun Life Medium Term Plan - DIRECT - Quarterly IDCW,119541
Aditya Birla Sun Life ELSS Tax Saver Fund-DIRECT - IDCW,119543
Aditya Birla Sun Life ELSS Tax Saver Fund - Growth - Direct Plan,119544
Sundaram Value Fund Direct Plan - Income Distribution cum Capital Withdrawal (IDCW),119548
Sundaram Value Fund Direct Plan - Growth,119549
Aditya Birla Sun Life Banking & PSU Debt Fund- Direct Plan-Growth,119550
Aditya Birla Sun Life Banking & PSU Debt Fund  - DIRECT - IDCW,119551
Aditya Birla Sun Life Banking & PSU Debt Fund  - DIRECT - MONTHLY IDCW,119552
Aditya Birla Sun Life Banking & PSU Debt Fund  - Direct - Quarterly IDCW,119553
Aditya Birla Sun Life Small Cap Fund - Growth - Direct Plan,119556
Aditya Birla Sun Life Small Cap Fund -Direct - IDCW,119557
Aditya Birla Sun Life Focused Fund -Direct - IDCW,119563
Aditya Birla Sun Life Focused Fund - Growth - Direct Plan,119564
Sundaram Large and Midcap Direct Plan - Income Distribution cum Capital Withdrawal (IDCW),119565
Sundaram Large and Midcap Fund Direct Plan - Growth,119566
SBI Arbitrage Opportunities Fund - Direct Plan - Income Distribution cum Capital Withdrawal Option (IDCW),119567
Aditya Birla Sun Life Liquid Fund - Growth - Direct Plan,119568
Aditya Birla Sun Life Liquid Fund -Direct - daily IDCW,119569
Aditya Birla Sun Life Liquid Fund -Direct - weekly IDCW,119570
Aditya Birla Sun Life Liquid Fund -DIRECT - IDCW,119571
SBI Arbitrage Opportunities Fund - Direct Plan - Gr,119574
Aditya Birla Sun Life Commodity Equities Fund - Global Agri Plan -Direct - IDCW,119575
Aditya Birla Sun Life Commodity Equities Fund - Global Agri Plan - Growth - Direct Plan,119576
Sundaram Mid Cap Fund Direct Plan - Growth,119581
Sundaram Mid Cap Fund Direct Plan - Income Distribution cum Capital Withdrawal (IDCW),119582
SBI Large Cap Fund - Direct Plan - Income Distribution cum Capital Withdrawal Option (IDCW),119585
Sundaram Small Cap Fund Direct Plan - Income Distribution cum Capital Withdrawal (IDCW),119588
Sundaram Small Cap Fund Direct Plan - Growth,119589
Aditya Birla Sun Life Consumption Fund -DIRECT - IDCW,119590
Aditya Birla Sun Life Consumption Fund - Growth - Direct Plan,119591
Sundaram Consumption Fund (Formerly Known asSundaram Rural and Consumption Fund Direct Plan - Income Distribution cum Capital Withdrawal (IDCW),119594
Sundaram Consumption Fund (Formerly Known as Sundaram Rural and Consumption Fund Direct Plan - Growth),119595
Sundaram Financial Services Opportunities Fund Direct Plan - Income Distribution cum Capital Withdrawal (IDCW),119596
Sundaram Financial Services Opportunities Fund Direct Plan - Growth,119597
SBI Large Cap FUND-DIRECT PLAN -GROWTH,119598
Sundaram Global Brand Theme-Equity Active FOF - Direct IDCW,119601
Sundaram Global Brand Theme-Equity Active FOF - Direct Growth,119602
SBI Equity Hybrid Fund - Direct Plan - Income Distribution cum Capital Withdrawal Option (IDCW),119604
Aditya Birla Sun Life Government Securities Fund - Growth - Direct Plan,119605
Aditya Birla Sun Life Govenment Securities Fund -DIRECT - Quarterly IDCW,119606
SBI EQUITY HYBRID FUND - DIRECT PLAN - Growth,119609
SBI Comma Fund - Direct Plan - Income Distribution cum Capital Withdrawal Option (IDCW),119613
Aditya Birla Sun Life Midcap Fund -DIRECT - IDCW,119619
Aditya Birla Sun Life Midcap Fund - Growth - Direct Plan,119620
Sundaram Corporate Bond Fund Direct Plan - Growth,119621
Sundaram Corporate Bond Fund Direct Plan - Income Distribution cum Capital Withdrawal(IDCW),119622
Sundaram Corporate Bond Fund Direct Plan - Income Distribution cum Capital Withdrawal (IDCW),119624
Sundaram Banking & PSU Fund (Formerly Known as Sundaram Banking and PSU Debt Fund) Direct Plan - Growth,119625
Sundaram Banking & PSU Fund (Formerly Known as Sundaram Banking and PSU Debt Fund) Direct Plan - Income Distribution cum Capital Withdrawal (IDCW),119626
Sundaram Banking & PSU Fund (Formerly Known as Sundaram Banking and PSU Debt Fund) Direct Plan - Daily Reinvestment of Income Distribution cum Capital Withdrawal (IDCW),119627
Sundaram Banking and PSU Debt Fund Direct Plan - Weekly Reinvestment of Income Distribution cum Capital Withdrawal (IDCW),119628
Sundaram Banking & PSU Fund (Formerly Known as Sundaram Banking and PSU Debt Fund) Direct Plan - Bonus,119629
Sundaram Corporate Bond Fund Direct Plan-Income Distribution cum Capital Withdrawal(IDCW),119630
Sundaram Corporate Bond Fund Direct Plan -Income Distribution cum Capital Withdrawal (IDCW),119631
Sundaram Conservative Hybrid Fund (Formerly Known as Sundaram Debt Oriented Hybrid Fund) Direct Plan - Growth,119635
Sundaram Conservative Hybrid Fund (Formerly Known as Sundaram Debt Oriented Hybrid Fund) Direct Plan - IDCW,119636
Sundaram Conservative Hybrid Fund (Formerly Known as Sundaram Debt Oriented Hybrid Fund) Direct Plan -Income Distribution cum Capital Withdrawal (IDCW),119637
Sundaram Conservative Hybrid Fund (Formerly Known as Sundaram Debt Oriented Hybrid Fund) Direct Plan - Income Distribution cum Capital Withdrawal (IDCW),119638
Aditya Birla Sun Life MNC Fund - Growth - Direct Plan,119646
Aditya Birla Sun Life MNC Fund - DIRECT - IDCW,119647
Aditya Birla Sun Life Nifty 50 Index Fund - Growth - Direct Plan,119648
Aditya Birla Sun Life Nifty 50 Index Fund -DIRECT - IDCW,119649
Aditya Birla Sun Life Income Fund - Direct - Quarterly IDCW,119655
Aditya Birla Sun Life Income Fund - Growth - Direct Plan,119657
Aditya Birla Sun Life Value Fund - Direct - IDCW,119658
Aditya Birla Sun Life Value Fund - Growth - Direct Plan,119659
SBI Dynamic Bond Fund - Direct Plan - Income Distribution cum Capital Withdrawal Option (IDCW),119670
SBI Dynamic Bond Fund - DIRECT PLAN - Growth,119671
Sundaram Medium Duration Fund (Formerly Known as Sundaram Medium Term Bond Fund) Direct Plan-Income Distribution cum Capital Withdrawal (IDCW),119672
Sundaram Medium Duration Fund (Formerly Known as Sundaram Medium Term Bond Fund) Direct Plan - Growth,119675
Sundaram Medium Duration Fund (Formerly Known as Sundaram Medium Term Bond Fund) Direct Plan -Income Distribution cum Capital Withdrawal (IDCW),119676
SBI Infrastructure Fund - Direct Plan - Income Distribution cum Capital Withdrawal Option (IDCW),119695
SBI INFRASTRUCTURE FUND -  DIRECT PLAN - GROWTH,119700
SBI COMMA Fund - DIRECT PLAN - Growth,119705
SBI Gilt Fund - Direct Plan - Income Distribution cum Capital Withdrawal Option (IDCW),119706
SBI GILT FUND - DIRECT PLAN - GROWTH,119707
SBI ESG Exclusionary Strategy Fund - Direct Plan - Income Distribution cum Capital Withdrawal Option (IDCW),119708
SBI ESG Exclusionary Strategy Fund - Direct Plan -Growth,119709
SBI MNC Fund - Direct Plan - Income Distribution cum Capital Withdrawal Option (IDCW),119710
SBI MNC FUND - DIRECT PLAN -GROWTH,119711
SBI Medium to Long Duration Fund-DIRECT PLAN - Bonus,119712
SBI Medium to Long Duration Fund - Direct Plan - Half Yearly - Income Distribution cum Capital Withdrawal Option (IDCW),119713
SBI Medium to Long Duration Fund-DIRECT PLAN -Growth,119714
SBI Midcap Fund - Direct Plan - Income Distribution cum Capital Withdrawal Option (IDCW),119715
SBI MIDCAP FUND - DIRECT PLAN - GROWTH,119716
SBI Flexicap Fund - Direct Plan - Income Distribution cum Capital Withdrawal Option (IDCW),119717
SBI Flexicap Fund - DIRECT PLAN - Growth Option,119718
SBI Children's Fund - Savings Plan - DIRECT PLAN - GROWTH,119719
SBI Large & Midcap Fund - Direct Plan - Income Distribution cum Capital Withdrawal Option (IDCW),119720
SBI LARGE & MIDCAP FUND -DIRECT PLAN -Growth,119721
SBI ELSS Tax Saver Fund - Direct Plan - Income Distribution cum Capital Withdrawal Option (IDCW),119722
SBI ELSS Tax Saver FUND - DIRECT PLAN -GROWTH,119723
SBI Contra Fund - Direct Plan - Income Distribution cum Capital Withdrawal Option (IDCW),119724
SBI FOCUSED FUND - DIRECT PLAN -GROWTH,119727
SBI Consumption Opportunities Fund - Direct Plan - Income Distribution cum Capital Withdrawal Option (IDCW),119730
SBI Technology Opportunities Fund - Direct Plan - Income Distribution cum Capital Withdrawal Option (IDCW),119731
SBI PSU Fund - DIRECT PLAN - GROWTH,119732
SBI PSU Fund - Direct Plan - Income Distribution cum Capital Withdrawal Option (IDCW),119733
Kotak Bond Fund - Direct Plan - Standard IDCW option,119734
Kotak Bond Fund - Growth - Direct,119735
Kotak Bond Short Term Plan-(Growth) - Direct,119739
Kotak Credit Risk Fund - Direct Plan - Standard Income Distribution cum capital withdrawal option,119740
Kotak Credit Risk Fund - Growth - Direct,119741
Kotak Money Market Fund - (Growth) - Direct,119746
Kotak Money Market Fund - (Monthly Payout of Income Distribution cum capital withdrawal option) - Direct,119747
Kotak Treasury Advantage Fund -Daily Reinvestment of Income Distribution cum capital withdrawal option - Direct,119749
Kotak Savings Fund-Growth - Direct,119750
Kotak Savings Fund-Monthly Payout of Income Distribution cum capital withdrawal option - Direct,119751
Kotak Dynamic Bond Fund - Direct Plan - Standard Income Distribution cum capital withdrawal option,119753
Kotak Dynamic Bond Fund - Growth - Direct,119755
Kotak Gilt-Investment  Provident Fund and Trust-Growth - Direct,119757
Kotak Gilt-Investment Regular-Payout of Income Distribution cum capital withdrawal option - Direct,119758
Kotak Gilt-Investment Regular-Growth - Direct,119759
Kotak Liquid Fund - Direct Plan - Daily Reinvestment of Income Distribution cum capital withdrawal option,119764
Kotak Liquid Fund - Direct Plan - Growth,119766
Kotak Aggressive Hybrid Fund - Direct Plan - IDCW - Payout & Reinvestment of Income Distribution cum  capital withdrawal option,119767
Kotak Contra Fund - Direct Plan - IDCW -Payout & Re-investment of Income Distribution cum capital withdrawal option- Direct,119768
Kotak Contra Fund - Direct Plan - Growth,119769
Kotak  Arbitrage Fund - Direct Plan - IDCW -Payout &  Reinvestment of Income Distribution cum capital withdrawal option,119770
Kotak Arbitrage Fund - Direct Plan - Growth,119771
Kotak ELSS Tax Saver Fund-Payout of Income Distribution cum capital withdrawal option - Direct,119772
Kotak ELSS Tax Saver Fund-Growth - Direct,119773
Kotak Midcap Fund  - Direct Plan - IDCW - Payout & Re-investment of Income Distribution cum capital withdrawal option,119774
Kotak Midcap Fund - Direct Plan - Growth,119775
Kotak Multi Asset Omni FOF - Direct Payout of Income Distribution cum capital withdrawal option,119776
Kotak Multi Asset Omni FOF - Direct Growth - Direct,119777
Kotak Global Emerging Market Overseas Equity Omni FOF - Payout of Income Distribution cum capital withdrawal option - Direct,119778
Kotak Global Emerging Market overseas Equity Omni FOF - Growth - Direct,119779
Kotak Gold Fund Payout of Income Distribution cum capital withdrawal option- Direct,119780
Kotak Gold Fund Growth - Direct,119781
SBI Healthcare Opportunities Fund - Direct Plan - Income Distribution cum Capital Withdrawal Option (IDCW),119782
SBI HEALTHCARE OPPORTUNITIES FUND - DIRECT PLAN -GROWTH,119783
SBI Ultra Short Duration Fund - Direct Plan - Daily Income Distribution cum Capital Withdrawal Option (IDCW),119784
SBI GOLD FUND- DIRECT PLAN - GROWTH,119788
SBI Gold Fund - Direct Plan - Income Distribution cum Capital Withdrawal Option (IDCW),119789
SBI Credit Risk Fund - Direct Plan - Daily Income Distribution cum Capital Withdrawal Option (IDCW),119792
SBI Credit Risk Fund - Direct Plan - Income Distribution cum Capital Withdrawal Option (IDCW),119793
SBI CREDIT RISK FUND - DIRECT PLAN -GROWTH,119798
SBI Liquid Fund - Direct Plan - Weekly Income Distribution cum Capital Withdrawal Option (IDCW),119799
SBI Liquid Fund - DIRECT PLAN -Growth,119800
SBI Liquid Fund - Direct Paln - Fortnightly Income Distribution cum Capital Withdrawal Option (IDCW),119804
SBI Liquid Fund - Direct Plan - Daily Income Distribution cum Capital Withdrawal Option (IDCW),119805
SBI Low Duration Fund - Direct Plan - Daily Income Distribution cum Capital Withdrawal Option (IDCW),119810
SBI Low Duration Fund - Direct Plan - Fortnightly Income Distribution cum Capital Withdrawal Option (IDCW),119811
SBI LOW DURATION FUND - DIRECT PLAN - GROWTH,119812
SBI Short Term Debt Fund - Direct Plan - Monthly Income Distribution cum Capital Withdrawal Option (IDCW),119813
SBI Short Term Debt Fund - Direct Plan Fortnightly Income Distribution cum Capital Withdrawal Option (IDCW),119815
SBI SHORT TERM DEBT FUND - DIRECT PLAN -GROWTH,119816
SBI Short Term Debt Fund - Direct Plan Weekly Income Distribution cum Capital Withdrawal Option (IDCW),119817
SBI Low Duration Fund - Direct Plan - Monthly Income Distribution cum Capital Withdrawal Option (IDCW),119818
SBI Low Duration Fund - Direct Plan - Weekly Income Distribution cum Capital Withdrawal Option (IDCW),119819
SBI Savings Fund - Direct Plan - Income Distribution cum Capital Withdrawal Option (IDCW),119820
SBI  SAVINGS FUND - DIRECT PLAN - GROWTH,119821
SBI Savings Fund - Direct Plan Daily Income Distribution cum Capital Withdrawal Option (IDCW),119822
SBI Savings Fund - Direct Plan Weekly Income Distribution cum Capital Withdrawal Option (IDCW),119823
SBI MEDIUM DURATION FUND - DIRECT PLAN - GROWTH,119824
SBI Medium Duration Fund - Direct Plan - Income Distribution cum Capital Withdrawal Option (IDCW),119825
SBI Nifty Index Fund - Direct Plan - Income Distribution cum Capital Withdrawal Option (IDCW),119826
SBI NIFTY INDEX FUND - DIRECT PLAN - GROWTH,119827
SBI ULTRA SHORT DURATION FUND - DIRECT PLAN - GROWTH,119828
SBI Ultra Short Duration Fund - Direct Plan - Weekly Income Distribution cum Capital Withdrawal Option (IDCW),119829
SBI Overnight Fund - Direct Plan - Daily Income Distribution cum Capital Withdrawal Option (IDCW),119831
SBI Overnight Fund - Direct Plan - Weekly Income Distribution cum Capital Withdrawal Option (IDCW),119832
SBI OVERNIGHT FUND - DIRECT PLAN - GROWTH,119833
SBI Focused Fund - Direct Plan - Income Distribution cum Capital Withdrawal Option (IDCW),119834
SBI CONTRA FUND - DIRECT PLAN - GROWTH,119835
SBI Conservative Hybrid Fund  - Direct Plan - Quarterly Income Distribution cum Capital Withdrawal Option (IDCW),119836
SBI Conservative Hybrid Fund - Direct Plan - Annual Income Distribution cum Capital Withdrawal Option (IDCW),119837
SBI Conservative Hybrid Fund - Direct Plan - Monthly Income Distribution cum Capital Withdrawal Option (IDCW),119838
SBI Conservative Hybrid Fund - Direct Plan - Growth,119839
SBI Multi Asset Allocation Fund - Direct Plan - Annual Income Distribution cum Capital Withdrawal Option (IDCW),119840
SBI Multi Asset Allocation Fund - Direct Plan - Monthly Income Distribution cum Capital Withdrawal Option (IDCW),119841
SBI Multi Asset Allocation Fund - Direct Plan - Quarterly Income Distribution cum Capital Withdrawal Option (IDCW),119842
SBI MULTI ASSET ALLOCATION FUND - DIRECT PLAN - GROWTH,119843
Tata Liquid Fund- Direct Plan-Growth Option,119861
Tata Liquid Fund- Direct Plan - Daily Reinvestment of IDCW Option,119862
Tata Treasury Advantage Fund - Direct Plan - Growth Option,119863
Tata Treasury Advantage Fund Direct Plan - Daily Reinvestment of IDCW Option,119864
Tata Treasury Advantage Fund Direct Plan - Weekly Payout of IDCW Option,119865
TATA Income Fund Direct Plan - Periodic Payout of Income Distribution cum capital withdrawal option,119875
Tata Income Fund - Direct Plan - Growth Option,119876
TATA Income Fund-Direct Plan - Half Yearly Payout of IDCW Option,119877
Tata Short Term Bond Fund - Direct Plan - Growth Option,119949
Tata Short Term Bond Fund Direct Plan - Monthly Payout of IDCW Option,119950
Tata Gilt Securities Fund- Direct Plan - Growth Option,119953
Tata Gilt Securities Fund - Direct Plan - Payout of IDCW Option,119954
Tata Treasury Advantage Fund Direct Plan - Periodic Payout of IDCW Option,119957
Tata Equity Savings Fund-Direct Plan - Monthly Payout of IDCW Option,119958
Tata Equity Savings Fund-Direct Plan - Periodic Payout of IDCWS Option,119959
Tata Equity Savings Fund- Direct Plan- Growth Option,119960
HSBC Large Cap Fund - Direct IDCW,120029
HSBC Large Cap Fund - Direct Growth,120030
HSBC Brazil Fund - Growth Direct,120035
HSBC Brazil Fund - IDCW Direct Plan,120036
HSBC Liquid Fund - Direct Daily IDCW,120037
HSBC Liquid Fund -  Growth Direct,120038
HSBC Liquid Fund - Direct Monthly IDCW,120039
HSBC Liquid Fund - Direct Weekly IDCW,120040
HSBC Global Emerging Market Fund - Growth Direct,120043
HSBC Global Emerging Markets Fund - IDCW Direct Plan,120044
HSBC Flexi Cap Fund - Direct IDCW,120045
HSBC Flexi Cap Fund - Direct Growth,120046
HSBC Medium to Long Duration Fund - Direct Growth,120059
HSBC Conservative Hybrid Fund - Direct Growth,120073
HSBC Conservative Hybrid Fund - Direct Monthly IDCW,120074
HSBC Conservative Hybrid Fund - Direct Quarterly IDCW,120075
PGIM India Dynamic Bond Fund - Direct Plan-Growth Option,120084
PGIM India Dynamic Bond Fund - Direct Plan-Monthly Dividend Option,120085
PGIM India Dynamic Bond Fund - Direct Plan-Quarterly Dividend Option,120086
HSBC Medium to Long Duration Fund - Direct Quarterly IDCW,120101
SBI Constant Maturity 10 Year Gilt Fund - Direct Plan - Income Distribution cum Capital Withdrawal Option (IDCW),120136
SBI CONSTANT MATURITY 10 YEAR GILT FUND - DIRECT PLAN - GROWTH,120137
Kotak Large Cap  Fund - Growth - Direct,120152
Kotak Large Cap Fund - Payout of Income Distribution cum capital withdrawal option - Direct,120153
Kotak Debt Hybrid - Growth - Direct,120154
Kotak Debt Hybrid - Monthly Payout of Income Distribution cum capital withdrawal option - Direct,120155
Kotak Large & Midcap Fund - IDCW-Direct,120157
Kotak Large & Midcap Fund - Direct- Growth,120158
Kotak-Small Cap Fund - Payout of Income Distribution cum capital withdrawal option - Direct,120163
Kotak-Small Cap Fund - Growth - Direct,120164
Kotak Flexicap Fund - Payout of Income Distribution cum capital withdrawal option- Direct,120165
Kotak Flexicap Fund - Growth - Direct,120166
ICICI Prudential US Bluechip Equity Fund - Direct Plan -  IDCW,120185
ICICI Prudential US Bluechip Equity Fund - Direct Plan -  Growth,120186
ICICI Prudential Liquid Fund - Direct Plan -  Half Yearly IDCW,120187
ICICI Prudential Liquid Fund - Direct Plan - Daily IDCW,120188
ICICI Prudential Liquid Fund - Direct Plan - Monthly IDCW,120189
ICICI Prudential Liquid Fund - Direct Plan - Weekly IDCW,120190
ICICI Prudential Liquid Fund - Direct Plan -  IDCW Others,120191
ICICI Prudential Liquid Fund - Direct Plan - Quarterly IDCW,120196
ICICI Prudential Liquid Fund - Direct Plan - Growth,120197
ICICI Prudential Liquid Fund - Direct Plan -  Annual IDCW,120198
ICICI Prudential Money Market Fund Option - Direct Plan -  Daily IDCW,120209
ICICI Prudential Money Market Fund Option - Direct Plan -  Fortnightly IDCW,120210
ICICI Prudential Money Market Fund Option - Direct Plan -  Growth,120211
ICICI Prudential Money Market Fund Option - Direct Plan -  Weekly IDCW,120212
ICICI Prudential Money Market Fund Option - Direct Plan -  Monthly IDCW,120213
ICICI Prudential Money Market Fund Option - Direct Plan -  IDCW Others,120216
ICICI Prudential Multi Sector Passive FOF - Direct Plan - Growth,120242
ICICI Prudential Multi Sector Passive FOF - Direct Plan -  IDCW,120243
ICICI Prudential Banking and Financial Services Fund - Direct Plan -  Growth,120244
ICICI Prudential Banking and Financial Services Fund - Direct Plan -  IDCW,120245
LIC MF Liquid Fund-Direct Plan-Daily IDCW,120248
LIC MF Liquid Fund-Direct Plan-Growth,120249
ICICI Prudential Equity & Debt Fund - Direct Plan - Growth,120251
ICICI Prudential Equity & Debt Fund - Direct Plan - Monthly IDCW,120252
ICICI Prudential Banking and PSU Debt Fund - Direct Plan -  Weekly IDCW,120255
ICICI Prudential Banking and PSU Debt Fund - Direct Plan -  Growth,120256
ICICI Prudential Banking and PSU Debt Fund - Direct Plan -  Daily IDCW,120257
ICICI Prudential Banking and PSU Debt Fund - Direct Plan -  Quarterly IDCW,120258
LIC MF ULIS (5 Yrs. Single Premium)-Direct Plan-IDCW Reinvestment,120259
LIC MF Aggressive Hybrid Fund-Direct Plan-IDCW,120260
LIC MF Aggressive Hybrid Fund-Direct Plan-Growth,120261
LIC MF Flexi Cap Fund-Direct Plan-IDCW,120263
LIC MF Flexi Cap Fund-Direct Plan-Growth,120264
LIC MF Large Cap Fund-Direct Plan-Growth,120267
LIC MF Large Cap Fund-Direct Plan-IDCW,120268
LIC MF ELSS Tax Saver-Direct Plan-IDCW,120269
LIC MF ELSS Tax Saver-Direct Plan-Growth,120270
LIC MF Conservative Hybrid Fund-Direct Plan-Quarterly IDCW,120274
LIC MF Conservative Hybrid Fund-Direct Plan-Yearly IDCW,120275
LIC MF Conservative Hybrid Fund-Direct Plan-Growth,120276
LIC MF Conservative Hybrid Fund-Direct Plan-Monthly IDCW,120277
LIC MF Medium to Long Duration Fund-Direct Plan-IDCW,120278
LIC MF Medium to Long Duration Fund-Direct Plan-Growth,120279
LIC MF Gilt Fund-Direct Plan-Growth,120282
LIC MF Gilt Fund-Direct Plan-IDCW,120283
LIC MF Children's Fund-Direct Plan-Growth,120285
UTI MMF - Direct Plan - Growth Option,120299
ICICI Prudential Blended Plan B - Direct Plan -  Growth Option - I,120300
ICICI Prudential Blended Plan B - Direct Plan -  Monthly Dividend Option - I,120301
ICICI Prudential Blended Plan B - Direct Plan -  Dividend Option - I,120302
ICICI Prudential Blended Plan B-Direct Plan -  Daily Dividend Option - I,120303
UTI-  Liquid Cash Plan - Direct Plan - Growth Option,120304
LIC MF Nifty 50 Index Fund-Direct Plan-Growth,120307
LIC MF BSE Sensex Index Fund-Direct Plan-Growth,120308
LIC MF Nifty 50 Index Fund-Direct Plan-IDCW,120309
ICICI Prudential Blended Plan A-Direct Plan -  Growth,120310
ICICI Prudential Blended Plan A-Direct Plan -  Dividend,120311
LIC MF BSE Sensex Index Fund-Direct Plan-IDCW,120312
ICICI Prudential Income plus Arbitrage Omni FOF - Direct Plan - Growth,120313
ICICI Prudential Income plus Arbitrage Omni FOF - Direct Plan - IDCW,120314
LIC MF Low Duration Fund-Direct Plan-Growth,120315
LIC MF Low Duration Fund-Direct Plan-Daily IDCW,120316
LIC MF Low Duration Fund-Direct Plan-Monthly IDCW,120317
LIC MF Low Duration Fund-Direct Plan-Weekly IDCW,120318
ICICI Prudential Value Fund (erstwhile Value Discovery Fund) - Direct Plan - IDCW,120322
ICICI Prudential Value Fund (erstwhile Value Discovery Fund) - Direct Plan - Growth,120323
Invesco India Balanced Advantage Fund - Direct Plan - IDCW (Payout / Reinvestment),120332
Invesco India Balanced Advantage Fund - Direct Plan - Growth,120333
ICICI Prudential Multi-Asset Fund - Direct Plan - Growth,120334
ICICI Prudential Multi-Asset Fund - Direct Plan - IDCW,120335
LIC MF Banking & PSU Fund-Direct Plan-Weekly IDCW,120336
LIC MF Banking & PSU Fund-Direct Plan-Daily IDCW,120337
LIC MF Banking & PSU Fund-Direct Plan-Growth,120338
LIC MF Banking & PSU Fund-Direct Plan-Monthly IDCW,120339
Invesco India Contra Fund - Direct Plan - Growth,120348
Invesco India Contra Fund - Direct Plan - IDCW (Payout / Reinvestment),120349
LIC MF Infrastructure Fund-Direct Plan-IDCW,120350
LIC MF Infrastructure Fund-Direct Plan-Growth,120351
Invesco India Large & Mid Cap Fund - Direct Plan - IDCW (Payout / Reinvestment),120356
Invesco India Large & Mid Cap Fund - Direct Plan - Growth,120357
ICICI Prudential Equity Arbitrage Fund - Direct Plan - Growth,120364
ICICI Prudential Equity Arbitrage Fund - Direct Plan - IDCW,120365
ICICI Prudential Balanced Advantage Fund - Direct Plan -  IDCW,120376
ICICI Prudential Balanced Advantage Fund - Direct Plan -  Growth,120377
ICICI Prudential MidCap Fund - Direct Plan -  IDCW,120380
ICICI Prudential MidCap Fund - Direct Plan -  Growth,120381
Invesco India Financial Services Fund - Direct Plan - IDCW (Payout / Reinvestment),120384
Invesco India Financial Services Fund - Direct Plan - Growth,120385
Axis Liquid Fund - Direct Plan - Daily IDCW,120388
Axis Liquid Fund - Direct Plan - Growth Option,120389
Axis Liquid Fund - Direct Plan - Weekly IDCW,120390
Axis Liquid Fund - Direct Plan - Monthly IDCW,120391
Invesco India Largecap Fund - Direct Plan - Growth,120392
Invesco India Largecap Fund - Direct Plan - IDCW (Payout / Reinvestment),120393
Invesco India PSU Equity Fund - Direct Plan - IDCW (Payout / Reinvestment),120394
Invesco India PSU Equity Fund - Direct Plan - Growth,120395
ICICI Prudential Savings Fund - Direct Plan - Weekly IDCW,120396
ICICI Prudential Savings Fund - Direct Plan - Daily IDCW,120397
ICICI Prudential Savings Fund - Direct Plan - Growth,120398
ICICI Prudential Savings Fund - Direct Plan - IDCW Others,120399
Invesco India Arbitrage Fund - Direct Plan - IDCW (Payout / Reinvestment),120400
Invesco India Arbitrage Fund - Direct Plan - Growth Option,120401
Invesco India Midcap Fund - Direct Plan - IDCW (Payout / Reinvestment),120402
Invesco India Midcap Fund - Direct Plan - Growth Option,120403
Invesco India Infrastructure Fund - Direct Plan - IDCW (Payout / Reinvestment),120404
Invesco India Infrastructure Fund - Direct Plan - Growth Option,120405
JM Liquid Fund (Direct) - Growth Option,120406
JM Liquid Fund (Direct) - Weekly IDCW,120407
JM Liquid Fund (Direct) - Quarterly IDCW,120408
JM Liquid Fund (Direct) - Bonus Option - Bonus Option - Principal units,120410
JM Liquid Fund (Direct) - Daily IDCW,120411
Invesco India Multicap Fund - Direct Plan - IDCW (Payout / Reinvestment),120412
Invesco India Multicap Fund - Direct Plan - Growth Option,120413
Invesco India ELSS Tax Saver Fund - Direct Plan - Growth,120416
Invesco India ELSS Tax Saver Fund - Direct Plan - IDCW Payout,120417
ICICI Prudential Floating Interest Fund - Direct Plan - Daily IDCW,120423
ICICI Prudential Floating Interest Fund - Direct Plan - Weekly IDCW,120424
ICICI Prudential Floating Interest Fund - Direct Plan - Growth,120425
ICICI Prudential Floating Interest Fund - Direct Plan - IDCW Others,120426
ICICI Prudential Floating Interest Fund - Direct Plan - Fortnightly IDCW,120427
JM Medium to Long Duration Fund (Direct) - Bonus Option - Principal Units,120428
JM Medium to Long Duration Fund (Direct) - Growth Option,120430
JM Medium to Long Duration Fund (Direct) - Quarterly IDCW,120431
JM Dynamic Bond Fund (Direct) - Daily IDCW,120432
JM Dynamic Bond Fund (Direct) - Weekly IDCW,120433
JM Dynamic Bond Fund (Direct) - IDCW,120434
JM Dynamic Bond Fund - (Direct) - Growth Option,120435
Axis Banking & PSU Debt Fund - Direct Plan - Weekly IDCW,120436
Axis Banking & PSU Debt Fund - Direct Plan - Daily IDCW,120437
Axis Banking & PSU Debt Fund - Direct Plan - Growth Option,120438
Axis Banking & PSU Debt Fund - Direct Plan - Monthly IDCW,120439
Invesco India Banking and PSU Fund - Direct Plan - Daily IDCW (Reinvestment),120443
Invesco India Banking and PSU Fund - Direct Plan -  Growth Option,120444
Invesco India Banking and PSU Fund - Direct Plan - Monthly IDCW (Payout / Reinvestment),120445
Axis Gilt Fund - Direct Plan - Growth Option,120447
Axis Gilt Fund - Direct Plan - Half Yearly IDCW,120448
Axis Gilt Fund - Direct Plan - Regular IDCW,120449
Axis Dynamic Bond Fund - Direct Plan - Half Yearly IDCW,120450
Axis Dynamic Bond Fund - Direct Plan - Growth Option,120451
Axis Dynamic Bond Fund - Direct Plan - Quarterly IDCW,120452
JM Ultra Short Duration Fund - (Direct) -Daily Dividend Option,120454
JM Ultra Short Duration Fund - (Direct) -Weekly Dividend Option,120455
JM Ultra Short Duration Fund (Direct) - Fortnightly Dividend Option,120457
JM Ultra Short Duration Fund - (Direct) - Growth Option,120458
Axis Large Cap Fund - Direct Plan - Growth,120465
Axis Large Cap Fund - Direct Plan - IDCW,120466
Axis Focused Fund - Direct Plan - IDCW,120467
Axis Focused Fund - Direct Plan - Growth Option,120468
JM Short Term Fund (Direct) - Daily Dividend Option,120469
JM Short Term Fund (Direct) - Dividend Option,120470
JM Short Term Fund (Direct) - Growth Option,120471
Axis Gold Fund - Direct Plan - IDCW,120472
Axis Gold Fund - Direct Plan - Growth option,120473
Axis Strategic Bond Fund - Direct Plan - Half Yearly IDCW,120474
Axis Strategic Bond Fund - Direct Plan - Growth Option,120475
Axis Strategic Bond Fund - Direct Plan - Quarterly IDCW,120476
Axis Conservative Hybrid Fund - Direct Plan - Annual IDCW,120477
Axis Conservative Hybrid Fund - Direct Plan - Half Yearly,120478
Axis Conservative Hybrid Fund - Direct Plan - Quarterly,120479
Axis Conservative Hybrid Fund - Direct Plan - Growth Option,120480
JM Arbitrage Fund (Direct)- IDCW,120481
JM Arbitrage Fund (Direct) - Growth Option,120482
JM Aggressive Hybrid Fund (Direct) - IDCW,120483
JM Aggressive Hybrid Fund (Direct) - Growth Option,120484
JM Value Fund (Direct) - IDCW,120485
JM Value Fund (Direct) - Growth Option,120486
JM Focused Fund (Direct) -  IDCW,120487
JM Focused Fund (Direct)  - Growth Option,120488
JM Large Cap Fund (Direct) - IDCW,120489
JM Large Cap Fund (Direct) - Growth Option,120490
JM Flexicap Fund (Direct) - IDCW,120491
JM Flexicap Fund (Direct) - Growth Option,120492
JM ELSS Tax Saver Fund (Direct) - IDCW,120493
JM ELSS Tax Saver Fund (Direct) - Growth Option,120494
Invesco India Corporate Bond Fund - Direct Plan - Monthly IDCW (Payout / Reinvestment),120496
Invesco India Corporate Bond Fund - Direct Plan - Growth,120497
Invesco India Corporate Bond Fund - Direct Plan - Discretionary IDCW (Payout / Reinvestment),120499
Invesco India Corporate Bond Fund - Direct Plan - Annual IDCW (Payout / Reinvestment),120500
Invesco India Corporate Bond Fund - Direct Plan - Quarterly IDCW (Payout / Reinvestment),120501
Axis ELSS Tax Saver Fund - Direct Plan - IDCW,120502
Axis ELSS Tax Saver Fund - Direct Plan - Growth Option,120503
Axis Midcap Fund - Direct Plan - IDCW,120504
Axis Midcap Fund - Direct Plan - Growth,120505
Invesco India Money Market Fund - Direct Plan - Daily IDCW (Reinvestment),120506
Invesco India Money Market Fund - Direct Plan - Growth,120507
Invesco India Money Market Fund - Direct Plan - Discretionary IDCW (Payout / Reinvestment),120508
Invesco India Money Market Fund - Direct Plan - Monthly IDCW (Payout / Reinvestment),120509
Axis Short Duration Fund - Direct Plan - Growth Option,120510
Axis Short Duration Fund - Direct Plan - Monthly IDCW,120511
Axis Short Duration Fund - Direct Plan - Weekly IDCW,120512
Axis Treasury Advantage Fund - Direct Plan - Growth Option,120513
Axis Treasury Advantage Fund - Direct Plan - Weekly IDCW,120514
Axis Treasury Advantage Fund - Direct Plan - Daily IDCW,120515
Axis Treasury Advantage Fund - Direct Plan - Monthly IDCW,120516
Aditya Birla Sun Life Equity Hybrid'95 Fund - Direct Plan-Growth,120517
Aditya Birla Sun Life Equity Hybrid'95 Fund -DIRECT - IDCW,120518
Invesco India Gilt Fund - Direct Plan - Annual IDCW (Payout / Reinvestment),120519
Invesco India Gilt Fund - Direct  Plan - Growth,120520
Invesco India Gilt Fund - Direct Plan - Monthly IDCW (Reinvestment),120521
Invesco India Gilt Fund - Direct Plan - Quarterly IDCW (Payout / Reinvestment),120522
Axis Multi Asset Allocation Fund - Direct Plan - Monthly IDCW,120523
Axis Multi Asset Allocation Fund - Direct Plan - Growth Option,120524
Invesco India Gold ETF Fund of Fund - Direct Plan - IDCW (Payout / Reinvestment),120530
Invesco India Gold ETF Fund of Fund - Direct Plan - Growth,120531
Invesco India Liquid Fund - Direct Plan- Daily IDCW (Reinvestment),120534
Invesco India Liquid Fund - Direct Plan - Weekly IDCW (Reinvestment),120535
Invesco India Liquid Fund - Direct Plan - Monthly IDCW (Payout / Reinvestment),120536
Invesco India Liquid Fund - Direct Plan - Growth,120537
Aditya Birla Sun Life Digital India Fund -DIRECT - IDCW,120538
Aditya Birla Sun Life Digital India Fund - Growth - Direct Plan,120539
Invesco India Ultra Short Duration Fund - Direct Plan - Growth,120541
Invesco India Ultra Short Duration Fund - Direct Plan - Monthly IDCW (Payout / Reinvestment),120542
Invesco India Ultra Short Duration Fund - Direct Plan - Annual IDCW (Payout / Reinvestment),120543
Invesco India Ultra Short Duration Fund - Direct Plan - Quarterly IDCW (Payout / Reinvestment),120544
Aditya Birla Sun Life Gold Fund-DIRECT - IDCW,120545
Aditya Birla Sun Life Gold Fund - Growth - Direct Plan,120546
Aditya Birla Sun Life Regular Savings Fund - DIRECT - MONTHLY IDCW,120550
UTI Liquid Fund - Direct Plan - Daily IDCW (Reinvestment),120558
Invesco India Short Duration Fund - Direct Plan - Daily IDCW (Reinvestment),120559
Invesco India Short Duration Fund - Direct Plan - Growth,120560
Invesco India Short Duration Fund - Direct Plan - Monthly IDCW (Payout / Reinvestment),120561
Invesco India Short Duration Fund - Direct Plan -Weekly IDCW (Reinvestment),120562
Invesco India Short Duration Fund - Direct Plan -Discretionary IDCW (Payout / Reinvestment),120563
Aditya Birla Sun Life Flexi Cap Fund - Growth - Direct Plan,120564
Aditya Birla Sun Life Flexi Cap Fund -DIRECT - IDCW,120565
Invesco India Low Duration Fund - Direct Plan -Daily IDCW (Reinvestment),120566
Invesco India Low Duration Fund - Direct Plan - Discretionary IDCW (Payout / Reinvestment),120567
Invesco India Low Duration Fund - Direct Plan - Weekly IDCW (Payout / Reinvestment),120568
Invesco India Low Duration Fund - Direct Plan - Growth,120570
Invesco India Low Duration Fund - Direct Plan - Monthly IDCW (Payout / Reinvestment),120571
SBI CONSUMPTION OPPORTUNITIES FUND - DIRECT PLAN - GROWTH,120575
SBI CONSUMPTION OPPORTUNITIES FUND - REGULAR - GROWTH,120576
SBI TECHNOLOGY OPPORTUNITIES FUND - REGULAR PLAN - GROWTH,120577
SBI TECHNOLOGY OPPORTUNITIES FUND - DIRECT PLAN - GROWTH,120578
ICICI Prudential Children's Fund - Direct Plan,120579
ICICI Prudential Dynamic Bond Fund - Direct Plan -  Monthly Dividend,120580
ICICI Prudential Dynamic Bond Fund - Direct Plan -  Half Yearly Dividend,120581
ICICI Prudential Dynamic Bond Fund - Direct Plan -  Growth,120582
ICICI Prudential Dynamic Bond Fund - Direct Plan - Quarterly Dividend,120583
ICICI Prudential Dynamic Bond Fund - Direct Plan -  Daily Dividend,120584
ICICI Prudential Large Cap Fund (erstwhile Bluechip Fund)  - Direct Plan - IDCW,120585
ICICI Prudential Large Cap Fund (erstwhile Bluechip Fund) - Direct Plan - Growth,120586
ICICI Prudential FMCG Fund - Direct Plan -  Growth,120587
ICICI Prudential FMCG Fund - Direct Plan -  IDCW,120588
ICICI Prudential Gilt Fund - Direct Plan - IDCW,120589
ICICI Prudential Gilt Fund - Direct Plan - Growth,120590
ICICI Prudential Smallcap Fund - Direct Plan - Growth,120591
ICICI Prudential ELSS Tax Saver Fund - Direct Plan - Growth,120592
ICICI Prudential ELSS Tax Saver Fund - Direct Plan - IDCW,120593
ICICI Prudential Technology Fund - Direct Plan -  Growth,120594
ICICI Prudential Technology Fund - Direct Plan -  IDCW,120595
ICICI Prudential Large & Mid Cap Fund - Direct Plan - Growth,120596
ICICI Prudential Large & Mid Cap Fund - Direct Plan - IDCW,120597
ICICI Prudential Multicap Fund - Direct Plan -  IDCW,120598
ICICI Prudential Multicap Fund - Direct Plan -  Growth,120599
ICICI Prudential All Seasons Bond Fund - Direct Plan - IDCW,120600
ICICI Prudential All Seasons Bond Fund - Direct Plan - Annual IDCW,120601
ICICI Prudential All Seasons Bond Fund - Direct Plan - Quarterly IDCW,120602
ICICI Prudential All Seasons Bond Fund - Direct Plan - Growth,120603
ICICI Prudential All Seasons Bond Fund - Direct Plan - Weekly IDCW,120604
ICICI Prudential Gilt Fund Investment Plan PF Option - Direct Plan -Growth Option,120605
ICICI Prudential Gilt Fund Investment Plan PF Option - Direct Plan - Half Yearly Dividend,120606
ICICI Prudential Short Term Gilt Fund - Direct Plan -  Dividend,120607
ICICI Prudential Short Term Gilt Fund - Direct Plan -  Growth,120608
ICICI Prudential Short Term Gilt Fund - Direct Plan -  Half Yearly Dividend,120609
ICICI Prudential Gilt Fund Treasury Plan PF Option - Direct Plan - Quarterly Dividend,120610
ICICI Prudential Gilt Fund Treasury Plan PF Option - Direct Plan -Growth Option,120611
ICICI Prudential Gilt Fund Treasury Plan PF Option - Direct Plan - Half Yearly Dividend,120612
ICICI Prudential Regular Savings Fund - Direct Plan - Half Yearly IDCW,120613
ICICI Prudential Regular Savings Fund - Direct Plan - Quarterly IDCW,120614
ICICI Prudential Regular Savings Fund - Direct Plan - Monthly IDCW,120615
ICICI Prudential Regular Savings Fund - Direct Plan - Growth,120616
ICICI Prudential Bond Fund - Direct Plan - IDCW Monthly,120617
ICICI Prudential Bond Fund - Direct Plan - IDCW Quarterly,120618
ICICI Prudential Bond Fund - Direct Plan - Growth,120619
ICICI Prudential Nifty 50 Index Fund - Direct Plan Cumulative Option,120620
ICICI Prudential Infrastructure Fund - Direct Plan -  Growth,120621
ICICI Prudential Infrastructure Fund - Direct Plan -  IDCW,120622
ICICI Prudential Interval Fund IV Quarterly Interval Plan B - Direct Plan -  Growth,120623
ICICI Prudential Interval Fund IV Quarterly Interval Plan B - Direct Plan -  Dividend,120624
ICICI Prudential Interval Fund Annual Interval Plan I - Direct Plan -  Growth,120625
ICICI Prudential Interval Fund Annual Interval Plan II - Direct Plan -  Growth,120627
ICICI Prudential Interval Fund Annual Interval Plan III - Direct Plan -  Growth,120629
ICICI Prudential Interval Fund Annual Interval Plan IV - Direct Plan -  Growth,120631
ICICI Prudential Interval Fund Monthly Interval Plan I - Direct Plan -  Dividend,120635
ICICI Prudential Interval Fund Monthly Interval Plan I - Direct Plan -  Growth,120636
ICICI Prudential Interval Fund Quarterly Interval Plan 1 - Direct Plan - Dividend,120637
ICICI Prudential Interval Fund Quarterly Interval Plan 1 - Direct Plan -  Growth,120638
ICICI Prudential Interval Fund II Quarterly Interval - Direct Plan -  Growth,120639
ICICI Prudential Interval Fund II Quarterly Interval Plan A - Direct Plan -  Dividend,120641
ICICI Prudential Interval Fund II Quarterly Interval Plan A - Direct Plan -  Growth,120642
ICICI Prudential Interval Fund II Quarterly Interval Plan B - Direct Plan -  Growth,120643
ICICI Prudential Interval Fund II Quarterly Interval Plan B - Direct Plan -  Dividend,120644
ICICI Prudential Interval Fund II Quarterly Interval Plan C - Direct Plan -  Growth,120646
ICICI Prudential Interval Fund II Quarterly Interval Plan C - Direct Plan -  Dividend,120647
ICICI Prudential Interval Fund II Quarterly Interval Plan C - Direct Plan -  Quarterly Dividend Payout,120648
ICICI Prudential Interval Fund II Quarterly Interval Plan D - Direct Plan - Growth,120649
ICICI Prudential Interval Fund II Quarterly Interval Plan D - Direct Plan -  Quarterly Dividend Payout,120650
ICICI Prudential Interval Fund II Quarterly Interval Plan D - Direct Plan -  Dividend,120651
ICICI Prudential Interval Fund II Quarterly Interval Plan F - Direct Plan -  Growth,120652
ICICI Prudential Interval Fund II Quarterly Interval Plan F - Direct Plan -  Dividend,120653
ICICI Prudential Interval Fund III Quarterly Interval - Direct Plan -  Dividend,120654
ICICI Prudential Interval Fund III Quarterly Interval - Direct Plan -  Growth,120655
UTI Large Cap Fund - Direct Plan - Growth Option,120656
UTI Large Cap Fund - Direct Plan - IDCW,120657
ICICI Prudential Interval Fund V Monthly Interval Plan A - Direct Plan -  Dividend,120660
ICICI Prudential Interval Fund V Monthly Interval Plan A - Direct Plan - Growth,120661
UTI - Flexi Cap Fund-Growth Option - Direct,120662
UTI Flexi Cap Fund - Direct Plan - IDCW,120663
UTI Large & Mid Cap Fund - Direct Plan - IDCW,120664
UTI Large & Mid Cap Fund - Direct Plan - Growth Option,120665
ICICI Prudential MIP - Direct Plan -  Dividend Quarterly,120666
ICICI Prudential MIP - Direct Plan -  Dividend Monthly,120667
ICICI Prudential MIP - Direct Plan -  Growth,120668
ICICI Prudential MIP - Direct Plan -  Dividend Half Yearly,120669
ICICI Prudential Medium Term Bond Fund - Direct Plan - Growth,120670
ICICI Prudential Medium Term Bond Fund - Direct Plan - Quarterly IDCW,120671
ICICI Prudential Medium Term Bond Fund - Direct Plan - Half Yearly IDCW,120672
UTI Aggressive Hybrid Fund - Direct Plan - IDCW,120673
UTI Aggressive Hybrid Fund -Direct Plan - Growth,120674
ICICI Prudential Ultra Short Term Fund - Direct Plan -  Quarterly IDCW,120675
ICICI Prudential Ultra Short Term Fund - Direct Plan -  Growth,120676
ICICI Prudential Ultra Short Term Fund - Direct Plan -  Monthly IDCW,120677
ICICI Prudential Ultra Short Term Fund - Direct Plan -  Half Yearly IDCW,120678
ICICI Prudential Dynamic Asset Allocation Active FOF - Direct Plan - Growth,120679
ICICI Prudential Dynamic Asset Allocation Active FOF - Direct Plan - IDCW,120680
UTI MNC Fund - Direct Plan - IDCW,120681
UTI - MNC Fund - Growth Option - Direct,120682
ICICI Prudential Nifty Next 50 Index Fund - Direct Plan -  IDCW,120683
ICICI Prudential Nifty Next 50 Index Fund - Direct Plan -  Growth,120684
ICICI Prudential Gold ETF FOF - Direct Plan - Growth,120685
ICICI Prudential Gold ETF FOF - Direct Plan - IDCW,120686
ICICI Prudential Exports & Services Fund - Direct Plan - IDCW,120687
ICICI Prudential Exports & Services Fund - Direct Plan - Growth,120688
UTI Medium to Long Duration Fund-Growth - Direct,120689
UTI Medium to Long Duration Fund - Direct Plan - Quarterly IDCW,120690
ICICI Prudential Child Care Plan Study - Direct Plan- Cumulative,120691
ICICI Prudential Corporate Bond Fund - Direct Plan - Growth,120692
ICICI Prudential Corporate Bond Fund - Direct Plan - Weekly IDCW,120693
ICICI Prudential Corporate Bond Fund - Direct Plan - Quarterly IDCW,120694
ICICI Prudential Corporate Bond Fund - Direct Plan - Daily IDCW,120695
ICICI Prudential Corporate Bond Fund - Direct Plan - Fortnightly IDCW,120696
ICICI Prudential Corporate Bond Fund - Direct Plan - Monthly IDCW,120697
ICICI Prudential Aggressive Hybrid Active FOF - Direct Plan - Growth,120700
ICICI Prudential Diversified Debt Strategy Active FOF  - Direct Plan - Growth,120702
ICICI Prudential Diversified Debt Strategy Active FOF - Direct Plan -  IDCW,120703
Aditya Birla Sun Life Regular Savings Fund - Growth / Payment - Direct Plan,120705
ICICI Prudential Credit Risk Fund - Direct Plan - Quarterly IDCW,120709
ICICI Prudential Credit Risk Fund - Direct Plan - Half Yearly IDCW,120710
ICICI Prudential Credit Risk Fund - Direct Plan - Growth,120711
UTI ELSS Tax Saver Fund - Direct Plan - IDCW,120714
UTI ELSS Tax Saver Fund - Direct Plan - Growth Option,120715
UTI Nifty 50 Index Fund - Growth Option- Direct,120716
UTI Nifty 50 Index Fund - Direct Plan - IDCW,120717
UTI Short Duration Fund - Direct Plan - Growth Option,120718
UTI Short Duration Fund - Direct Plan - Quarterly IDCW,120719
ICICI Prudential Focused Equity Fund - Direct Plan - Growth,120722
ICICI Prudential Focused Equity Fund - Direct Plan - IDCW,120723
UTI Children's Equity Fund - Direct Plan - Growth Option,120724
UTI Children's Equity Fund - Direct Plan - IDCW,120725
UTI Mid Cap Fund-Growth Option- Direct,120726
UTI Mid Cap Fund - Direct Plan - IDCW,120727
UTI Infrastructure Fund-Growth Option- Direct,120728
UTI Infrastructure Fund - Direct Plan - IDCW,120729
UTI Transportation and Logistics Fund - Direct Plan - IDCW,120730
UTI-Transportation and Logistics  Fund-Growth Option- Direct,120731
UTI Banking and Financial Services Fund - Direct Plan - IDCW,120732
UTI Banking and Financial Services Fund - Direct Plan - Growth Option,120733
UTI Low Duration Fund - Direct Plan - Quarterly IDCW,120734
UTI Low Duration Fund - Direct Plan - Growth Option,120735
UTI Low Duration Fund - Direct Plan - Monthly IDCW,120736
UTI Low Duration Fund - Direct Plan - Daily IDCW (Reinvestment),120737
UTI Low Duration Fund - Direct Plan - Bonus Option,120738
UTI Low Duration Fund - Direct Plan - Weekly IDCW,120739
ICICI Prudential Long Term Bond Fund - Direct Plan - Growth,120743
UTI Ultra Short Duration Fund - Direct Plan - Daily IDCW (Reinvestment),120744
UTI Ultra Short Duration Fund - Direct Plan - Weekly IDCW (Reinvestment),120745
UTI Ultra Short Duration Fund - Direct Plan - Growth Option,120746
ICICI Prudential Long Term Bond Fund - Direct Plan - Quarterly IDCW,120747
ICICI Prudential Long Term Bond Fund - Direct Plan - Half Yearly IDCW,120748
UTI-Dividend Yield Fund.-Growth-Direct,120749
UTI Dividend Yield Fund - Direct Plan - IDCW,120750
UTI Value Fund - Direct Plan - Growth Option,120751
UTI Value Fund - Direct Plan - IDCW,120752
ICICI Prudential Short Term Fund - Direct Plan - Reinvestment of IDCW Fortnightly,120753
ICICI Prudential Short Term Fund - Direct Plan - Growth Option,120754
ICICI Prudential Short Term Fund - Direct Plan - Monthly IDCW,120755
UTI Multi Asset Allocation Fund - Direct Plan - Growth Option,120760
UTI Multi Asset Allocation Fund - Direct Plan - IDCW,120761
UTI Dynamic Bond Fund - Direct Plan - Growth Option,120762
UTI Dynamic Bond Fund - Direct Plan - Quarterly IDCW,120763
UTI Credit Risk Fund - Direct Plan - Growth Option,120764
UTI Credit Risk Fund - Direct Plan - Quarterly IDCW,120765
UTI Retirement Fund- Direct Plan,120766
UTI Children's Hybrid Fund - Direct Plan,120771
UTI Money Market Fund - Direct Plan - Daily IDCW (Reinvestment),120772
UTI Liquid Fund - Direct Plan - Weekly IDCW,120777
UTI Conservative Hybrid Fund - Direct Plan - Monthly IDCW,120778
UTI Conservative Hybrid Fund - Direct Plan - Growth Option,120779
UTI India Consumer Fund - Direct Plan - Growth Option,120780
UTI India Consumer Fund - Direct Plan - IDCW,120781
UTI Healthcare Fund - Direct Plan - Growth Option,120782
UTI Healthcare Fund - Direct Plan - IDCW,120783
UTI - Unit Linked Insurance Plan- Direct,120784
UTI - Overnight Fund - Direct Plan - Growth Option,120785
UTI Overnight Fund - Direct Plan - Periodic IDCW,120786
UTI Conservative Hybrid Fund - Direct Plan - Flexi IDCW,120789
UTI Conservative Hybrid Fund - Direct Plan - Monthly Payment Option,120790
UTI Gilt Fund - Direct Plan - IDCW,120791
UTI - GILT FUND - Direct Plan - Growth Option,120792
UTI Money Market Fund - Direct Plan - Weekly IDCW,120793
UTI Liquid Fund - Direct Plan - Monthly IDCW,120794
UTI Arbitrage Fund - Direct Plan - Growth Option,120795
UTI Arbitrage Fund - Direct Plan - IDCW,120796
ICICI Prudential Interval Fund IV Quarterly Interval Plan B - Direct Plan -  Quarterly Dividend Payout,120811
quant Aggressive Hybrid Fund-IDCW Option-Direct Plan,120818
quant Aggressive Hybrid Fund-Growth Option-Direct Plan,120819
quant Multi Asset Allocation Fund - IDCW Option - Direct Plan,120820
quant Multi Asset Allocation Fund-GROWTH OPTION-Direct Plan,120821
quant Multi Cap Fund-IDCW Option - Direct Plan,120822
quant Multi Cap Fund-GROWTH OPTION-Direct Plan,120823
quant Large & Mid Cap Fund - Bonus Option-Direct Plan,120824
quant Large & Mid Cap Fund - IDCW Option - Direct Plan,120825
quant Large & Mid Cap Fund - Growth Option-Direct Plan,120826
quant Small Cap Fund - IDCW Option - Direct Plan,120827
quant Small Cap Fund - Growth Option - Direct Plan,120828
quant Infrastructure Fund - IDCW Option - Direct Plan,120832
quant Infrastructure Fund - Growth Option-Direct Plan,120833
quant Focused Fund - Growth Option-Direct Plan,120834
quant Focused Fund - IDCW Option - Direct Plan,120835
quant Liquid Fund-Daily IDCW Option - Direct Plan,120836
quant Liquid Fund - Growth Option - Direct Plan,120837
quant Liquid Fund - Monthly IDCW Option - Direct Plan,120838
quant Liquid Fund - Weekly IDCW Option - Direct Plan,120839
quant Mid Cap Fund - IDCW Option - Direct Plan,120840
quant Mid Cap Fund - Growth Option - Direct Plan,120841
quant Flexi Cap Fund - IDCW Option - Direct Plan,120842
quant Flexi Cap Fund - Growth Option-Direct Plan,120843
quant ELSS Tax Saver Fund - IDCW Option - Direct Plan,120846
quant ELSS Tax Saver Fund - Growth Option - Direct Plan,120847
ICICI Prudential Smallcap Fund - Direct Plan - IDCW,120870
SBI BSE SENSEX ETF,121109
ICICI Prudential Interval Fund - Series VI - Annual Interval Plan - A - Direct Plan - Dividend,121126
ICICI Prudential Interval Fund - Series VI - Annual Interval Plan - A - Direct Plan - Cumulative,121127
ICICI Prudential Interval Fund - Series VI - Annual Interval Plan - A - Cumulative,121129
Nippon India ETF Nifty 100,121146
Bandhan Banking and PSU Fund - Direct Growth,121279
Bandhan Banking and PSU Fund - Regular Growth,121280
Bandhan Banking and PSU Fund - Direct IDCW,121281
Bandhan Banking and PSU Fund - Regular IDCW,121282
ICICI Prudential Interval Fund - Series VI - Annual Interval Plan - C - Direct Plan - Cumulative,121362
ICICI Prudential Interval Fund - Series VI - Annual Interval Plan - C - Cumulative,121364
ICICI Prudential Nifty 50 ETF,121366
ICICI Prudential Interval Fund - Series VI - Annual Interval Plan - D - Direct Plan - Cumulative,121440
ICICI Prudential Interval Fund - Series VI - Annual Interval Plan - D - Cumulative,121441
ICICI Prudential Interval Fund - Series VI - Annual Interval Plan - D - Direct Plan - Dividend,121442
Reliance Yearly Interval Fund - Series 5 - Growth Plan - Growth Option,121699
Reliance Yearly Interval Fund - Series 5 - Direct Plan - Growth Plan - Growth Option,121701
UTI Ultra Short Duration Fund - Regular Plan - Flexi IDCW,121891
UTI Ultra Short Duration Fund - Direct Plan - Flexi IDCW,121892
Bandhan Banking and PSU Fund - Regular Fortnightly IDCW,121931
Bandhan Banking and PSU Fund - Regular Monthly IDCW,121932
Bandhan Banking and PSU Fund - Regular Annual IDCW,121933
Bandhan Banking and PSU Fund - Direct Fortnightly IDCW,121934
Bandhan Banking and PSU Fund - Direct Monthly IDCW,121935
Bandhan Banking and PSU Fund - Direct Annual IDCW,121936
Bandhan Banking and PSU Fund - Regular Quarterly IDCW,121937
Bandhan Banking and PSU Fund - Direct Quarterly IDCW,121938
SBI Medium to Long Duration Fund - Direct Plan - Quarterly Income Distribution cum Capital Withdrawal Option (IDCW),121940
SBI Medium to Long Duration Fund - Regular Plan - Quarterly Income Distribution cum Capital Withdrawal Option (IDCW),121944
ICICI Prudential Balanced Advantage Fund - Monthly IDCW,122168
ICICI Prudential Balanced Advantage Fund - Direct Plan - Monthly IDCW,122236
PGIM India Dynamic Bond Fund-Bonus Option,122260
JM Dynamic Bond Fund - (Direct) - Bonus Option-Principal Units,122315
JM Ultra Short Duration Fund (Direct) - Bonus Option - Principal Units,122316
JM Ultra Short Duration Fund - Bonus Option - Principal Units,122317
JM Dynamic Bond Fund (Regular) - Bonus Option - Principal Units,122323
Motilal Oswal Focused Fund - Regular Plan Growth Option,122387
Motilal Oswal Focused Fund Regular - IDCW Payout/Reinvestment,122388
Motilal Oswal Focused Fund - Direct Plan Growth Option,122389
Motilal Oswal Focused Fund Direct - IDCW Payout/Reinvestment,122390
Franklin India Money Market Fund Retail Option - Daily - IDCW,122443
Franklin India Money Market Fund Retail Option - Direct - Daily - IDCW,122444
ICICI Prudential Savings Fund - Monthly IDCW,122531
ICICI Prudential Floating Interest Fund - Monthly IDCW,122606
ICICI Prudential Floating Interest Fund - Direct Plan - Monthly IDCW,122607
360 ONE Dynamic Bond Fund - Regular Plan - Growth Option,122612
ICICI Prudential Dynamic Bond Fund - Bonus,122613
BANDHAN Dynamic Bond Fund-Direct Plan-Half Yearly IDCW,122618
Parag Parikh Flexi Cap Fund - Direct Plan - Growth,122639
Parag Parikh Flexi Cap Fund - Regular Plan - Growth,122640
Aditya Birla Sun Life Floating Rate Fund-Regular - DAILY IDCW,122643
Aditya Birla Sun Life Floating Rate Fund-Regular Plan-Growth,122644
Aditya Birla Sun Life Floating Rate Fund-Direct - daily IDCW,122645
Aditya Birla Sun Life Floating Rate Fund-Direct Plan-Growth,122646
Aditya Birla Sun Life Floating Rate Fund-REGULAR - WEEKLY IDCW,122647
Aditya Birla Sun Life Floating Rate Fund-Direct - weekly IDCW,122648
Aditya Birla Sun Life Floating Rate Fund-RETAIL - WEEKLY IDCW,122649
Aditya Birla Sun Life Floating Rate Fund-Retail Plan-Growth,122650
ICICI Prudential Savings Fund - Direct Plan - Monthly IDCW,122651
Reliance Yearly Interval Fund - Series 8 - Growth Plan - Growth Option,122652
Reliance Yearly Interval Fund - Series 8 - Direct Plan - Growth Plan - Growth Option,122653
Reliance Yearly Interval Fund - Series 8 - Direct Plan - Dividend Plan - Dividend Option,122654
Reliance Yearly Interval Fund - Series 8 - Dividend Plan - Dividend Option,122655
ICICI Prudential Long Term Bond Fund - Bonus,122673
ICICI Prudential Short Term Fund - Bonus,122674
360 ONE Dynamic Bond Fund Regular Plan Bonus,122711
360 ONE Dynamic Bond Fund Regular Plan Quarterly Dividend,122712
360 ONE Dynamic Bond Fund Direct Plan Growth,122715
360 ONE Dynamic Bond Fund Direct Plan Quarterly Dividend,122717
360 ONE Dynamic Bond Fund Regular Plan Monthly Dividend,122719
360 ONE Dynamic Bond Fund Regular Plan Half Yearly Dividend,122720
360 ONE Dynamic Bond Fund Direct Plan Monthly Dividend,122721
Reliance Yearly Interval Fund - Series 9 - Direct Plan - Growth Plan - Growth Option,122726
Reliance Yearly Interval Fund - Series 9 - Dividend Plan - Dividend Option,122727
Reliance Yearly Interval Fund - Series 9 - Growth Plan - Growth Option,122729
ICICI Prudential Savings Fund - Fortnightly IDCW,122748
NIPPON INDIA AGGRESSIVE HYBRID FUND - QUARTERLY IDCW Option,122765
NIPPON INDIA AGGRESSIVE HYBRID FUND - DIRECT Plan - QUARTERLY IDCW Option,122766
BANDHAN Dynamic Bond Fund - Regular Plan B - Half Yearly IDCW,122868
ICICI Prudential Floating Interest Fund - Quarterly IDCW,122891
ICICI Prudential Savings Fund - Direct Plan - Fortnightly IDCW,122904
ICICI Prudential Short Term Fund - Direct Plan - Bonus,122909
ICICI Prudential Savings Fund - Direct Plan - Quarterly IDCW,122982
ICICI Prudential Savings Fund - Quarterly IDCW,122995
ICICI Prudential Nifty 100 ETF,123004
ICICI Prudential Interval Fund II Quarterly Interval Plan F - Direct Plan -  Quarterly Dividend Payout,123055
ICICI Prudential Regular Savings Fund - Direct Plan - Bonus,123183
DSP Savings Fund - Regular Plan - IDCW - Daily,123287
DSP Savings Fund - Direct Plan -  IDCW - Daily,123288
ICICI Prudential Blended Plan B - Direct Plan - Quarterly Dividend Option - I,123542
ICICI Prudential Interval Fund II - Quarterly Interval Plan A - Direct Plan - Quarterly Dividend Payout,123597
ICICI Prudential Interval Fund II Quarterly Interval Plan A -  Quarterly Dividend Payout,123645
ICICI Prudential Global Stable Equity Fund (FOF) - Growth,123651
ICICI Prudential Global Stable Equity Fund (FOF) - Direct - IDCW,123652
ICICI Prudential Global Stable Equity Fund (FOF) - IDCW,123653
ICICI Prudential Global Stable Equity Fund (FOF) - Direct - Growth,123654
Kotak Banking and PSU Debt Direct - Annual Dividend,123689
Kotak Banking and PSU Debt - Growth,123690
Kotak Banking and PSU Debt - Monthly Payout of Income Distribution cum capital withdrawal option,123691
Kotak Banking and PSU Debt Direct - Monthly Payout of Income Distribution cum capital withdrawal option,123692
Kotak Banking and PSU Debt Direct - Growth,123693
Groww Short Term Fund (formerly known as Indiabulls Short Term Fund) - Direct Plan - Growth Option,123704
Groww Short Term Fund (formerly known as Indiabulls Short Term Fund)- Direct Plan- Weekly - Income Distribution cum capital withdrawal Option (Payout & Reinvestment),123705
Groww Short Term Fund (formerly known as Indiabulls Short Term Fund)- Direct Plan- Fortnightly - Income Distribution cum capital withdrawal Option (Payout & Reinvestment),123706
Groww Short Term Fund (formerly known as Indiabulls Short Term Fund)- Direct Plan- Monthly - Income Distribution cum capital withdrawal Option (Payout & Reinvestment),123707
Groww Short Term Fund (formerly known as Indiabulls Short Term Fund )- Regular Plan - Growth Option,123708
Groww Short Term Fund (formerly known as Indiabulls Short Term Fund)- Regular Plan- Weekly - Income Distribution cum capital withdrawal Option (Payout & Reinvestment),123709
Groww Short Term Fund (formerly known as Indiabulls Short Term Fund)- Regular Plan- Fortnightly - Income Distribution cum capital withdrawal Option (Payout & Reinvestment),123710
Groww Short Term Fund (formerly known as Indiabulls Short Term Fund)- Regular Plan- Monthly - Income Distribution cum capital withdrawal Option (Payout & Reinvestment),123711
DSP Banking & PSU Debt Fund - Regular Plan - Growth,124172
DSP Banking & PSU Debt Fund - Regular Plan - IDCW - Daily Reinvest,124173
DSP Banking & PSU Debt Fund - Regular Plan - IDCW,124174
DSP Banking & PSU Debt Fund - Direct Plan - Growth,124175
DSP Banking & PSU Debt Fund - Direct Plan - IDCW - Monthly,124176
DSP Banking & PSU Debt Fund - Direct Plan - IDCW - Quarterly,124177
DSP Banking & PSU Debt Fund - Direct Plan - IDCW,124178
DSP Banking & PSU Debt Fund - Regular Plan - IDCW - Weekly,124179
DSP Banking & PSU Debt Fund - Regular Plan - IDCW - Monthly,124180
DSP Banking & PSU Debt Fund - Regular Plan - IDCW - Quarterly,124181
DSP Banking & PSU Debt Fund - Direct Plan - IDCW - Daily Reinvest,124182
DSP Banking & PSU Debt Fund - Direct Plan - IDCW - Weekly,124183
ICICI Prudential Interval Fund Quarterly Interval Plan 1 Plan - Direct Plan - Quarterly Dividend Payout,124214
Motilal Oswal Ultra Short Term Fund (MOFUSTF)-Regular Plan- Growth,124233
Motilal Oswal Ultra Short Term Fund (MOFUSTF) -Direct Plan- Growth,124234
UTI Overnight Fund - Regular Plan - Daily IDCW,124265
UTI Overnight Fund - Direct Plan - Daily IDCW,124266
Motilal Oswal Ultra Short Term Fund Regular - IDCW Daily Reinvestment,124303
Motilal Oswal Ultra Short Term Fund Regular - IDCW Quarterly Payout/Reinvestment,124305
Motilal Oswal Ultra Short Term Fund Direct - IDCW Weekly Reinvestment,124306
Motilal Oswal Ultra Short Term Fund Direct Plan - IDCW Monthly Payout/Reinvestment,124308
Motilal Oswal Ultra Short Term Fund Regular - IDCW Weekly Reinvestment,124310
Motilal Oswal Ultra Short Term Fund Direct - IDCW Fortnightly Reinvestment,124311
Motilal Oswal Ultra Short Term Fund Direct - IDCW Quarterly Payout/Reinvestment,124312
Motilal Oswal Ultra Short Term Fund Regular - IDCW Fortnightly Reinvestment,124313
Motilal Oswal Ultra Short Term Fund Regular - IDCW Monthly Payout/Reinvestment,124315
Motilal Oswal Ultra Short Term Fund Direct - IDCW Daily Reinvestment,124316
NIPPON INDIA FLOATER FUND - IDCW Option,124589
NIPPON INDIA FLOATER FUND - DIRECT Plan - IDCW Option,124590
Reliance Interval Fund - II - Series 1 -Growth Plan,124678
Reliance Interval Fund - II - Series 1 -Direct Plan -Growth Option,124679
Reliance Interval Fund - II - Series 1 -Dividend Option,124681
Reliance Interval Fund - II - Series 2 - Growth Plan - Growth Option,124748
Reliance Interval Fund - II - Series 2 - Direct Plan - Growth Plan - Growth Option,124749
Reliance Interval Fund - II - Series 2 - Dividend Plan - Dividend Option,124750
Reliance Interval Fund - II - Series 2 - Direct Plan - Dividend Plan - Dividend Option,124751
Reliance Interval Fund - II - Series 3 - Growth Plan - Growth Option,124752
Reliance Interval Fund - II - Series 3 - Direct Plan - Growth Plan - Growth Option,124753
Reliance Interval Fund - II - Series 3 - Dividend Plan - Dividend Option,124754
Reliance Interval Fund - II - Series 3 - Direct Plan - Dividend Plan - Dividend Option,124755
Aditya Birla Sun Life Corporate Bond Fund -DIRECT - IDCW,124832
Aditya Birla Sun Life Corporate Bond Fund -REGULAR - IDCW,124833
Reliance Interval Fund - II - Series 4-Growth Plan-Growth Option,124874
Reliance Interval Fund - II - Series 4-Direct Plan-Growth Plan -Growth Option,124876
Reliance Interval Fund - II - Series 4-Dividend Plan -Dividend Option,124877
UTI Short Duration Fund - Direct Plan - Flexi IDCW,124962
UTI Short Duration Fund - Regular Plan - Flexi IDCW,125045
ICICI Prudential Floating Interest Fund - Direct Plan - Quarterly IDCW,125216
360 ONE LIQUID FUND REGULAR PLAN  GROWTH,125259
NIPPON INDIA LOW DURATION FUND - DIRECT Plan - IDCW Option,125264
NIPPON INDIA LOW DURATION FUND - IDCW Option,125265
NIPPON INDIA CORPORATE BOND FUND - DIRECT Plan - IDCW Option,125266
NIPPON INDIA CORPORATE BOND FUND - IDCW Option,125267
NIPPON INDIA SHORT DURATION FUND - IDCW Option,125268
NIPPON INDIA SHORT DURATION FUND - Direct Plan - IDCW Option,125269
PGIM India Midcap Fund - Direct Plan - Dividend Option - Payout,125301
PGIM India Midcap Fund - Regular Plan - Growth Option,125305
PGIM India Midcap Fund - Regular Plan - Dividend Option - Payout,125306
PGIM India Midcap Fund - Direct Plan - Growth Option,125307
360 ONE LIQUID FUND REGULAR PLAN  WEEKLY DIVIDEND,125337
360 ONE LIQUID FUND REGULAR PLAN  DAILY DIVIDEND REINVESTMENT,125342
360 ONE LIQUID FUND DIRECT PLAN  WEEKLY DIVIDEND,125343
360 ONE LIQUID FUND DIRECT PLAN  GROWTH,125345
360 ONE LIQUID FUND DIRECT PLAN  DAILY DIVIDEND REINVESTMENT,125349
Axis Small Cap Fund - Regular Plan - Growth,125350
Axis Small Cap Fund - Direct Plan - IDCW,125351
Axis Small Cap Fund - Regular Plan - IDCW,125352
Axis Small Cap Fund - Direct Plan - Growth,125354
SBI Small Cap Fund - Regular Plan - Growth,125494
SBI Small Cap Fund - Regular Plan - Income Distribution cum Capital Withdrawal Option (IDCW),125495
SBI Small Cap Fund - Direct Plan - Income Distribution cum Capital Withdrawal Option (IDCW),125496
SBI Small Cap Fund - Direct Plan - Growth,125497
SBI BANKING & PSU FUND - Regular Paln - Growth,125498
SBI Banking & PSU Fund - Regular Plan - Daily Income Distribution cum Capital Withdrawal Option (IDCW),125499
SBI Banking & PSU Fund - Regular Plan - Weekly Income Distribution cum Capital Withdrawal Option (IDCW),125500
SBI Banking & PSU Fund - Regular Plan - Monthly Income Distribution cum Capital Withdrawal Option (IDCW),125501
SBI Banking & PSU Fund - Direct Plan - Daily Income Distribution cum Capital Withdrawal Option (IDCW),125502
SBI BANKING & PSU FUND - Direct Plan - Growth,125503
SBI Banking & PSU Fund - Direct Plan - Weekly Income Distribution cum Capital Withdrawal Option (IDCW),125504
SBI Banking & PSU Fund - Direct Plan - Monthly Income Distribution cum Capital Withdrawal Option (IDCW),125505
Aditya Birla Sun Life Banking and Financial Services Fund - Regular Plan - Growth,125595
Aditya Birla Sun Life Banking and Financial Services Fund - REGULAR - IDCW,125596
Aditya Birla Sun Life Banking and Financial Services Fund - Direct Plan - Growth,125597
Aditya Birla Sun Life Banking and Financial Services Fund - DIRECT - IDCW,125598
Shriram Aggressive Hybrid Fund- Direct Growth,125711
Shriram Aggressive Hybrid Fund- Direct- IDCW,125712
Shriram Aggressive Hybrid Fund- Regular Growth,125713
Shriram Aggressive Hybrid Fund- Regular-IDCW,125714
Invesco India - Invesco Pan European Equity Fund of Fund - Regular Plan - IDCW (Payout / Reinvestment),126350
Invesco India - Invesco Pan European Equity Fund of Fund - Regular Plan - Growth Option,126351
Invesco India - Invesco Pan European Equity Fund of Fund - Direct Plan - IDCW (Payout / Reinvestment),126352
Invesco India - Invesco Pan European Equity Fund of Fund - Direct Plan - Growth Option,126353
BANK OF INDIA Ultra Short Duration Fund- Direct Plan-Bonus,126389
DSP Dynamic Asset Allocation Fund - Direct Plan - IDCW - Monthly,126391
DSP Dynamic Asset Allocation Fund - Regular Plan - IDCW - Monthly,126392
DSP Dynamic Asset Allocation Fund - Direct Plan - Growth,126393
DSP Dynamic Asset Allocation Fund - Regular Plan - Growth,126394
CANARA ROBECO CORPORATE BOND FUND - DIRECT PLAN - GROWTH OPTION,126685
CANARA ROBECO CORPORATE BOND FUND - DIRECT PLAN - IDCW (Payout/Reinvestment),126686
CANARA ROBECO CORPORATE BOND FUND - REGULAR PLAN - GROWTH OPTION,126687
CANARA ROBECO CORPORATE BOND FUND - REGULAR PLAN - IDCW (Payout/Reinvestment),126688
UTI Banking & PSU Fund- Regular Plan - Growth Option,126939
UTI Banking & PSU Fund - Direct Plan - Growth Option,126940
UTI Banking & PSU Fund - Regular Plan - Quarterly IDCW,126941
UTI Banking & PSU Fund - Direct Plan - Quarterly IDCW,126942
Motilal Oswal Midcap Fund-Regular Plan-Growth Option,127039
Motilal Oswal Midcap Fund-Regular - IDCW Payout/Reinvestment,127040
Motilal Oswal Midcap Fund-Direct Plan-Growth Option,127042
Motilal Oswal Midcap Fund-Direct - IDCW Payout/Reinvestment,127044
HSBC Asia Pacific IDCW Yield Fund IDCW,127070
HSBC Asia Pacific (Ex Japan) Dividend Yield Fund - Growth Direct,127071
HSBC Asia Pacific IDCW Yield Fund Direct Plan IDCW,127072
HSBC Asia Pacific (Ex Japan) Dividend Yield Fund - Growth,127073
ICICI Prudential Interval Fund - Series VII - Annual Interval Plan - C - Dividend,127235
ICICI Prudential Interval Fund - Series VII - Annual Interval Plan - C - Direct Plan - Cumulative,127236
ICICI Prudential Interval Fund - Series VII - Annual Interval Plan - C - Cumulative,127238
ICICI Prudential Interval Fund - Quarterly Interval Plan III - Direct Quarterly Dividend Payout,127399
Bandhan Banking and PSU Fund - Regular Daily IDCW,127470
Bandhan Banking and PSU Fund - Direct Daily IDCW,127471
BANK OF INDIA BALANCED ADVANTAGE FUND REGULAR PLAN  GROWTH,127849
BANK OF INDIA BALANCED ADVANTAGE FUND DIRECT PLAN  GROWTH,127850
BANK OF INDIA BALANCED ADVANTAGE FUND  REGULAR PLAN IDCW,127851
BANK OF INDIA BALANCED ADVANTAGE FUND  DIRECT PLAN IDCW,127852
Kotak Medium Term Fund - Direct Growth,128006
Kotak Medium Term Fund - Growth,128009
HDFC Credit Risk Debt Fund - Quarterly IDCW - Direct Plan,128050
HDFC Credit Risk Debt Fund - Growth Option - Direct Plan,128051
HDFC Credit Risk Debt Fund - Quarterly IDCW Option,128052
HDFC Credit Risk Debt Fund - Growth Option,128053
Kotak Medium Term Fund - Standard Income Distribution cum capital withdrawal option,128078
Kotak Medium Term Fund - Direct - Standard Income Distribution cum capital withdrawal option,128079
ICICI Prudential Regular Savings Fund - Plan - Bonus,128110
Nippon India ETF Nifty India Consumption,128331
HDFC Banking and PSU Debt Fund - IDCW Option - Direct Plan,128626
HDFC Banking and PSU Debt Fund - IDCW Option,128627
HDFC Banking and PSU Debt Fund - Growth Option,128628
HDFC Banking and PSU Debt Fund - Growth Option - Direct Plan,128629
Nippon India ETF Nifty Dividend Opportunities 50,128639
NIPPON INDIA ARBITRAGE FUND - MONTHLY IDCW Option,128820
NIPPON INDIA ARBITRAGE FUND - DIRECT Plan - MONTHLY IDCW Option,128821
Axis Short Duration Fund - Regular Plan - Bonus Option,128950
Axis Banking & PSU Debt Fund - Direct Plan - Bonus Option,128952
Axis Banking & PSU Debt Fund - Regular Plan - Bonus Option,128953
Axis Liquid Fund - Direct plan - Bonus Option,128954
Axis Gilt Fund - Direct Plan - Bonus Option,128957
Axis Strategic Bond Fund - Regular Plan - Bonus Option,128958
Axis Treasury Advantage Fund - Direct Plan - Bonus Option,128961
Franklin India Banking & PSU Debt Fund - Growth,129006
Franklin India Banking and PSU Debt Fund - IDCW,129007
Franklin India Banking & PSU Debt Fund - Direct - Growth,129008
Franklin India Banking and PSU Debt Fund - Direct - IDCW,129009
Motilal Oswal Flexi cap Fund Direct Plan-Growth Option,129046
Motilal Oswal Flexi Cap Fund Direct - IDCW Payout/Reinvestment,129047
Motilal Oswal Flexi Cap Fund Regular Plan-Growth Option,129048
Motilal Oswal Flexi cap Fund Regular - IDCW Payout/Reinvestment,129049
HDFC ARBITRAGE FUND - Wholesale Monthly IDCW Option,129051
HDFC ARBITRAGE FUND - Wholesale Growth Option - Direct Plan,129052
HDFC ARBITRAGE FUND - Wholesale IDCW Option - Direct Plan,129053
HDFC ARBITRAGE FUND - Wholesale Monthly IDCW - Direct Plan,129054
HSBC Aggressive Hybrid Active FOF - Growth,129065
Invesco India - Invesco Global Equity Income Fund of Fund - Regular Plan - Growth,129187
Invesco India - Invesco Global Equity Income Fund of Fund - Direct Plan - Growth,129188
Invesco India - Invesco Global Equity Income Fund of Fund - Regular Plan - IDCW (Payout / Reinvestment),129189
Invesco India - Invesco Global Equity Income Fund of Fund - Direct Plan - IDCW (Payout / Reinvestment),129190
HSBC Multi Asset Active FOF - Growth,129191
HSBC Multi Asset Active FOF IDCW,129192
HSBC Multi Asset Active FOF - Growth Direct,129193
HSBC Multi Asset Active FOF Direct Plan IDCW,129194
HSBC Income Plus Arbitrage Active FOF - Growth,129195
HSBC Income Plus Arbitrage Active FOF IDCW,129196
HSBC Income Plus Arbitrage Active FOF - Growth Direct,129197
HSBC Income Plus Arbitrage Active FOF Direct Plan IDCW,129198
HSBC Aggressive Hybrid Active FOF - Dividend,129199
HSBC Aggressive Hybrid Active FOF - Growth Direct,129200
HSBC Aggressive Hybrid Active FOF - Dividend Direct,129201
Sundaram Infrastructure Advantage Fund Regular Plan - Income Distribution cum Capital Withdrawal (IDCW),129210
Sundaram Infrastructure Advantage Fund Direct Plan - Income Distribution cum Capital Withdrawal (IDCW),129211
Sundaram Infrastructure Advantage Fund Direct Plan - Growth,129212
Sundaram Infrastructure Advantage Fund Regular Plan - Growth,129213
ICICI Prudential Dividend Yield Equity Fund Direct Plan IDCW Option,129309
ICICI Prudential Dividend Yield Equity Fund Growth Option,129310
ICICI Prudential Dividend Yield Equity Fund IDCW Option,129311
ICICI Prudential Dividend Yield Equity Fund Direct Plan Growth Option,129312
Franklin India Money Market Fund Retail Option - Monthly - IDCW,129436
Franklin India Money Market Fund Retail Option - Direct - Monthly - IDCW,129437
Union Small Cap Fund - Direct Plan - IDCW Option,129646
Union Small Cap Fund - Regular Plan - Growth Option,129647
Union Small Cap Fund - Regular Plan - IDCW Option,129648
Union Small Cap Fund - Direct Plan - Growth Option,129649
ICICI Prudential Money Market Fund Option - IDCW Others,130013
Nippon India Medium Duration Fund - Growth Option,130037
Nippon India Medium Duration Fund - Direct Plan - Growth Option,130050
Nippon India Medium Duration  Fund - Bonus Option,130051
Nippon India Medium Duration Fund - Direct Plan - Bonus Option,130052
NIPPON INDIA MEDIUM DURATION FUND - IDCW Option,130053
NIPPON INDIA MEDIUM DURATION FUND - DIRECT Plan - IDCW Option,130054
NIPPON INDIA MEDIUM DURATION FUND - DIRECT Plan - QUARTERLY IDCW Option,130055
NIPPON INDIA MEDIUM DURATION FUND - QUARTERLY IDCW Option,130056
Edelweiss Arbitrage Fund- Regular Plan- Growth Option,130205
Edelweiss Arbitrage Fund- Direct Plan- Growth Option,130206
Edelweiss Arbitrage Fund - Regular Plan - IDCW Option,130207
Edelweiss Arbitrage Fund- Regular Plan -Bonus Option,130208
Edelweiss Arbitrage Fund - Direct Plan - IDCW Option,130209
Axis Credit Risk Fund - Regular Plan - Growth,130309
Axis Credit Risk Fund - Regular Plan - Weekly IDCW,130310
Axis Credit Risk Fund - Direct Plan - Weekly IDCW,130311
Axis Credit Risk Fund - Direct Plan - Monthly IDCW,130312
Axis Credit Risk Fund - Regular Plan - Monthly IDCW,130313
Axis Credit Risk Fund - Direct Plan - Growth,130314
DSP Income Plus Arbitrage Omni FoF - Regular Plan - IDCW,130490
DSP Income Plus Arbitrage Omni FoF - Direct Plan - IDCW,130491
DSP Income Plus Arbitrage Omni FoF - Regular Plan - Growth,130492
DSP Income Plus Arbitrage Omni FoF - Direct Plan - Growth,130493
HDFC Large and Mid Cap Fund - Growth Option,130496
HDFC Large and Mid Cap Fund - IDCW Option,130497
HDFC Large and Mid Cap Fund - Growth Option - Direct Plan,130498
HDFC Large and Mid Cap Fund - IDCW Option - Direct Plan,130499
HDFC Small Cap Fund - IDCW Option,130501
HDFC Small Cap Fund - Growth Option,130502
HDFC Small Cap Fund - Growth Option - Direct Plan,130503
HDFC Small Cap Fund - IDCW Option - Direct Plan,130504
HDFC Income Plus Arbitrage Active FOF - Growth Option,130533
HDFC Income Plus Arbitrage Active FOF - IDCW Option,130540
HDFC Income Plus Arbitrage Active FOF - Growth Option - Direct Plan,130543
HDFC Income Plus Arbitrage Active FOF - IDCW Option - Direct Plan,130547
JM Arbitrage Fund (Regular) - Bonus Option - Principal Units,130603
JM Arbitrage Fund (Direct) - Bonus Option - Principal Units,130604
Invesco India Credit Risk Fund - Regular Plan - Growth,130721
Invesco India Credit Risk Fund - Direct Plan - Growth,130722
Invesco India Credit Risk Fund - Regular Plan - Monthly IDCW (Payout / Reinvestment),130723
Invesco India Credit Risk Fund - Direct Plan - Monthly IDCW (Payout / Reinvestment),130724
Invesco India Credit Risk Fund - Direct Plan - Discretionary IDCW (Payout / Reinvestment),130725
Invesco India Credit Risk Fund - Regular Plan - Discretionary IDCW (Payout / Reinvestment),130726
Axis Arbitrage Fund - Regular Plan - Growth,130771
Axis Arbitrage Fund - Direct Plan - Growth,130773
Axis Arbitrage Fund - Direct Plan - Monthly IDCW,130774
Axis Arbitrage Fund - Regular Plan - Monthly IDCW,130776
Invesco India Arbitrage Fund - Direct Plan - Annual Bonus,130787
Nippon India Japan Equity Fund- Growth Plan- Bonus Option,130858
NIPPON INDIA - JAPAN EQUITY FUND - IDCW Option,130859
Nippon India Japan Equity Fund- Direct Plan- Growth Plan- Growth Option,130860
Nippon India Japan Equity Fund- Direct Plan- Growth Plan- Bonus Option,130861
Nippon India Japan Equity Fund- Growth Plan- Growth Option,130863
NIPPON INDIA - JAPAN EQUITY FUND - DIRECT Plan - IDCW Option,130864
ICICI Prudential Banking and PSU Debt Fund - Bonus,130897
ICICI Prudential Equity Arbitrage Fund - Bonus,130898
ICICI Prudential Floating Interest Fund - Bonus,130899
ICICI Prudential Savings Fund - Bonus,130900
ICICI Prudential Gilt Investment PF Option - Bonus,130901
ICICI Prudential Short Term Gilt Fund - Bonus,130902
ICICI Prudential Gilt Fund - Bonus,130903
JM Aggressive Hybrid Fund (Direct) - Annual Bonus Option,130904
ICICI Prudential Gilt Treasury PF Option - Bonus,130905
ICICI Prudential Bond Fund - Bonus,130932
ICICI Prudential Liquid Fund - Bonus,130933
ICICI Prudential Liquid Fund - Direct Plan Bonus,130934
ICICI Prudential Medium Term Bond Fund - Bonus,130935
ICICI Prudential Medium Term Bond Fund - Direct Plan Bonus,130936
ICICI Prudential All Seasons Bond Fund - Bonus,130937
ICICI Prudential All Seasons Bond Fund - Direct Plan Bonus,130938
ICICI Prudential MIP - Direct Plan Bonus,130940
ICICI Prudential Ultra Short Term Fund - Direct Plan Bonus,130942
ICICI Prudential Credit Risk Fund - Bonus,130943
ICICI Prudential Credit Risk Fund - Direct Plan Bonus,130944
ICICI Prudential Money Market Fund -Bonus,130945
ICICI Prudential Money Market Fund - Direct Plan Bonus,130946
ICICI Prudential Corporate Bond Fund - Bonus,130947
ICICI Prudential Blended Plan A - Direct Plan Bonus,130949
ICICI Prudential Banking and PSU Debt Fund - Direct Plan Bonus,130950
ICICI Prudential Equity Arbitrage Fund - Direct Plan Bonus,130951
ICICI Prudential Savings Fund - Direct Plan Bonus,130952
ICICI Prudential Gilt Investment PF Option - Direct Plan Bonus,130954
ICICI Prudential Gilt Fund - Direct Plan Bonus,130955
ICICI Prudential Short Term Gilt Fund - Direct Plan Bonus,130956
ICICI Prudential Interval Fund Annual Interval Plan - I - Direct Plan Bonus,130958
ICICI Prudential Constant Maturity Gilt Fund - Growth,131051
ICICI Prudential Constant Maturity Gilt Fund - Direct Plan - Monthly IDCW,131053
ICICI Prudential Constant Maturity Gilt Fund - Direct Plan - Quarterly IDCW,131054
ICICI Prudential Constant Maturity Gilt Fund - Direct Plan - Half Yearly IDCW,131055
ICICI Prudential Constant Maturity Gilt Fund - Direct Plan - Annual IDCW,131056
ICICI Prudential Constant Maturity Gilt Fund - quarterly IDCW,131057
ICICI Prudential Constant Maturity Gilt Fund - Half Yearly IDCW,131058
ICICI Prudential Constant Maturity Gilt Fund - Annual IDCW,131059
ICICI Prudential Constant Maturity Gilt Fund - Direct Plan - Growth,131061
ICICI Prudential Constant Maturity Gilt Fund - Monthly IDCW,131062
ICICI Prudential Banking and PSU Debt Fund Half Yearly IDCW Option,131147
ICICI Prudential Banking and PSU Debt Fund - Direct Plan Half Yearly IDCW Option,131148
ICICI Prudential Blended Plan B - Half Yearly Dividend Option - I,131149
ICICI Prudential Blended Plan B - Direct Plan - Half Yearly Dividend Option - I,131150
ICICI Prudential Corporate Bond Fund - Half Yearly IDCW Option,131151
ICICI Prudential Corporate Bond Fund - Direct Plan - Half Yearly IDCW Option,131152
ICICI Prudential Dynamic Bond Fund - Direct Plan - Bonus Option,131199
DSP 10Y G-Sec Fund - Regular Plan - Growth,131297
DSP 10Y G-Sec Fund - Regular Plan - IDCW,131298
DSP 10Y G-Sec Fund - Regular Plan - IDCW - Monthly,131299
DSP 10Y G-Sec Fund - Regular Plan - IDCW - Quarterly,131300
DSP 10Y G-Sec Fund - Direct Plan - Growth,131301
DSP 10Y G-Sec Fund - Direct Plan - IDCW - Quarterly,131302
DSP 10Y G-Sec Fund - Direct Plan - IDCW - Monthly,131303
DSP 10Y G-Sec Fund - Direct Plan - IDCW,131304
Nippon India ETF BSE Sensex,131331
BANDHAN Balanced Advantage Fund Regular Plan IDCW,131354
BANDHAN Balanced Advantage Fund Direct Plan Growth,131355
BANDHAN Balanced Advantage Fund Direct Plan IDCW,131356
BANDHAN Balanced Advantage Fund Regular Plan Growth,131357
Kotak Equity Savings Fund - Regular - Growth,131372
Kotak Equity Savings Fund - Direct - Growth,131373
Kotak Equity Savings Fund - Regular - Monthly Payout of Income Distribution cum capital withdrawal option,131374
Kotak Equity Savings Fund - Direct - Monthly Payout of Income Distribution cum capital withdrawal option,131375
Bandhan Short Duration Fund - Direct Plan - Periodic IDCW,131382
Bandhan Short Duration Fund - Regular Plan - Periodic IDCW,131383
Bandhan Medium Duration Fund - Direct Plan - Periodic IDCW,131384
Bandhan Medium Duration Fund - Regular Plan - Periodic IDCW,131385
Bandhan Medium to Long Duration Fund - Direct Plan - Periodic IDCW,131386
Bandhan Medium to Long Duration Fund - Regular Plan - Periodic IDCW,131387
Bandhan Money Market Fund -Direct Plan-Periodic IDCW,131388
Bandhan Money Market Fund - Regular Plan - Periodic IDCW,131389
Bandhan Gilt Fund with 10 year constant duration Fund - Direct Plan - Periodic IDCW,131390
Bandhan Gilt Fund with 10 year constant duration Fund - Regular Plan - Periodic IDCW,131391
Bandhan Gilt Fund - Direct Plan - Periodic IDCW,131394
Bandhan Gilt Fund - Regular Plan B - Periodic IDCW,131395
BANDHAN Dynamic Bond Fund-Direct Plan-Periodic IDCW,131396
BANDHAN Dynamic Bond Fund - Regular Plan B - Periodic IDCW,131397
Bandhan Income Plus Arbitrage Active FOF - Direct Plan - Periodic IDCW,131398
Bandhan Income Plus Arbitrage Active FOF - Regular Plan - Periodic IDCW,131399
UTI Credit Risk Fund - Regular Plan - Monthly IDCW,131418
UTI Credit Risk Fund - Direct Plan - Monthly IDCW,131419
UTI Short Duration Fund - Regular Plan - Half-Yearly IDCW,131424
UTI Short Duration Fund - Direct Plan - Half Yearly Dividend Option,131425
UTI Ultra Short Duration Fund - Direct Plan - Monthly IDCW,131444
UTI Ultra Short Duration Fund - Regular Plan - Monthly IDCW,131445
ICICI Prudential Balanced Advantage Fund - Quarterly IDCW,131450
ICICI Prudential Balanced Advantage Fund - Direct Plan - Quarterly IDCW,131451
ICICI Prudential Equity & Debt Fund - Half Yearly IDCW,131452
ICICI Prudential Equity & Debt Fund - Direct Plan - Half Yearly IDCW,131453
JM Aggressive Hybrid Fund (Regular) - Annual IDCW,131476
JM Aggressive Hybrid Fund (Direct) - Annual IDCW,131477
ICICI Prudential Short Term Fund - Direct Plan - Half Yearly IDCW,131478
ICICI Prudential Short Term Fund - Half Yearly IDCW,131479
ICICI Prudential Bond Fund - Direct Plan - Half Yearly IDCW,131480
ICICI Prudential Bond Fund - Half Yearly IDCW,131481
UTI Ultra Short Duration Fund - Regular Plan - Fortnightly IDCW,131511
UTI Ultra Short Duration Fund - Direct Plan - Fortnightly IDCW,131512
UTI Short Duration Fund - Regular Plan - Monthly IDCW,131547
UTI Short Duration Fund - Direct Plan - Monthly IDCW,131548
360 ONE Focused Fund -Regular Plan - Growth,131578
360 ONE Focused Fund - Regular Plan - Dividend,131579
360 ONE Focused Fund-Direct Plan-Growth,131580
360 ONE Focused Fund - Direct Plan - Dividend,131581
ICICI Prudential Dynamic Bond Fund - Direct Plan - Annual Dividend,131620
ICICI Prudential Dynamic Bond Fund - Annual Dividend,131621
ICICI Prudential Long Term Bond Fund Direct Plan - Annual IDCW,131622
ICICI Prudential Long Term Bond Fund - Annual IDCW,131623
Aditya Birla Sun Life Balanced Advantage Fund -REGULAR - IDCW,131665
Aditya Birla Sun Life Balanced Advantage Fund - Regular Plan - Growth Option,131666
Aditya Birla Sun Life Balanced Advantage Fund - Direct Plan - Growth Option,131670
Aditya Birla Sun Life Balanced Advantage Fund -DIRECT - IDCW,131671
Aditya Birla Sun Life Multi Asset Omni FoF-REGULAR - IDCW,131863
Aditya Birla Sun Life Multi Asset Omni FoF- Regular Plan - Growth Option,131864
Aditya Birla Sun Life Multi Asset Omni FoF- Direct Plan - Growth Option,131865
Aditya Birla Sun Life Multi Asset Omni FOF-DIRECT - IDCW,131866
Aditya Birla Sun Life Income Plus Arbitrage Active FOF- REGULAR - IDCW,131895
Aditya Birla Sun Life Income Plus Arbitrage Active FOF- Regular Plan - Growth Option,131896
Aditya Birla Sun Life Income Plus Arbitrage Active FOF- DIRECT - IDCW,131897
Aditya Birla Sun Life Income Plus Arbitrage Active FOF- Direct Plan - Growth Option,131898
Aditya Birla Sun Life Global Excellence Equity Fund Of Fund-REGULAR - RETAIL - IDCW,132003
Aditya Birla Sun Life Global Excellence Equity Fund Of Fund- Retail Plan - Regular Plan - Growth Option,132005
Aditya Birla Sun Life Global Excellence Equity Fund Of Fund - Retail Plan - Direct Plan - Growth Option,132009
Aditya Birla Sun Life Global Excellence Equity Fund Of Fund-DIRECT - RETAIL - IDCW,132010
Aditya Birla SUn Life Global Emerging Opportunities Fund - Regular Plan - Growth Option,132138
Aditya Birla Sun Life Global Emerging Opportunities Fund - Regular - IDCW,132139
Aditya Birla Sun Life Global Emerging Opportunities Fund - Direct plan - Growth Option,132140
Aditya Birla Sun Life Global Emerging Opportunities Fund - Direct - IDCW,132141
Aditya Birla Sun Life Aggressive Hybrid Omni FOF- Regular Plan - Growth Option,132174
Aditya Birla Sun Life Aggressive Hybrid Omni FOF-  Regular -  IDCW,132175
Aditya Birla Sun Life Conservative Hybrid Active FOF- Regular Plan - Growth Option,132178
Aditya Birla Sun Life Conservative Hybrid Active FOF -Regular - IDCW,132179
Aditya Birla Sun Life Dynamic Asset Allocation Omni FOF- Regular Plan - Growth Option,132180
Aditya Birla Sun Life Dynamic Asset Allocation Omni FOF-Regular - IDCW,132181
Aditya Birla Sun Life Conservative Hybrid Active FOF- Direct Plan - Growth Option,132183
Aditya Birla Sun Life Conservative Hybrid Active FOF-Direct - IDCW,132184
Aditya Birla Sun Life Aggressive Hybrid Omni FOF- Direct Plan - Growth Option,132185
Aditya Birla Sun Life Dynamic Asset Allocation Omni FOF- Direct Plan - Growth Option,132186
Aditya Birla Sun Life Dynamic Asset Allocation Omni FOF- Direct - IDCW,132187
Aditya Birla Sun Life Aggressive Hybrid Omni FOF- Direct - IDCW,132189
Tata ELSS Fund-Growth-Direct Plan,132756
Tata ELSS Fund-Growth-Regular Plan,132757
HDFC Corporate Bond Fund - IDCW Option,132848
HDFC Corporate Bond Fund - IDCW Option - Direct Plan,132849
HDFC Medium Term Debt Fund - IDCW Option,132852
HDFC Medium Term Debt Fund - IDCW Option - Direct Plan,132853
NIPPON INDIA CREDIT RISK FUND - IDCW Option,132871
NIPPON INDIA CREDIT RISK FUND - DIRECT Plan - IDCW Option,132873
Aditya Birla Sun Life Dynamic Bond Fund -Regular - IDCW,132917
Aditya Birla Sun Life Dynamic Bond Fund -Direct - IDCW,132918
ICICI Prudential Blended Plan B - option I-Bonus,132979
ICICI Prudential Medium Term Bond Fund - Annual IDCW,132981
ICICI Prudential Medium Term Bond Fund -Direct Plan - Annual IDCW,132982
Franklin India Income Plus Arbitrage Active Fund of Funds- Growth Plan,132987
Franklin India Income Plus Arbitrage Active Fund of Funds- IDCW,132988
Franklin India Income Plus Arbitrage Active Fund of Funds- Growth Plan - Direct,132989
Franklin India Income Plus Arbitrage Active Fund of Funds - Direct - IDCW,132990
Aditya Birla Sun Life Equity Savings Fund - Direct Plan - Growth,132995
Aditya Birla Sun Life Equity Savings Fund - Direct - IDCW,132996
Aditya Birla Sun Life Equity Savings Fund - Regular - IDCW,132997
Aditya Birla Sun Life Equity Savings Fund - Regular Plan - Growth,132998
Kotak Aggressive Hybrid Fund - Direct Plan -Growth,133035
Kotak Aggressive Hybrid Fund - Regular Plan -Growth,133036
ICICI Prudential Equity Savings Fund - Direct Plan - Monthly IDCW,133049
ICICI Prudential Equity Savings Fund - Monthly IDCW,133050
ICICI Prudential Equity Savings Fund - Cumulative option,133051
ICICI Prudential Equity Savings Fund - Direct Plan - Quarterly IDCW,133052
ICICI Prudential Equity Savings Fund - Quarterly IDCW,133053
ICICI Prudential Equity Savings Fund - Direct Plan - Cumulative option,133054
ICICI Prudential Equity Savings Fund - Direct Plan - Half Yearly IDCW,133056
ICICI Prudential Equity Savings Fund - Half Yearly IDCW,133057
UTI Ultra Short Duration Fund - Direct Plan - Quarterly IDCW,133059
Kotak Nifty Bank ETF,133122
UTI Low Duration Fund - Direct Plan - Flexi IDCW,133127
UTI Low Duration Fund - Regular Plan - Flexi IDCW,133130
HDFC Credit Risk Debt Fund - IDCW Option - Direct Plan,133147
HDFC Credit Risk Debt Fund - IDCW Option,133148
UTI Dynamic Bond Fund - Direct Plan - Flexi IDCW,133180
Nippon India Gilt  Fund- Growth Plan- Bonus Option,133264
Nippon India Gilt  Fund- Direct Plan- Growth Plan- Bonus Option,133265
UTI Medium to Long Duration Fund - Direct Plan - Flexi IDCW,133280
LIC MF Nifty 8-13 yr G-Sec ETF,133307
UTI Credit Risk Fund - Regular Plan - Annual IDCW,133344
HDFC Income Fund - Normal IDCW - Direct Plan,133365
HDFC Income Fund - Normal IDCW Option,133366
HDFC Short Term  Debt Fund - Normal IDCW - Direct Plan,133367
HDFC Short Term  Debt Fund - Normal IDCW Option,133368
HDFC Dynamic Debt Fund - Normal IDCW - Direct Plan,133369
HDFC Dynamic Debt Fund - Normal IDCW Option,133370
Motilal Oswal ELSS Tax Saver Fund - IDCW Payout,133383
Motilal Oswal ELSS Tax Saver Fund Direct - IDCW Payout,133384
Motilal Oswal ELSS Tax Saver Fund - Regular Plan - Growth Option,133385
Motilal Oswal ELSS Tax Saver Fund - Direct Plan - Growth Option,133386
UTI Money Market Fund - Direct Plan - Monthly IDCW,133387
JM Dynamic Bond Fund - (Direct) - Half Yearly Bonus Option - Principal Units,133388
JM Dynamic Bond Fund (Regular) - Half Yearly Bonus Option - Principal Units,133389
JM Dynamic Bond Fund (Regular) - Monthly IDCW,133390
JM Arbitrage Fund (Regular) - Annual Bonus Option - Principal Units,133394
JM Arbitrage Fund (Direct) - Annual Bonus Option - Principal Units,133395
JM Arbitrage Fund (Regular) - Quarterly Bonus Option - Principal Units,133396
JM Arbitrage Fund (Direct) - Half Yearly Bonus Option - Principal Units,133397
JM Arbitrage Fund (Direct) - Quarterly Bonus Option - Principal Units,133398
JM Arbitrage Fund (Regular) - Half Yearly Bonus Option - Principal Units,133399
JM Aggressive Hybrid Fund (Regular) - Bonus Option - Principal Units,133400
JM Aggressive Hybrid Fund (Direct) - Bonus Option - Principal Units,133401
JM Aggressive Hybrid Fund (Direct) - Half Yearly IDCW,133402
JM Aggressive Hybrid Fund (Regular) - Half Yearly Bonus Option - Principal Units,133403
JM Aggressive Hybrid Fund (Regular) - Monthly IDCW,133404
JM Aggressive Hybrid Fund (Regular) - Quarterly IDCW,133405
JM Aggressive Hybrid Fund (Direct) - Quarterly IDCW,133406
JM Aggressive Hybrid Fund (Regular) - Annual Bonus Option - Principal Units,133407
JM Aggressive Hybrid Fund (Regular) - Half Yearly IDCW,133408
JM Aggressive Hybrid Fund (Direct) - Half Yearly Bonus Option - Principal Units,133409
JM Aggressive Hybrid Fund (Regular) - Quarterly Bonus Option - Principal Units,133410
JM Aggressive Hybrid Fund (Direct) - Quarterly Bonus Option - Principal Units,133411
JM Aggressive Hybrid Fund (Direct) - Monthly IDCW,133412
JM Dynamic Bond Fund (Direct) - Monthly IDCW,133414
Aditya Birla Sun Life Income Fund - Regular - IDCW,133445
Aditya Birla Sun Life Income Fund - Direct - IDCW,133446
UTI Low Duration Fund - Direct Plan - Half-Yearly IDCW,133469
UTI Money Market Fund - Regular Plan - Monthly IDCW,133484
Baroda BNP Paribas Credit Risk Fund -Regular-Growth Option,133486
Baroda BNP Paribas Credit Risk Fund -Direct-Growth Option,133488
Aditya Birla Sun Life Manufacturing Equity Fund - Regular Plan - Growth,133513
Aditya Birla Sun Life Manufacturing Equity Fund - Direct - IDCW,133514
Aditya Birla Sun Life Manufacturing Equity Fund - Regular - IDCW,133515
Aditya Birla Sun Life Manufacturing Equity Fund - Direct Plan - Growth,133516
Baroda BNP Paribas Credit Risk Fund -Regular-Monthly IDCW,133517
Baroda BNP Paribas Credit Risk Fund -Regular-Quarterly IDCW,133518
Baroda BNP Paribas Credit Risk Fund -Direct- Monthly IDCW,133520
Baroda BNP Paribas Credit Risk Fund -Direct- Quarterly IDCW,133524
Nippon India Retirement Fund- Wealth Creation Scheme- Growth Plan - Growth Option,133565
NIPPON INDIA RETIREMENT FUND - WEALTH CREATION SCHEME - Direct Plan - IDCW Option,133566
NIPPON INDIA RETIREMENT FUND - WEALTH CREATION SCHEME - IDCW Option,133567
Nippon India Retirement Fund- Wealth Creation Scheme- Direct Plan- Growth Plan - Growth Option,133568
Nippon India Retirement Fund- Income Generation Scheme- Direct Plan- Growth Plan - Growth Option,133569
NIPPON INDIA RETIREMENT FUND - INCOME GENERATION SCHEME - Direct Plan - IDCW Option,133570
NIPPON INDIA RETIREMENT FUND - INCOME GENERATION SCHEME - IDCW Option,133571
Nippon India Retirement Fund- Income Generation Scheme-Growth Plan - Growth Option,133572
Nippon India Retirement Fund- Income Generation Scheme- Growth Plan- Bonus Option,133628
Nippon India Retirement Fund- Income Generation Scheme- Direct Plan-Growth Plan- Bonus Option,133629
Nippon India Retirement Fund- Wealth Creation Scheme- Direct Plan-Growth Plan- Bonus Option,133630
Nippon India Retirement Fund- Wealth Creation Scheme- Growth Plan- Bonus Option,133631
BANDHAN Arbitrage Fund-Direct Plan-Annual IDCW,133679
BANDHAN Arbitrage Fund - Regular Plan - Annual IDCW,133680
BANDHAN Equity Savings Fund-Direct Plan-Annual IDCW,133681
BANDHAN Equity Savings Fund - Regular Plan -Annual IDCW,133682
LIC MF Large & Mid Cap Fund-Direct Plan-IDCW,133709
LIC MF Large & Mid Cap Fund-Direct Plan-Growth,133710
LIC MF Large & Mid Cap Fund-Regular Plan-Growth,133711
LIC MF Large & Mid Cap Fund-Regular Plan-IDCW,133712
UTI Low Duration Fund - Regular Plan - Fortnightly IDCW,133733
Kotak Coporate Bond Fund- Retail Plan-Growth Option,133770
Kotak Corporate Bond Fund- Retail Plan- Weekly Dividend Option,133771
Kotak Corporate Bond Fund- Institutional Plan-Growth Option,133772
Kotak Corporate Bond Fund- Standard Plan-Daily Dividend Option,133776
Kotak Corporate Bond Fund- Regular Plan-Quarterly Dividend Option,133777
Kotak Corporate Bond Fund- Retail Plan- Monthly Dividend Option,133779
Kotak Corporate Bond Fund- Regular Plan-Growth Option,133782
Kotak Corporate Bond Fund- Retail Plan-Daily Dividend Option,133783
Kotak Corporate Bond Fund- Standard Plan-Weekly Dividend Option,133786
Kotak Corporate Bond Fund- Regular Plan-Monthly Dividend Option,133787
Kotak Corporate Bond Fund- Direct Plan- Growth Option,133791
Kotak Corporate Bond Fund- Direct Plan- Monthly Payout of Income Distribution cum capital withdrawal option,133792
Kotak Infrastructure & Economic Reform Fund - Standard Plan-Growth,133796
Kotak Infrastructure & Economic Reform Fund - Standard Plan-Payout of Income Distribution cum capital withdrawal option,133799
Kotak Infrastructure & Economic Reform Fund- Direct Plan- Payout of Income Distribution cum capital withdrawal option,133800
Kotak Infrastructure & Economic Reform Fund- Direct Plan- Growth Option,133801
Kotak Low Duration Fund- Regular Plan-Growth Option,133805
Kotak Low Duration Fund- Regular Plan-Standard Income Distribution cum capital withdrawal option,133809
Kotak Low Duration Fund- Direct Plan- Growth Option,133810
Kotak Low Duration Fund - Direct Plan- Standard Income Distribution cum capital withdrawal option,133812
Kotak World Gold Fund - Standard Plan - Dividend Option,133814
Kotak World Gold Fund - Standard Plan - Growth Option,133815
Kotak World Gold Fund- Direct Plan- Growth Option,133816
Kotak World Gold Fund- Direct Plan- Dividend Option,133817
Kotak US Equity Fund - Standard Plan - Dividend option,133830
Kotak US Equity Fund - Direct Plan - Growth option,133831
Kotak US Equity Fund - Direct Plan - Dividend option,133832
Kotak US Equity Fund - Standard Plan - Growth option,133833
PGIM India Flexi Cap Fund - Regular Plan - Growth Option,133836
PGIM India Flexi Cap Fund - Direct Plan - Dividend Option,133837
PGIM India Flexi Cap Fund - Regular Plan - Dividend Option,133838
PGIM India Flexi Cap Fund - Direct Plan - Growth Option,133839
UTI Dynamic Bond Fund - Regular Plan - Annual IDCW,133852
SBI Banking & Financial Services Fund - Direct Plan - Income Distribution cum Capital Withdrawal Option (IDCW),133857
SBI BANKING & FINANCIAL SERVICES FUND - REGULAR PLAN - GROWTH,133858
SBI BANKING & FINANCIAL SERVICES FUND - DIRECT PLAN - GROWTH,133859
SBI Banking & Financial Services Fund - Regular Plan - Income Distribution cum Capital Withdrawal Option (IDCW),133860
NIPPON INDIA ELSS TAX SAVER FUND - DIRECT Plan - ANNUAL IDCW Option,133865
NIPPON INDIA ELSS TAX SAVER FUND - ANNUAL IDCW Option,133866
BANK OF INDIA Credit Risk Fund - Regular Plan,133867
BANK OF INDIA Credit Risk  Fund - Direct Plan,133868
UTI Medium to Long Duration Fund - Regular Plan - Annual IDCW,133869
UTI Medium to Long Duration Fund - Regular Plan - Flexi IDCW,133872
UTI Ultra Short Duration Fund - Regular Plan - Quarterly IDCW,133873
Axis Short Duration Fund - Direct Plan - Regular IDCW,133894
Axis Short Duration Fund - Regular Plan - Regular IDCW,133895
LIC MF Banking and Financial Services Fund-Direct Plan-IDCW,133908
DSP Low Duration Fund - Regular Plan - IDCW - Daily,133919
DSP Low Duration Fund - Regular Plan - IDCW - Monthly,133920
DSP Low Duration Fund - Regular Plan - IDCW - Quarterly,133921
DSP Low Duration Fund - Direct Plan - IDCW - Daily,133922
DSP Low Duration Fund - Direct Plan - IDCW - Weekly,133923
DSP Low Duration Fund - Direct Plan - IDCW - Quarterly,133924
DSP Low Duration Fund - Direct Plan - Growth,133925
DSP Low Duration Fund - Regular Plan - Growth,133926
DSP Low Duration Fund - Regular Plan - IDCW - Weekly,133927
DSP Low Duration Fund - Direct Plan - IDCW - Monthly,133928
UTI Banking & PSU Fund - Regular Plan - Flexi IDCW,133971
UTI Banking & PSU Fund - Direct Plan - Flexi IDCW,133972
UTI Liquid Fund - Regular Plan - Annual IDCW,133973
Tata Short Term Bond Fund- Direct Plan - Periodic Payout of IDCW Option,133974
Tata Short Term Bond Fund- Regular Plan - Periodic Payout of IDCW Option,133975
SBI Nifty Bank ETF,134008
SBI Nifty Next 50 ETF,134013
SBI BSE 100 ETF,134014
LIC MF Banking and Financial Services Fund-Regular Plan-IDCW,134015
LIC MF Banking and Financial Services Fund-Regular Plan-Growth,134016
LIC MF Banking and Financial Services Fund-Direct Plan-Growth,134017
UTI Banking & PSU Fund - Direct Plan - Monthly IDCW,134026
ICICI Prudential Credit Risk Fund - Direct Plan - Annual IDCW,134341
ICICI Prudential Credit Risk Fund - Annual IDCW,134342
Sundaram Banking & PSU Fund (Formerly Known as Sundaram Banking & PSU Debt Fund) - Regular Annual Bonus,134355
Sundaram Banking & PSU Fund (Formerly Known as Sundaram Banking & PSU Debt Fund) - Regular Growth,134356
Sundaram Banking & PSU Fund (Formerly Known as Sundaram Banking & PSU Debt Fund) - Regular Daily Dividend Reinvestment,134358
Sundaram Banking & PSU Fund (Formerly Known as Sundaram Banking & PSU Debt Fund) - Regular Monthly Dividend,134359
Sundaram Banking & PSU Fund (Formerly Known as Sundaram Banking & PSU Debt Fund) - Regular Weekly Dividend,134360
Sundaram Banking & PSU Fund (Formerly Known as Sundaram Banking & PSU Debt Fund) - Regular Quarterly Bonus,134361
Sundaram Banking & PSU Fund (Formerly Known as Sundaram Banking & PSU Debt Fund) - Regular Quarterly Dividend,134362
Sundaram Banking & PSU Fund (Formerly Known as Sundaram Banking & PSU Debt Fund) - Direct Growth,134363
Sundaram Banking & PSU Fund (Formerly Known as Sundaram Banking & PSU Debt Fund) - Direct Quarterly Dividend,134369
Sundaram Banking & PSU Fund (Formerly Known as Sundaram Banking & PSU Debt Fund) - Direct Monthly Dividend,134370
Aditya Birla Sun Life Credit Risk Fund - Regular Plan - Growth,134383
Aditya Birla Sun Life Credit Risk Fund - Regular Plan - Bonus,134384
Aditya Birla Sun Life Credit Risk Fund - Direct - IDCW,134385
Aditya Birla Sun Life Credit Risk Fund - Regular - IDCW,134386
Aditya Birla Sun Life Credit Risk Fund - Direct Plan - Growth,134387
Aditya Birla Sun Life Credit Risk Fund - Direct Plan - Bonus,134388
UTI Liquid Fund - Direct Plan - Annual IDCW,134427
UTI Ultra Short Duration Fund - Regular Plan - Annual IDCW,134484
Quantum Dynamic Bond Fund - Direct Plan Monthly IDCW,134493
Quantum Dynamic Bond Fund - Direct Plan Growth Option,134494
UTI Medium Duration Fund - Regular Plan - Monthly IDCW,134495
UTI Medium Duration Fund - Regular Plan - Quarterly IDCW,134496
UTI Medium Duration Fund - Regular Plan - Half-Yearly IDCW,134497
UTI Medium Duration Fund - Regular Plan - Flexi IDCW,134498
UTI Medium Duration Fund - Regular Plan - Growth Option,134499
UTI Medium Duration Fund - Regular Plan - Annual IDCW,134500
UTI Medium Duration Fund - Direct Plan - Monthly IDCW,134501
UTI Medium Duration Fund - Direct Plan - Quarterly IDCW,134502
UTI Medium Duration Fund - Direct Plan - Growth Option,134503
UTI Medium Duration Fund - Direct Plan - Half-Yearly IDCW,134504
UTI Medium Duration Fund - Direct Plan - Annual IDCW,134505
UTI Medium Duration Fund - Direct Plan - Flexi IDCW,134506
UTI Short Duration Fund - Regular Plan - Annual IDCW,134517
Nippon India Banking and PSU Fund- Growth Plan- Growth Option,134545
Nippon India Banking and PSU Fund- Growth Plan- Bonus Option,134546
Nippon India Banking and PSU  Fund- Direct Plan-Growth Plan- Growth Option,134547
NIPPON INDIA BANKING and PSU FUND - IDCW Option,134548
NIPPON INDIA BANKING and PSU FUND - MONTHLY IDCW Option,134549
NIPPON INDIA BANKING and PSU FUND - Direct Plan - MONTHLY IDCW Option,134550
NIPPON INDIA BANKING and PSU FUND - QUARTERLY IDCW Option,134551
Nippon India Banking and PSU Fund- Direct Plan-Growth Plan- Bonus Option,134552
NIPPON INDIA BANKING and PSU  FUND - WEEKLY IDCW Option,134553
NIPPON INDIA BANKING and PSU FUND - Direct Plan - WEEKLY IDCW Option,134554
NIPPON INDIA BANKING and PSU  FUND - Direct Plan - IDCW Option,134555
NIPPON INDIA BANKING and PSU FUND - Direct Plan - QUARTERLY IDCW Option,134556
Nippon India Equity Savings Fund- Growth Plan- Growth Option,134593
Nippon India Equity Savings Fund- Direct Plan- Growth Plan-Growth Option,134594
Nippon India Equity Savings Fund- Direct Plan- Growth Plan- Bonus Option,134595
NIPPON INDIA EQUITY SAVINGS FUND - IDCW Option,134596
NIPPON INDIA EQUITY SAVINGS FUND - Direct Plan - IDCW Option,134597
NIPPON INDIA EQUITY SAVINGS FUND - MONTHLY IDCW Option,134598
NIPPON INDIA EQUITY SAVINGS FUND - Direct Plan - MONTHLY IDCW Option,134599
NIPPON INDIA EQUITY SAVINGS FUND - QUARTERLY IDCW Option,134600
NIPPON INDIA EQUITY SAVINGS FUND - Direct Plan - QUARTERLY IDCW Option,134601
Nippon India Equity Savings Fund- Growth Plan- Bonus Option,134602
SBI Equity Savings Fund - Regular Plan - Monthly Income Distribution cum Capital Withdrawal Option (IDCW),134639
SBI Equity Savings Fund - Direct Plan - Quarterly Income Distribution cum Capital Withdrawal Option (IDCW),134640
SBI Equity Savings Fund - Direct Plan - Monthly Income Distribution cum Capital Withdrawal Option (IDCW),134641
SBI Equity Savings Fund - Regular Plan - Quarterly Income Distribution cum Capital Withdrawal Option (IDCW),134642
SBI Equity Savings Fund - Direct Plan - Growth,134643
SBI Equity Savings Fund - Regular Plan - Growth,134644
UTI Money Market Fund - Regular Plan - Half-Yearly IDCW,134763
Nippon India ETF Nifty 50 Value 20,134782
UTI Dynamic Bond Fund - Direct Plan - Half-Yearly IDCW,134788
UTI Ultra Short Duration Fund - Regular Plan - Half-Yearly IDCW,134799
Mirae Asset Aggressive Hybrid Fund - Direct Plan - Growth,134813
Mirae Asset Aggressive Hybrid Fund - Direct Plan - IDCW,134814
Mirae Asset Aggressive Hybrid Fund - Regular Plan - Growth,134815
Mirae Asset Aggressive Hybrid Fund - Regular Plan - IDCW,134816
LIC MF ULIS (10 Yrs. Single Premium)-Regular Plan-IDCW Reinvestment,134846
LIC MF ULIS (10 Yrs. Regular Premium Reducing Cover Monthly)-Regular Plan-IDCW Reinvestment,134847
LIC MF ULIS (10 Yrs. Regular Premium Uniform Cover Monthly)-Regular Plan-IDCW Reinvestment,134863
LIC MF ULIS (10 Yrs. Regular Premium Reducing Cover Yearly)-Regular Plan-IDCW Reinvestment,134864
LIC MF ULIS (10 Yrs. Regular Premium Reducing Cover Half-Yearly)-Regular Plan-IDCW Reinvestment,134865
LIC MF ULIS (10 Yrs. Regular Premium Uniform Cover Half-Yearly)-Regular Plan-IDCW Reinvestment,134867
LIC MF ULIS (10 Yrs. Regular Premium Uniform Cover Yearly)-Regular Plan-IDCW Reinvestment,134868
LIC MF ULIS (15 Yrs. Regular Premium Reducing Cover Monthly)-Regular Plan-IDCW Reinvestment,134869
LIC MF ULIS (15 Yrs. Regular Premium Reducing Cover Half-Yearly)-Regular Plan-IDCW Reinvestment,134870
LIC MF ULIS (15 Yrs. Regular Premium Reducing Cover Yearly)-Regular Plan-IDCW Reinvestment,134871
LIC MF ULIS (15 Yrs. Regular Premium Uniform Cover Monthly)-Regular Plan-IDCW Reinvestment,134872
LIC MF ULIS (15 Yrs. Regular Premium Uniform Cover Half-Yearly)-Regular Plan-IDCW Reinvestment,134873
LIC MF ULIS (15Yrs. Regular Premium Uniform Cover Yearly)-Regular Plan-IDCW Reinvestment,134874
LIC MF ULIS (10 Yrs. Single Premium)-Direct Plan-IDCW Reinvestment,134875
LIC MF ULIS (10 Yrs. Regular Premium Reducing Cover Monthly)-Direct Plan-IDCW Reinvestment,134876
LIC MF ULIS (10 Yrs. Regular Premium Reducing Cover Yearly)-Direct Plan-IDCW Reinvestment,134877
LIC MF ULIS (10 Yrs. Regular Premium Reducing Cover Half-Yearly)-Direct Plan-IDCW Reinvestment,134878
LIC MF ULIS (10 Yrs. Regular Premium Uniform Cover Half-Yearly)-Direct Plan-IDCW Reinvestment,134879
LIC MF ULIS (10 Yrs. Regular Premium Uniform Cover Yearly)-Direct Plan-IDCW Reinvestment,134880
LIC MF ULIS (10 Yrs. Regular Premium Uniform Cover Monthly)-Direct Plan-IDCW Reinvestment,134881
LIC MF ULIS (15 Yrs. Regular Premium Reducing Cover Half-Yearly)-Direct Plan-IDCW Reinvestment,134882
LIC MF ULIS (15 Yrs. Regular Premium Reducing Cover Yearly)-Direct Plan-IDCW Reinvestment,134883
LIC MF ULIS (15 Yrs. Regular Premium Reducing Cover Monthly)-Direct Plan-IDCW Reinvestment,134884
LIC MF ULIS (15 Yrs. Regular Premium Uniform Cover Half-Yearly)-Direct Plan-IDCW Reinvestment,134885
LIC MF ULIS (15 Yrs. Regular Premium Uniform Cover Yearly)-Direct Plan-IDCW Reinvestment,134886
LIC MF ULIS (15 Yrs. Regular Premium Uniform Cover Monthly)-Direct Plan-IDCW Reinvestment,134887
Nippon India US Equity Opportunities Fund- Growth Plan- Growth Option,134922
Nippon India US Equity Opportunities Fund- Direct Plan- Growth Plan- Growth Option,134923
NIPPON INDIA - US EQUITY OPPORTUNITIES FUND - IDCW Option,134924
NIPPON INDIA - US EQUITY OPPORTUNITIES FUND - Direct Plan - IDCW Option,134925
JM Large Cap Fund (Regular) - Quarterly IDCW,134954
JM Large Cap Fund (Regular) - Half Yearly IDCW,134955
JM Large Cap Fund (Direct) - Monthly IDCW,134956
JM Large Cap Fund (Direct) - Half Yearly IDCW,134957
JM Large Cap Fund (Direct) - Annual IDCW,134958
JM Large Cap Fund (Regular) - Monthly IDCW,134959
JM Large Cap Fund (Direct) - Quarterly IDCW,134960
JM Large Cap Fund (Regular) - Annual IDCW,134961
UTI Money Market Fund - Regular Plan - Annual IDCW,134972
UTI Money Market Fund - Direct Plan - Annual IDCW,134973
UTI Medium to Long Duration Fund - Direct Plan - Half-Yearly IDCW,134998
UTI Credit Risk Fund - Regular Plan - Flexi IDCW,135051
SBI Nifty 50 ETF,135106
Axis Equity Savings Fund - Direct Plan - Growth,135120
Axis Equity Savings Fund - Direct Plan - Monthly IDCW,135121
Axis Equity Savings Fund - Regular Plan - Growth,135122
Axis Equity Savings Fund - Regular Plan - Monthly IDCW,135123
Axis Equity Savings Fund - Direct Plan - Quarterly IDCW,135124
Axis Equity Savings Fund - Regular Plan - Quarterly IDCW,135125
JM Arbitrage Fund (Regular) - Annual IDCW,135167
JM Arbitrage Fund (Regular) - Monthly IDCW,135168
JM Arbitrage Fund (Regular) - Quarterly IDCW,135169
JM Arbitrage Fund (Regular) - Half Yearly IDCW,135170
JM Arbitrage Fund (Direct) - Half Yearly IDCW,135171
JM Arbitrage Fund (Direct) - Monthly IDCW,135172
JM Arbitrage Fund (Direct) - Annual IDCW,135173
JM Arbitrage Fund (Direct) - Quarterly IDCW,135174
UTI Low Duration Fund - Direct Plan - Fortnightly IDCW,135191
UTI Credit Risk Fund - Direct Plan - Annual IDCW,135290
UTI Nifty 50 ETF,135320
UTI BSE Sensex ETF,135321
UTI Dynamic Bond Fund - Regular Plan - Flexi IDCW,135336
Groww Value Fund (formerly known as Indiabulls Value Fund) - Direct Plan - Growth Option,135341
Groww Value Fund (formerly known as Indiabulls Value Fund)- Direct Plan- - Income Distribution cum capital withdrawal Option (Payout & Reinvestment),135342
Groww Value Fund (formerly known as Indiabulls Value Fund) - Regular Plan - Growth Option,135343
Groww Value Fund (formerly known as Indiabulls Value Fund)- Regular Plan - Income Distribution cum capital withdrawal Option (Payout & Reinvestment),135344
UTI Money Market Fund - Regular Plan - Fortnightly IDCW,135371
ICICI Prudential Nifty 50 Index Fund - IDCW Option,135390
ICICI Prudential Nifty 50 Index Fund - Direct Plan IDCW Option,135391
UTI Credit Risk Fund - Direct Plan - Half-Yearly IDCW,135418
UTI Credit Risk Fund - Regular Plan - Half-Yearly IDCW,135419
UTI Short Duration Fund - Direct Plan - Annual IDCW,135497
Kotak Bond Short Term Plan - Direct - Standard Income Distribution cum capital withdrawal option,135500
Kotak Bond Short Term Plan - Regular Plan - Normal Dividend,135501
UTI Dynamic Bond Fund - Direct Plan - Annual IDCW,135536
UTI Medium to Long Duration Fund - Regular Plan - Half-Yearly IDCW,135581
PGIM India ELSS Tax Saver Fund - Regular Plan - Growth Option,135598
PGIM India ELSS Tax Saver Fund - Regular Plan - Dividend Option,135599
PGIM India ELSS Tax Saver Fund - Direct Plan - Dividend Option,135600
PGIM India ELSS Tax Saver Fund - Direct Plan - Growth Option,135601
UTI Money Market Fund - Direct Plan - Fortnightly IDCW,135606
LIC MF Nifty 50 ETF,135607
Navi ELSS Tax Saver Fund - Regular Plan IDCW Payout,135652
Navi ELSS Tax Saver Fund - Direct Plan IDCW Payout,135653
Navi ELSS Tax Saver Fund- Direct Plan- Growth Option,135654
Navi ELSS Tax Saver Fund- Regular Plan- Growth Option,135655
LIC MF BSE Sensex ETF,135672
Navi Large & Midcap Fund- Direct Plan- Growth Option,135677
Navi Large & Midcap Fund- Regular Plan- Growth Option,135678
Navi Large & Midcap Fund - Direct Normal IDCW Payout,135679
Navi Large & Midcap Fund - Regular Normal IDCW Payout,135680
UTI Liquid Fund - Regular Plan - Quarterly IDCW,135721
Kotak Nifty 50 Value 20 ETF - Payout of Income Distribution cum capital withdrawal option,135744
Axis Children's Fund - Lock in - Regular Growth,135759
Axis Children's Fund - Lock in - Regular Plan - IDCW,135760
Axis Children's Fund - No Lock in - Regular Plan - IDCW,135761
Axis Children's Fund - Lock in - Direct Growth,135762
Axis Children's Fund - No Lock in - Direct Plan - IDCW,135763
Axis Children's Fund - No Lock in - Direct Growth,135764
Axis Children's Fund - Lock in - Direct Plan - IDCW,135765
Axis Children's Fund - No Lock in - Regular Plan - Growth,135766
Mirae Asset ELSS Tax Saver Fund - Direct Plan - Growth,135781
Mirae Asset ELSS Tax Saver Fund - Direct Plan - IDCW,135782
Mirae Asset ELSS Tax Saver Fund - Regular Plan - IDCW,135783
Mirae Asset ELSS Tax Saver Fund - Regular Plan - Growth,135784
TATA Banking & Financial Services Fund Direct Plan - Payout of Income Distribution cum capital withdrawal option,135789
TATA Banking & Financial Services Fund Regular Plan - Payout of Income Distribution cum capital withdrawal option,135790
TATA Banking & Financial Services Fund Regular Plan - Reinvestment of Income Distribution cum capital withdrawal option,135791
TATA Banking & Financial Services Fund Direct Plan - Reinvestment of Income Distribution cum capital withdrawal option,135792
Tata Banking And Financial Services Fund-Direct Plan-Growth,135793
Tata Banking And Financial Services Fund-Regular Plan-Growth,135794
TATA Digital India Fund Direct Plan - Payout of Income Distribution cum capital withdrawal option,135795
TATA Digital India Fund Regular Plan - Payout of Income Distribution cum capital withdrawal option,135796
Tata Digital India Fund-Regular Plan-Growth,135797
TATA Digital India Fund Direct Plan - Reinvestment of Income Distribution cum capital withdrawal option,135798
TATA Digital India Fund Regular Plan - Reinvestment of Income Distribution cum capital withdrawal option,135799
Tata Digital India Fund-Direct Plan-Growth,135800
TATA India Consumer Fund Direct Plan - Reinvestment of Income Distribution cum capital withdrawal option,135801
TATA India Consumer Fund Regular Plan - Payout of Income Distribution cum capital withdrawal option,135802
TATA India Consumer Fund Regular Plan - Reinvestment of Income Distribution cum capital withdrawal option,135803
Tata India Consumer Fund-Regular Plan-Growth,135804
Tata India Consumer Fund-Direct Plan-Growth,135805
TATA India Consumer Fund Direct Plan - Payout of Income Distribution cum capital withdrawal option,135806
TATA India Pharma & Health Care Fund Direct Plan - Payout of Income Distribution cum capital withdrawal option,135807
TATA India Pharma & Healthcare Fund Direct Plan - Reinvestment of Income Distribution cum capital withdrawal option,135808
TATA India Pharma & Health Care Fund Regular Plan - Payout of Income Distribution cum capital withdrawal option,135809
Tata India Pharma & Healthcare Fund-Direct Plan-Growth,135810
TATA India Pharma & Healthcare Fund Regular Plan - Reinvestment of Income Distribution cum capital withdrawal option,135811
Tata India Pharma & Healthcare Fund-Regular Plan-Growth,135812
Tata Resources & Energy Fund-Direct Plan-Growth,135813
TATA Resources & Energy Fund Regular Plan - Payout of Income Distribution cum capital withdrawal option,135814
Tata Resources & Energy Fund-Regular Plan-Growth,135815
TATA Resources & Energy Fund Direct Plan - Reinvestment of Income Distribution cum capital withdrawal option,135816
TATA Resources & Energy Fund Direct Plan - Payout of Income Distribution cum capital withdrawal option,135817
TATA Resources & Energy Fund Regular Plan - Reinvestment of Income Distribution cum capital withdrawal option,135818
HDFC NIFTY 50 ETF - Growth Plan,135853
HDFC BSE Sensex ETF - Growth Plan,135854
BANDHAN Corporate Bond Fund - Regular Growth,135914
BANDHAN Corporate Bond Fund - Regular Periodic IDCW,135915
BANDHAN Corporate Bond Fund - Direct Growth,135916
BANDHAN Corporate Bond Fund - Direct Periodic IDCW,135917
LIC MF ULIS (10 Yrs. Regular Premium Reducing Cover Quarterly)-Direct Plan-IDCW Reinvestment,135976
LIC MF ULIS (10 Yrs. Regular Premium Uniform Cover Quarterly)-Direct Plan-IDCW Reinvestment,135977
LIC MF ULIS (15 Yrs. Regular Premium Reducing Cover Quarterly)-Direct Plan-IDCW Reinvestment,135978
LIC MF ULIS (10 Yrs. Regular Premium Reducing Cover Quarterly)-Regular Plan-IDCW Reinvestment,135979
LIC MF ULIS (15 Yrs. Regular Premium Uniform Cover Quarterly)-Direct Plan-IDCW Reinvestment,135980
LIC MF ULIS (15 Yrs. Regular Premium Reducing Cover Quarterly)-Regular Plan-IDCW Reinvestment,135981
LIC MF ULIS (15 Yrs. Regular Premium Uniform Cover Quarterly)-Regular Plan-IDCW Reinvestment,135982
LIC MF ULIS (10 Yrs. Regular Premium Uniform Cover Quarterly)-Regular Plan-IDCW Reinvestment,135983
HDFC Retirement Savings Fund - Equity Plan - Growth Option,136090
HDFC Retirement Savings Fund - Equity Plan - Growth Option - Direct Plan,136094
UTI Banking & PSU Fund - Regular Plan - Monthly IDCW,136110
Invesco India Ultra Short Duration Fund - Regular Plan - Daily IDCW (Reinvestment),136111
Invesco India Ultra Short Duration Fund - Direct Plan - Daily IDCW (Reinvestment),136112
ICICI Prudential Equity & Debt Fund - Annual IDCW,136113
ICICI Prudential Equity & Debt Fund - Direct Plan - Annual IDCW,136114
UTI Credit Risk Fund - Direct Plan - Flexi IDCW,136302
UTI Low Duration Fund - Regular Plan - Half-Yearly IDCW,136345
HDFC Retirement Savings Fund - Hybrid-Equity Plan - Growth Option,136463
HDFC Retirement Savings Fund - Hybrid-Equity Plan - Growth Option - Direct Plan,136464
HDFC Retirement Savings Fund - Hybrid-Debt Plan - Growth Option - Direct Plan,136465
HDFC Retirement Savings Fund - Hybrid-Debt Plan - Growth Option,136466
LIC MF Nifty 100 ETF,136473
DSP Equity Savings Fund - Regular Plan - Growth,136563
DSP Equity Savings Fund - Regular Plan - IDCW,136564
DSP Equity Savings Fund - Regular Plan - IDCW - Monthly,136565
DSP Equity Savings Fund - Regular Plan - IDCW - Quarterly,136566
DSP Equity Savings Fund - Direct Plan - Growth,136567
DSP Equity Savings Fund - Direct Plan - IDCW,136568
DSP Equity Savings Fund - Direct Plan - IDCW - Monthly,136569
DSP Equity Savings Fund - Direct Plan - IDCW - Quarterly,136570
PGIM India Insta Cash Fund-DIVIDEND-WEEKLY DIVIDEND,138278
PGIM India Liquid Fund-DIVIDEND-MONTHLY DIVIDEND,138279
PGIM India Liquid Fund-DIVIDEND-Daily Dividend,138280
PGIM India Liquid Fund-Growth-GROWTH,138281
PGIM India Insta Cash Fund-Institutional Plan-Growth,138282
PGIM India Insta Cash Fund-Institutional Plan-Daily Dividend,138283
PGIM India INSTA CASH FUND - Regular Plan BONUS OPTION,138284
PGIM India Liquid Fund - Daily Dividend,138285
PGIM India Liquid Fund - Bonus Option,138286
PGIM India Liquid Fund - Monthly Dividend,138287
PGIM India Liquid Fund - Growth,138288
PGIM India Liquid Fund - Weekly Dividend,138289
PGIM India Insta Cash Fund- Annual Dividend Option,138292
PGIM India Insta Cash Fund - Quarterly Dividend Option,138294
PGIM India Insta Cash Fund - Direct Plan - Annual Dividend,138296
PGIM India Liquid Fund - Direct Plan - Daily Dividend,138297
PGIM India Liquid Fund - Direct Plan - Monthly Dividend,138298
PGIM India Liquid Fund - Direct Plan - Growth,138299
PGIM India Insta Cash Fund - Direct Plan - Quarterly Dividend,138300
PGIM India Liquid Fund - Direct Plan - Weekly Dividend,138301
PGIM India Insta Cash Fund - Direct Plan -  Regular Bonus,138302
PGIM India Insta Cash Fund - Direct Plan -Monthly Bonus,138303
PGIM India INSTA CASH FUND-Monthly Bonus Option,138304
PGIM India Insta Cash Fund - Direct Plan -  Annual Bonus Option,138305
PGIM India INSTA CASH FUND - Annual Bonus Option,138306
PGIM India Large Cap Fund - Dividend,138307
PGIM India Large Cap Fund - Growth,138308
PGIM India Large Cap Fund Wealth Plan -Dividend Option,138309
PGIM India Large Cap Fund Wealth Plan - Growth Option,138310
PGIM India Large Cap Fund - BONUS OPTION,138311
PGIM India Large Cap Fund - Direct Plan - Growth,138312
PGIM India Large Cap Fund - Direct Plan - Dividend,138313
PGIM India Large Cap Fund - Direct Plan - Bonus,138314
PGIM India Corporate Bond Fund - Quarterly Dividend,138315
PGIM India Corporate Bond Fund - Monthly Dividend,138316
PGIM India Corporate Bond Fund - Annual Dividend,138317
PGIM India Corporate Bond Fund - Growth,138318
PGIM India Corporate Bond Fund - Premium Plus Plan - Growth,138323
PGIM India Premier Bond Fund - Bonus,138324
PGIM India Corporate Bond Fund - Direct Plan - Annual Dividend,138329
PGIM India Corporate Bond Fund - Direct Plan - Growth,138330
PGIM India Corporate Bond Fund - Direct Plan - Monthly Dividend,138331
PGIM India Corporate Bond Fund - Direct Plan - Quarterly Dividend,138332
PGIM India Premier Bond Fund - Direct Plan - Half-Yearly Bonus,138333
PGIM India Premier Bond Fund - Half-Yearly Bonus,138334
PGIM India Premier Bond Fund - Annual Bonus,138336
PGIM India Ultra Short Duration Fund - Regular Plan - Growth,138337
PGIM India Ultra Short Duration Fund - Regular Plan - Daily Dividend,138338
PGIM India Ultra Short Duration Fund - Regular Plan - Weekly Dividend,138339
PGIM India Ultra Short Duration Fund - Regular Plan - Monthly Dividend,138340
PGIM India Ultra Short Duration Fund - Weekly Dividend,138341
PGIM India Ultra Short Duration Fund - Daily Dividend,138342
PGIM India Ultra Short Duration Fund - Growth,138343
PGIM India Ultra Short Duration Fund - Monthly Dividend,138344
PGIM India Ultra Short Term Fund - Bonus,138345
PGIM India Ultra Short Term Fund - Regular Plan - Bonus,138346
PGIM India Ultra Short Term Fund - Dividend,138349
PGIM India Ultra Short Term Fund - Quarterly Dividend,138353
PGIM India Ultra Short Term Fund - Annual Dividend,138354
PGIM India Ultra Short Term Fund - Direct Plan - Dividend,138357
PGIM India Ultra Short Duration Fund - Direct Plan - Growth,138358
PGIM India Ultra Short Duration Fund - Direct Plan - Monthly Dividend,138359
PGIM India Ultra Short Term Fund - Direct Plan - Annual Dividend,138360
PGIM India Ultra Short Duration Fund - Direct Plan - Daily Dividend,138361
PGIM India Ultra Short Duration Fund - Direct Plan - Weekly Dividend,138362
PGIM India Ultra Short Term Fund - Direct Plan - Bonus,138363
PGIM India Ultra Short Term Fund - Direct Plan - Quarterly Dividend,138364
PGIM India Ultra Short Term Fund - Monthly Bonus,138365
PGIM India Ultra Short Term Fund - Direct Plan - Monthly Bonus,138366
PGIM India Ultra Short Term Fund - Direct Plan - Annual Bonus,138367
PGIM India Ultra Short Term Fund - Annual Bonus,138368
PGIM India Equity Savings Fund - Monthly Dividend option,138369
PGIM India Equity Savings Fund - Quarterly  Dividend,138370
PGIM India Equity Savings Fund - Annual Dividend option,138371
PGIM India Equity Savings Fund - Growth Option,138372
PGIM India Equity Savings Fund - Direct Plan - Annual Dividend,138375
PGIM India Equity Savings Fund - Direct Plan - Growth,138376
PGIM India Equity Savings Fund - Direct Plan - Monthly Dividend,138377
PGIM India Equity Savings Fund - Direct Plan - Quarterly Dividend,138378
PGIM India Aggressive Hybrid Equity Fund - Dividend Option,138381
PGIM India Aggressive Hybrid Equity Fund - Growth Option,138382
PGIM India Aggressive Hybrid Equity Fund Wealth Plan- Growth Option,138383
PGIM India Aggressive Hybrid Equity Fund Wealth Plan- Dividend Option,138384
PGIM India Aggressive Hybrid Equity Fund - BONUS OPTION,138385
PGIM India Aggressive Hybrid Equity Fund - Direct Plan - Growth,138386
PGIM India Aggressive Hybrid Equity Fund - Direct Plan - Dividend,138387
PGIM India Emerging Markets Equity Fund of Fund- Growth,138453
PGIM India Emerging Markets Equity Fund of Fund- Dividend,138454
PGIM India Emerging Markets Equity Fund of Fund - Direct Plan - Growth,138456
PGIM India Emerging Markets Equity Fund of Fund- Direct Plan - Dividend,138457
PGIM India Gilt Fund - Quarterly Dividend,138467
PGIM India Gilt Fund - Growth,138470
PGIM India Gilt Fund - Bonus,138471
PGIM India Gilt Fund - Direct Plan - Growth,138472
PGIM India Gilt Fund - Direct Plan - Quarterly Dividend,138474
PGIM India Gilt Fund - Half Yearly Bonus,138475
PGIM India Gilt Fund - Direct Plan - Half Yearly Bonus,138476
PGIM India Global Equity Opportunities Fund of Fund- Growth,138523
PGIM India Global Equity Opportunities Fund of Fund- Dividend,138524
PGIM India Global Equity Opportunities Fund of Fund - Bonus,138525
PGIM India Global Equity Opportunities Fund of Fund- Direct Plan - Dividend,138527
PGIM India Global Equity Opportunities Fund of Fund- Direct Plan - Growth,138528
PGIM India Arbitrage Fund - Direct Plan - Growth,138875
PGIM India Arbitrage Fund - Regular Plan - Growth,138876
PGIM India Arbitrage Fund - Direct Plan - Regular Dividend,138877
PGIM India Arbitrage Fund - Direct Plan - Monthly Dividend,138878
PGIM India Arbitrage Fund - Direct Plan - Quarterly Dividend,138879
PGIM India Arbitrage Fund - Direct Plan - Annual Dividend,138880
PGIM India Arbitrage Fund - Regular Plan - Monthly Dividend,138883
PGIM India Arbitrage Fund - Regular Plan - Quarterly Dividend,138884
PGIM India Arbitrage Fund - Regular Plan - Annual Dividend,138885
PGIM India Arbitrage Fund - Regular Plan - Regular Dividend,138887
UTI Dynamic Bond Fund - Regular Plan - Half-Yearly IDCW,139181
BANDHAN Corporate Bond Fund - Direct Monthly IDCW,139198
BANDHAN Corporate Bond Fund - Direct Quarterly IDCW,139199
BANDHAN Corporate Bond Fund - Direct Half Yearly IDCW,139200
BANDHAN Corporate Bond Fund - Direct Annual IDCW,139201
BANDHAN Corporate Bond Fund - Regular Monthly IDCW,139202
BANDHAN Corporate Bond Fund - Regular Half Yearly IDCW,139203
BANDHAN Corporate Bond Fund - Regular Annual IDCW,139204
BANDHAN Corporate Bond Fund - Regular Quarterly IDCW,139205
Canara Robeco Liquid Fund -Unclaimed Redemption and Dividend Plan -Direct Growth Option,139235
UTI MMF - Regular Plan - Flexi Dividend Option,139236
JM Liquid Fund Unclaimed Redemption (Direct) Growth Plan,139257
JM Liquid Fund Unclaimed Dividend (Direct) Growth Plan,139258
JM Liquid Fund Unclaimed Redemption IEF (Direct) Growth Plan,139259
JM Liquid Fund Unclaimed Dividend IEF (Direct) Growth Plan,139260
UTI Medium to Long Duration Fund - Direct Plan - Annual IDCW,139339
Baroda BNP Paribas Liquid Fund - Plan C,139344
Navi Liquid Fund-Unclaimed Redemption and Dividend Plan less than 3 years,139386
Invesco India Liquid Fund - Unclaimed Redemption Plan - Below 3 years,139387
Invesco India Liquid Fund - Unclaimed Redemption Plan - Above 3 Years,139388
Invesco India Liquid Fund - Unclaimed Dividend Plan - Below 3 Years,139389
Invesco India Liquid Fund - Unclaimed Dividend Plan - Above 3 Years,139390
UTI Banking & PSU Fund - Regular Plan - Half-Yearly IDCW,139407
SBI Nifty 10 yr Benchmark G-Sec ETF,139430
ICICI Prudential Liquid Fund - Unclaimed Redemption Investor Education,139431
ICICI Prudential Liquid Fund - Unclaimed IDCW Investor Education,139432
ICICI Prudential Liquid Fund - Unclaimed Redemption,139433
ICICI Prudential Liquid Fund - Unclaimed IDCW,139434
ICICI Prudential Nifty50 Value 20 ETF,139455
Nippon India ETF Nifty 8-13 yr G-Sec Long Term Gilt,139496
ICICI Prudential BSE Midcap Select ETF,139519
Axis Equity Savings Fund - Direct Plan - Regular IDCW,139520
Axis Equity Savings Fund - Regular Plan - Regular IDCW,139521
BANK OF INDIA MID & SMALL CAP EQUITY & DEBT FUND - DIRECT PLAN GROWTH,139527
BANK OF INDIA MID & SMALL CAP EQUITY & DEBT FUND - REGULAR  PLAN IDCW,139528
BANK OF INDIA MID & SMALL CAP EQUITY & DEBT FUND - REGULAR  PLAN  GROWTH,139529
BANK OF INDIA MID & SMALL CAP EQUITY & DEBT FUND - DIRECT PLAN IDCW,139530
Mahindra Manulife Liquid Fund - Regular Plan - Daily IDCW,139534
Mahindra Manulife Liquid Fund - Direct Plan - Daily IDCW,139535
Mahindra Manulife Liquid Fund - Direct Plan - Weekly IDCW,139536
Mahindra Manulife Liquid Fund - Regular Plan - Growth,139537
Mahindra Manulife Liquid Fund - Direct Plan -Growth,139538
Mahindra Manulife Liquid Fund - Unclaimed Redemption / IDCW Upto three years,139539
Mahindra Manulife Liquid Fund - Unclaimed Redemption / IDCW Beyond 3 years,139540
Mahindra Manulife Liquid Fund - Regular Plan - Weekly IDCW,139541
UTI Ultra Short Duration Fund - Direct Plan - Annual IDCW,139568
Aditya Birla Sun Life BSE Sensex ETF,139581
BANDHAN LIQUID Fund - Unclaimed IDCW Less than 3 years,139582
BANDHAN LIQUID Fund - Unclaimed IDCW More than 3 years,139583
BANDHAN LIQUID Fund - Unclaimed Redemption Less than 3 years,139584
BANDHAN LIQUID Fund - Unclaimed Redemption More than 3 years,139585
Taurus Unclaimed Redemption - Growth,139617
Taurus Investor Education Pool - Unclaimed Redemption - Growth,139618
Taurus Investor Education Pool - Unclaimed Dividend - Growth,139619
UTI Money Market Fund - Regular Plan - Quarterly IDCW,139646
NIPPON INDIA AGGRESSIVE HYBRID FUND - DIRECT Plan - MONTHLY IDCW Option,139679
NIPPON INDIA AGGRESSIVE HYBRID FUND - MONTHLY IDCW Option,139680
Mahindra Manulife ELSS Tax Saver Fund - Regular Plan - IDCW,139780
Mahindra Manulife ELSS Tax Saver Fund - Direct Plan -Growth,139781
Mahindra Manulife ELSS Tax Saver Fund- Direct Plan - IDCW,139782
Mahindra Manulife ELSS Tax Saver Fund- Regular Plan - Growth,139783
PGIM India Aggressive Hybrid Equity Fund-Direct Plan-Monthly Dividend Option,139820
PGIM India Aggressive Hybrid Equity Fund-Monthly Dividend Option,139821
PGIM India Aggressive Hybrid Equity Fund-Quarterly Dividend Option,139822
PGIM India Aggressive Hybrid Equity Fund-Direct Plan-Quarterly Divdend Option,139823
UTI Liquid Fund - Regular Plan - Fortnightly IDCW,139838
BANDHAN Nifty 50 ETF,139839
BANDHAN BSE Sensex ETF,139840
Motilal Oswal Balanced Advantage Fund (MOFDYNAMIC) - Regular Plan - Annual Dividend Payout Option,139863
Motilal Oswal Balanced Advantage Fund Direct - Quarterly IDCW Payout/Reinvestment,139865
Motilal Oswal Balanced Advantage Fund Direct - Annual IDCW Payout/Reinvestment,139866
Motilal Oswal Balanced Advantage Fund (MOFDYNAMIC) - Regular Plan - Growth Option,139870
Motilal Oswal Balanced Advantage Fund Regular - Quarterly IDCW Payout/Reinvestment,139871
Motilal Oswal Balanced Advantage Fund  (MOFDYNAMIC) - Direct Plan - Growth Option,139872
Franklin India Liquid Fund - Unclaimed Redemption Plan - Growth,139889
Franklin India Liquid Fund - Unclaimed IDCW Plan - Growth,139890
Franklin India Liquid Fund - Unclaimed Redemption Investor Education Plan - Growth,139891
Franklin India Liquid Fund - Unclaimed IDCW Investor Education Plan - Growth,139892
UTI Money Market Fund - Direct Plan - Half-Yearly IDCW,140023
UTI Liquid Fund - Direct Plan - Quarterly IDCW,140024
Nippon India ETF Nifty 50 BeES,140084
Nippon India ETF Nifty Next 50 Junior BeES,140085
Nippon India ETF Nifty 1D Rate Liquid BeES - DAILY IDCW Option,140086
Nippon India ETF Nifty Bank BeES,140087
Nippon India ETF Gold BeES,140088
Nippon India ETF Nifty PSU Bank BeES,140089
Nippon India ETF Nifty 50 Shariah BeES,140094
Nippon India ETF Hang Seng BeES,140095
Nippon India ETF Nifty Infrastructure BeES,140102
CPSE ETF,140107
UTI Banking & PSU Fund - Regular Plan - Annual IDCW,140116
UTI Banking & PSU Fund - Direct Plan - Annual IDCW,140135
Edelweiss Large & Mid Cap Fund - Regular Plan - Growth Option,140172
Edelweiss Large and Mid Cap Fund - Regular Plan - IDCW Option,140173
Edelweiss Large and Mid Cap Fund - Direct Plan - IDCW Option,140174
Edelweiss Large & Mid Cap Fund - Direct Plan - Growth Option,140175
Edelweiss Liquid Fund - Retail Plan - Growth Option,140176
Edelweiss Liquid Fund - Retail Plan Daily - IDCW Option,140177
Edelweiss Liquid Fund - Retail Plan - Weekly Dividend Option,140178
Edelweiss Liquid Fund - Retail Plan Monthly - IDCW Option,140180
Edelweiss Liquid Fund - Regular Plan Daily - IDCW Option,140181
Edelweiss Liquid Fund - Regular Plan - Growth Option,140182
Edelweiss Liquid Fund - Regular Plan Monthly - IDCW Option,140183
Edelweiss Liquid Fund - Regular Plan Fortnightly - IDCW Option,140184
Edelweiss Liquid Fund - Regular Plan Weekly - IDCW Option,140185
Edelweiss Liquid Fund - Regular Plan Annual - IDCW Option,140188
Edelweiss Liquid Fund - Regular Plan - Bonus Option,140189
Edelweiss Liquid Fund - Regular Plan - IDCW Option,140190
Edelweiss Liquid Fund - Direct Plan Annual - IDCW Option,140192
Edelweiss Liquid Fund - Direct Plan daily - IDCW Option,140193
Edelweiss Liquid Fund - Direct Plan - Bonus Option,140194
Edelweiss Liquid Fund - Direct Plan weekly - IDCW Option,140195
Edelweiss Liquid Fund - Direct Plan - Growth Option,140196
Edelweiss Liquid Fund - Direct Plan Monthly - IDCW Option,140197
Edelweiss Liquid Fund - Direct Plan - IDCW Option,140198
Edelweiss Liquid Fund - Direct Plan Fortnightly - IDCW Option,140199
Edelweiss Mid Cap Fund - Regular Plan - Growth Option,140225
Edelweiss Mid Cap Fund - Regular Plan - IDCW Option,140226
Edelweiss Mid Cap Fund - Direct Plan - IDCW Option,140227
Edelweiss Mid Cap Fund - Direct Plan - Growth Option,140228
Edelweiss Money Market Fund - Regular Plan - Growth Option,140229
Edelweiss Money Market Fund - Institutional Plan - Growth Option,140230
Edelweiss Money Market Fund - Regular Plan - IDCW Option,140232
Edelweiss Money Market Fund - Regular Plan - Annual - IDCW Option,140233
Edelweiss Money Market Fund - Direct Plan - IDCW Option,140235
Edelweiss Money Market Fund - Direct Plan - Annual - IDCW Option,140236
Edelweiss Money Market Fund - Direct Plan - Growth Option,140237
Edelweiss Greater China Equity Off-shore Fund - Regular Plan - Growth Option,140242
Edelweiss Greater China Equity Off-shore Fund - Direct Plan - Growth Option,140243
Edelweiss ASEAN Equity Off-shore Fund - Regular Plan - Growth Option,140255
Edelweiss ASEAN Equity Off-shore Fund - Direct Plan - Growth Option,140256
Edelweiss US Value Equity Offshore Fund - Regular Plan - Growth Option,140273
Edelweiss US Value Equity Offshore Fund - Direct Plan - Growth Option,140274
Edelweiss Banking and PSU Debt Fund - Regular Plan - Growth Option,140283
Edelweiss Banking and PSU Debt Fund - Regular Plan - IDCW Option,140284
Edelweiss Banking and PSU Debt Fund - Direct Plan - Growth Option,140286
Edelweiss Banking and PSU Debt Fund - Direct Plan - IDCW Option,140288
Edelweiss Banking and PSU Debt Fund - Regular Plan Weekly - IDCW Option,140289
Edelweiss Banking and PSU Debt Fund - Direct Plan weekly - IDCW Option,140290
Edelweiss Banking and PSU Debt Fund - Direct Plan Fortnightly - IDCW Option,140291
Edelweiss Banking and PSU Debt Fund - Regular Plan Monthly - IDCW Option,140292
Edelweiss Banking and PSU Debt Fund - Direct Plan Monthly - IDCW Option,140293
Edelweiss Banking and PSU Debt Fund - Regular Plan Fortnightly - IDCW Option,140294
Edelweiss Europe Dynamic Equity Offshore Fund - Growth Option - Regular Plan,140295
Edelweiss Europe Dynamic Equity Offshore Fund - Growth Option - Direct Plan,140296
Edelweiss Government Securities Fund - Regular Plan - Growth Option,140297
Edelweiss Government Securities Fund - Direct Plan - Growth Option,140298
Edelweiss Government Securities Fund - Regular Plan - IDCW Option,140301
Edelweiss Government Securities Fund - Direct Plan - IDCW Option,140302
Edelweiss Government Securities Fund - Regular Plan Weekly - IDCW Option,140303
Edelweiss Government Securities Fund - Direct Plan weekly - IDCW Option,140304
Edelweiss Government Securities Fund - Regular Plan Fortnightly - IDCW Option,140305
Edelweiss Government Securities Fund - Direct Plan Fortnightly - IDCW Option,140306
Edelweiss Government Securities Fund - Regular Plan Monthly - IDCW Option,140307
Edelweiss Government Securities Fund - Direct Plan Monthly - IDCW Option,140308
Edelweiss Government Securities Fund - Direct Plan - Annual Dividend Option,140309
Edelweiss Government Securities Fund - Regular Plan - Annual - IDCW Option,140310
Edelweiss Emerging Markets Opportunities Equity Offshore Fund - Direct Plan - Growth Option,140327
Edelweiss Emerging Markets Opportunities Equity Offshore Fund - Regular Plan - Growth Option,140328
Edelweiss Equity Savings Fund - Direct Plan - Growth Option,140347
Edelweiss Equity Savings Fund - Direct Plan - IDCW Option,140348
Edelweiss Equity Savings Fund - Regular Plan - IDCW Option,140349
Edelweiss Equity Savings Fund - Direct Plan - Bonus Option,140350
Edelweiss Equity Savings Fund - Regular Plan - Growth Option,140351
Edelweiss Equity Savings Fund - Regular Plan - Bonus Option,140352
Edelweiss Flexi Cap Fund - Direct Plan - Growth Option,140353
Edelweiss Flexi Cap Fund - Direct Plan - IDCW Option,140354
Edelweiss Flexi Cap Fund - Regular Plan - Growth Option,140355
Edelweiss Flexi Cap Fund - Regular - IDCW Option,140356
Bandhan Aggressive Hybrid Fund-Regular Plan Growth,140381
Bandhan Aggressive Hybrid Fund-Direct Plan Growth,140382
Bandhan Aggressive Hybrid Fund-Direct Plan IDCW,140383
Bandhan Aggressive Hybrid Fund-Regular Plan IDCW,140384
Navi Liquid Fund-Unclaimed Redemption and Dividend Plan greater than 3 years,140437
Mahindra Manulife Equity Savings Fund -Direct Plan -Quarterly IDCW,140442
Mahindra Manulife Equity Savings Fund - Direct Plan -Growth,140444
Mahindra Manulife Equity Savings Fund -Regular Plan -Quarterly IDCW,140446
Mahindra Manulife Equity Savings Fund - Regular Plan - Growth,140447
Baroda BNP Paribas Short Duration Fund - Direct Plan - Quarterly IDCW,140463
Baroda BNP Paribas Short Duration Fund - Regular Plan - Quarterly IDCW,140465
UTI Liquid Fund - Direct Plan - Half-Yearly IDCW,140504
UTI Liquid Fund - Regular Plan - Flexi IDCW,140517
CANARA ROBECO ULTRA SHORT TERM FUND- REGULAR PLAN - IDCW (Payout),140530
BANDHAN Credit Risk Fund-Direct Plan-Growth,140603
BANDHAN Credit Risk Fund-Direct Plan-Quarterly IDCW,140604
BANDHAN CREDIT RISK FUND - DIRECT PLAN HALF YEARLY IDCW,140605
BANDHAN Credit Risk Fund-Direct Plan-Periodic IDCW,140606
BANDHAN Credit Risk Fund - Regular Plan Quarterly IDCW,140607
BANDHAN Credit Risk Fund - Regular Plan Annual IDCW,140608
BANDHAN Credit Risk Fund - Regular Plan Growth,140609
BANDHAN Credit Risk Fund-Direct Plan-Annual IDCW,140610
BANDHAN Credit Risk Fund - Regular Plan Half Yearly IDCW,140611
BANDHAN Credit Risk Fund - Regular Plan Periodic IDCW,140612
Mahindra Manulife Low Duration Fund - Direct Plan -Growth,140613
Mahindra Manulife Low Duration Fund - Regular Plan - Daily IDCW,140614
Mahindra Manulife Low Duration Fund - Regular Plan - Weekly IDCW,140615
Mahindra Manulife Low Duration Fund - Regular Plan - Monthly IDCW,140616
Mahindra Manulife Low Duration Fund - Direct Plan - Daily IDCW,140617
Mahindra Manulife Low Duration Fund - Direct Plan - Weekly IDCW,140618
Mahindra Manulife Low Duration Fund - Direct Plan - Monthly IDCW,140619
Mahindra Manulife Low Duration Fund - Regular Plan - Growth,140620
Mirae Asset Dynamic Bond Fund -Direct Plan -Growth,140769
Mirae Asset Dynamic Bond Fund Direct IDCW,140770
Mirae Asset Dynamic Bond Fund-Regular Plan Growth,140771
Mirae Asset Dynamic Bond Fund Regular IDCW,140772
Groww Largecap Fund (formerly known as Indiabulls Bluechip Fund)- Direct Plan- Monthly - Income Distribution cum capital withdrawal Option (Payout & Reinvestment),140809
Groww Largecap Fund (formerly known as Indiabulls Bluechip Fund)- Regular Plan- Monthly - Income Distribution cum capital withdrawal Option (Payout & Reinvestment),140810
Groww Largecap Fund (formerly known as Indiabulls Bluechip Fund)- Direct Plan- Quarterly - Income Distribution cum capital withdrawal Option (Payout & Reinvestment),140811
Groww Largecap Fund (formerly known as Indiabulls Bluechip Fund)- Regular Plan- Quarterly - Income Distribution cum capital withdrawal Option (Payout & Reinvestment),140812
Groww Largecap Fund (formerly known as Indiabulls Bluechip Fund)- Regular Plan- Half Yearly - Income Distribution cum capital withdrawal Option (Payout & Reinvestment),140813
Groww Largecap Fund (formerly known as Indiabulls Bluechip Fund)- Direct Plan- Half Yearly -Income Distribution cum capital withdrawal Option (Payout & Reinvestment),140814
Groww Value Fund (formerly known as Indiabulls Value Fund)- Direct Plan- Monthly - Income Distribution cum capital withdrawal Option (Payout & Reinvestment),140815
Groww Value Fund (formerly known as Indiabulls Value Fund)- Regular Plan- Monthly - Income Distribution cum capital withdrawal Option (Payout & Reinvestment.,140816
Groww Value Fund (formerly known as Indiabulls Value Fund)- Direct Plan- Quarterly - Income Distribution cum capital withdrawal Option (Payout & Reinvestment),140817
Groww Value Fund (formerly known as Indiabulls Value Fund)- Regular Plan- Quarterly - Income Distribution cum capital withdrawal Option (Payout & Reinvestment),140818
Groww Value Fund (formerly known as Indiabulls Value Fund)- Direct Plan- Half Yearly - Income Distribution cum capital withdrawal Option (Payout & Reinvestment),140819
Groww Value Fund (formerly known as Indiabulls Value Fund)- Regular Plan- Half Yearly -Income Distribution cum capital withdrawal Option (Payout & Reinvestment),140820
UTI Liquid Fund - Direct Plan - Fortnightly IDCW,140913
Quantum Dynamic Bond Fund - Regular Plan Monthly IDCW,141060
Quantum Dynamic Bond Fund - Regular Plan Growth Option,141061
Quantum Diversified Equity All Cap Active FOF - Regular Plan IDCW,141062
Quantum Diversified Equity All Cap Active FOF - Regular Plan Growth Option,141063
Quantum Gold Savings Fund - Regular Plan Growth Option,141064
Quantum Liquid Fund - Regular Plan Daily IDCW,141065
Quantum Liquid Fund - Regular Plan Growth Option,141066
Quantum Liquid Fund - Regular Plan Monthly IDCW,141067
Quantum Value Fund - Regular Plan Growth Option,141068
Quantum Value Fund - Regular Plan IDCW,141069
Quantum ELSS Tax Saver Fund - Regular Plan Growth Option,141070
Quantum ELSS Tax Saver Fund - Regular Plan IDCW,141071
Quantum Multi Asset Active FOF - Regular Plan Growth Option,141072
Mahindra Manulife Multi Cap Fund - Direct Plan - IDCW,141223
Mahindra Manulife Multi Cap Fund - Regular Plan - Growth,141224
Mahindra Manulife Multi Cap Fund - Regular Plan - IDCW,141225
Mahindra Manulife Multi Cap Fund - Direct Plan -Growth,141226
Union Largecap Fund - Regular Plan - Growth Option,141247
Union Largecap Fund - Direct Plan - Growth Option,141248
Union Largecap Fund - Direct Plan - IDCW Option,141249
Union Largecap Fund - Regular Plan - IDCW Option,141250
UTI Banking & PSU Fund - Direct Plan - Half-Yearly IDCW,141375
NAVI Large & Midcap Fund - Regular Half Yearly IDCW Payout,141410
Navi Large & Midcap Fund - Regular Annual IDCW payout,141411
Navi Large & Midcap Fund - Direct Annual IDCW Payout,141414
Navi Large & Midcap Fund - Direct Half Yearly IDCW Payout,141415
Axis Nifty 50 ETF,141545
Axis Corporate Bond Fund - Direct Plan - Daily IDCW,141586
Axis Corporate Bond Fund - Direct Plan - Weekly IDCW,141587
Axis Corporate Bond Fund - Direct Plan Growth,141588
Axis Corporate Bond Fund - Regular Plan - Daily IDCW,141589
Axis Corporate Bond Fund - Direct Plan - Monthly IDCW,141590
Axis Corporate Bond Fund - Direct Plan - Regular IDCW,141591
Axis Corporate Bond Fund - Regular Plan - Weekly IDCW,141592
Axis Corporate Bond Fund - Regular Plan Growth,141593
Axis Corporate Bond Fund - Regular Plan - Monthly IDCW,141594
Axis Corporate Bond Fund - Regular Plan - Regular IDCW,141595
ICICI Prudential Nifty 100 Low Volatility 30 ETF,141596
Edelweiss Arbitrage Fund - Monthly  Regular Plan - IDCW Option,141605
Edelweiss Arbitrage Fund - Monthly  Direct Plan - IDCW Option,141606
Axis Balanced Advantage Fund - Direct Plan - Growth,141642
Axis Balanced Advantage Fund - Direct Plan - IDCW,141643
Axis Balanced Advantage Fund - Regular Plan - Growth,141644
Axis Balanced Advantage Fund - Regular Plan - IDCW,141645
UTI Nifty Next 50 Exchange Traded Fund,141665
Edelweiss Balanced Advantage Fund - Regular Plan - Monthly - IDCW Option,141766
Edelweiss Balanced Advantage Fund - Direct Plan - Monthly - IDCW Option,141767
UTI Liquid Fund - Direct Plan - Flexi IDCW,141768
Groww ELSS Tax Saver Fund (formerly known as Indiabulls Tax Savings Fund)- Direct Plan- Dividend Option,141807
Groww ELSS Tax Saver Fund (formerly known as Indiabulls Tax Savings Fund)- Direct Plan- Growth Option,141808
Groww ELSS Tax Saver Fund (formerly known as Indiabulls Tax Savings Fund)- Regular Plan- - Income Distribution cum capital withdrawal Option (Payout),141810
ICICI Prudential BSE Sensex Index Fund - Cumulative Option,141839
ICICI Prudential BSE Sensex Index Fund - IDCW Option,141840
ICICI Prudential BSE Sensex Index Fund - Direct Plan - Cumulative Option,141841
ICICI Prudential BSE Sensex Index Fund - Direct Plan - IDCW Option,141842
Groww ELSS Tax Saver Fund (formerly known as Indiabulls Tax Savings Fund)-Regular Plan-Growth Option,141862
DSP Nifty 50 Equal Weight Index Fund - Regular Plan - Growth,141875
DSP Nifty 50 Equal Weight Index Fund - Regular Plan - IDCW,141876
DSP Nifty 50 Equal Weight Index Fund - Direct Plan - Growth,141877
DSP Nifty 50 Equal Weight Index Fund - Direct Plan - IDCW,141878
BANK OF INDIA Liquid Fund  Unclaimed Dividend greater than  3 years,141887
BANK OF INDIA Liquid Fund  Unclaimed Redemption greater than  3 years,141888
BANK OF INDIA Liquid Fund  Unclaimed Dividend Upto 3 years,141889
BANK OF INDIA Liquid Fund  Unclaimed Redemption Upto 3 years,141890
HDFC Housing Opportunities Fund  - IDCW Option - Direct Plan,141921
HDFC Housing Opportunities Fund  - IDCW Option,141922
HDFC Housing Opportunities Fund  - Growth Option,141923
HDFC Housing Opportunities Fund  - Growth Option - Direct Plan,141924
Axis Flexi Cap Fund - Direct Plan - Growth,141925
Axis Flexi Cap fund - Direct Plan - IDCW,141926
Axis Flexi Cap Fund - Regular Plan - Growth,141927
Axis Flexi Cap Fund - Regular Plan - IDCW,141928
Edelweiss Equity Savings Fund - Direct Plan - Monthly - IDCW Option,141933
Edelweiss Equity Savings Fund - Regular Plan - Monthly - IDCW Option,141934
BHARAT 22 ETF,141957
UTI Low Duration Fund - Direct Plan - Annual IDCW,141958
Union Balanced Advantage Fund - Regular Plan - Growth Option,142035
Union Balanced Advantage Fund - Regular Plan - IDCW Option,142036
Union Balanced Advantage Fund - Direct Plan - IDCW Option,142037
Union Balanced Advantage Fund - Direct Plan - Growth Option,142038
Mahindra Manulife Mid Cap Fund- Regular Plan - IDCW,142107
Mahindra Manulife Mid Cap Fund - Direct Plan - IDCW,142108
Mahindra Manulife Mid Cap Fund - Regular Plan - Growth,142109
Mahindra Manulife Mid Cap Fund - Direct Plan -Growth,142110
BARODA BNP PARIBAS LIQUID FUND PLAN C REDEMPTION ABOVE 3 YRS,142245
BARODA BNP PARIBAS LIQUID FUND PLAN C IDCW UPTO 3YRS,142246
BARODA BNP PARIBAS LIQUID FUND PLAN C REDEMPTION UPTO 3YRS,142247
BARODA BNP PARIBAS LIQUID FUND PLAN C IDCW ABOVE 3 YRS,142248
UTI Money Market Fund - Direct Plan - Quarterly IDCW,142249
DSP Arbitrage Fund - Regular - IDCW - Monthly,142278
DSP Arbitrage Fund - Direct - IDCW,142279
DSP Arbitrage Fund - Regular - IDCW,142280
DSP Arbitrage Fund - Direct - IDCW - Monthly,142281
DSP Arbitrage Fund - Regular - Growth,142282
DSP Arbitrage Fund - Direct - Growth,142283
Union Liquid Fund - Unclaimed Amounts Plan - Redemption Upto 3 years,142342
Union Liquid Fund - Unclaimed Amounts Plan - Redemption Beyond 3 years,142343
Union Liquid Fund - Unclaimed Amounts Plan - IDCW Upto 3 years,142344
Union Liquid Fund - Unclaimed Amounts Plan - IDCW Beyond 3 years,142345
Edelweiss Recently Listed IPO Fund Regular Plan Growth,142383
Edelweiss Recently Listed IPO Fund REGULAR PLAN - IDCW Option,142384
Edelweiss Recently Listed IPO Fund - DIRECT PLAN - IDCW Option,142386
Edelweiss Recently Listed IPO Fund Direct Plan Growth,142388
PGIM India Aggressive Hybrid Equity Fund - Regular Plan - Annual Dividend Option,142421
PGIM India Aggressive Hybrid Equity Fund - Direct Plan - Annual Dividend Option,142422
PGIM India Arbitrage Fund - Direct Plan - Half yearly Dividend Option,142424
PGIM India Equity Savings Fund - Regular Plan - Regular Dividend Option,142426
PGIM India Equity Savings Fund - Direct Plan - Half yearly Dividend option,142427
PGIM India Equity Savings Fund - Direct Plan - Regular Dividend Option,142428
DSP NIFTY 1D Rate Liquid ETF,142589
Mirae Asset Short Duration Fund - Direct Plan - IDCW,142640
Mirae Asset Short Duration Fund - Direct Plan - Growth,142641
Mirae Asset Short Duration Fund - Regular Plan - Growth,142642
Mirae Asset Short Duration Fund - Regular Plan - IDCW,142643
UTI Money Market Fund - Direct Plan - Flexi IDCW,143125
Navi Aggressive Hybrid Fund - Regular Plan - Growth,143162
Navi Aggressive Hybrid Fund - Direct Plan - Growth,143163
Navi Aggressive Hybrid Fund - Regular Plan Normal IDCW,143166
Navi Aggressive Hybrid Fund - Direct Plan Normal IDCW,143167
Navi Aggressive Hybrid Fund - Direct Plan Quarterly IDCW,143185
Navi Aggressive Hybrid Fund - Direct Plan Half Yearly IDCW,143186
Navi Aggressive Hybrid Fund - Regular Plan Half Yearly IDCW,143189
Navi Aggressive Hybrid Fund - Direct Plan Monthly IDCW,143192
Navi Aggressive Hybrid Fund - Direct Plan Annual IDCW,143195
Navi Aggressive Hybrid Fund - Regular Plan Monthly IDCW,143197
Navi Aggressive Hybrid Fund - Regular Plan Annual IDCW,143198
Navi Aggressive Hybrid Fund - Regular Plan Quarterly IDCW,143199
Union Corporate Bond Fund - Regular Plan - Growth Option,143239
Union Corporate Bond Fund - Regular Plan - IDCW Option,143240
Union Corporate Bond Fund - Direct Plan - Growth Option,143241
Union Corporate Bond Fund - Direct Plan - IDCW Option,143242
ICICI Prudential BSE 500 ETF,143247
BANDHAN Equity Savings Fund-Direct Plan -Quarterly IDCW,143258
BANDHAN Equity Savings Fund- Regular Plan -Quarterly IDCW,143259
Parag Parikh Liquid Fund- Regular Plan- Growth,143260
Parag Parikh Liquid Fund- Regular Plan- Monthly IDCW,143261
Parag Parikh Liquid Fund- Direct Plan- Monthly IDCW,143262
Parag Parikh Liquid Fund- Direct Plan- Daily Reinvestment of IDCW,143263
Parag Parikh Liquid Fund- Regular Plan- Daily Reinvestment of IDCW,143264
Parag Parikh Liquid Fund- Direct Plan- Weekly Reinvestment of IDCW,143265
Parag Parikh Liquid Fund- Regular Plan- Weekly Reinvestment of IDCW,143266
Parag Parikh Liquid Fund- Direct Plan- Growth,143269
UTI Nifty Next 50 Index Fund - Regular Plan - Growth Option,143340
UTI Nifty Next 50 Index Fund - Direct Plan - Growth Option,143341
Bandhan Short Duration Fund - Regular Plan - Quarterly IDCW,143366
Bandhan Short Duration Fund - Direct Plan - Quarterly IDCW,143367
Bandhan Short Duration Fund - Regular Plan - Annual IDCW,143368
Bandhan Short Duration Fund - Direct Plan - Annual IDCW,143369
Baroda BNP Paribas Ultra Short Duration Fund - Regular Plan - Growth,143464
Nippon India Ultra Short Duration Fund- Growth Option,143493
Nippon India Ultra Short Duration Fund- Direct Plan- Growth Option,143494
NIPPON INDIA ULTRA SHORT DURATION FUND - WEEKLY IDCW OPTION,143495
NIPPON INDIA ULTRA SHORT DURATION FUND - QUARTERLY IDCW Option,143496
NIPPON INDIA ULTRA SHORT DURATION FUND - DIRECT Plan - MONTHLY IDCW Option,143497
NIPPON INDIA ULTRA SHORT DURATION FUND - DAILY IDCW OPTION,143498
NIPPON INDIA ULTRA SHORT DURATION FUND - MONTHLY IDCW Option,143499
NIPPON INDIA ULTRA SHORT DURATION FUND - DIRECT Plan - DAILY IDCW OPTION,143500
NIPPON INDIA ULTRA SHORT DURATION FUND - DIRECT Plan - WEEKLY IDCW OPTION,143501
NIPPON INDIA ULTRA SHORT DURATION FUND - DIRECT Plan - QUARTERLY IDCW Option,143502
Baroda BNP Paribas Ultra Short Duration Fund - Regular Plan - Daily IDCW,143507
Baroda BNP Paribas Ultra Short Duration Fund- Direct Plan- Growth,143508
Baroda BNP Paribas Ultra Short Duration Fund- Direct Plan- Weekly IDCW,143509
Baroda BNP Paribas Ultra Short Duratio Fund- Regular Plan- Weekly IDCW,143510
Baroda BNP Paribas Ultra Short Duration Fund- Direct Plan- Daily IDCW,143511
Invesco India Aggressive Hybrid Fund - Direct Plan - IDCW (Payout / Reinvestment),143532
Invesco India Aggressive Hybrid Fund - Regular Plan - IDCW (Payout / Reinvestment),143534
Invesco India Aggressive Hybrid Fund - Regular Plan - Growth,143536
Invesco India Aggressive Hybrid Fund - Direct Plan - Growth,143537
JM Money Market Fund (Direct) Bonus Option - Principal Units,143592
JM Money Market Fund - Daily Dividend,143594
JM Money Market Fund (Direct)- Daily Dividend Option,143595
JM Money Market Fund - Fortnighly Dividend,143596
JM Money Market Fund (Direct) - Growth,143597
JM Money Market Fund - Growth,143598
JM Money Market Fund (Direct) - Weekly Dividend,143599
JM Money Market Fund - Weekly Dividend,143600
JM Money Market Fund - Bonus Option - Principal Units,143601
JM Money Market Fund (Direct) - Fortnightly Dividend Option,143602
JM Low Duration Fund (Regular) - Daily IDCW,143603
JM Low Duration Fund (Direct) - Daily IDCW,143604
JM Low Duration Fund (Regular) - Fortnightly IDCW,143605
JM Low Duration Fund (Direct) - Fortnightly IDCW,143606
JM Low Duration Fund (Regular) - Growth Option,143607
JM Low Duration Fund (Regular) - Weekly IDCW,143608
JM Low Duration Fund - Bonus Option - Principal Units,143609
JM Low Duration Fund (Direct) - Bonus Option - Principal Units,143610
JM Low Duration Fund (Direct) - Weekly IDCW,143611
JM Low Duration Fund (Direct) - Growth,143612
BANK OF INDIA Arbitrage Fund Direct Plan Annual IDCW,143613
BANK OF INDIA Arbitrage Fund Direct Plan Growth,143614
BANK OF INDIA Arbitrage Fund Direct Plan Monthly IDCW,143615
BANK OF INDIA Arbitrage Fund Direct Plan Quarterly IDCW,143616
BANK OF INDIA Arbitrage Fund Regular Plan IDCW Annual IDCW,143617
BANK OF INDIA Arbitrage Fund Regular Plan IDCW Monthly IDCW,143618
BANK OF INDIA Arbitrage Fund Regular Plan IDCW Quarterly IDCW,143619
BANK OF INDIA Arbitrage Fund Regular Growth,143620
NIPPON INDIA NIVESH LAKSHYA LONG DURATION FUND - DIRECT Plan - HALF YEARLY IDCW Option,143701
Nippon India Nivesh Lakshya Long Duration Fund- Growth Option,143702
NIPPON INDIA NIVESH LAKSHYA LONG DURATION FUND - ANNUAL IDCW Option,143703
Nippon India Nivesh Lakshya Long Duration Fund- Direct Plan- Growth Option,143704
NIPPON INDIA NIVESH LAKSHYA LONG DURATION FUND - DIRECT Plan - MONTHLY IDCW Option,143705
NIPPON INDIA NIVESH LAKSHYA LONG DURATION FUND - IDCW Option,143706
NIPPON INDIA NIVESH LAKSHYA LONG DURATION FUND - DIRECT Plan - IDCW Option,143707
NIPPON INDIA NIVESH LAKSHYA LONG DURATION FUND - QUARTERLY IDCW Option,143708
NIPPON INDIA NIVESH LAKSHYA LONG DURATION  FUND - DIRECT Plan - QUARTERLY IDCW Option,143709
NIPPON INDIA NIVESH LAKSHYA LONG DURATION FUND LONG DURATION - HALF YEARLY IDCW Option,143710
NIPPON INDIA NIVESH LAKSHYA LONG DURATION FUND - DIRECT Plan - ANNUAL IDCW Option,143711
NIPPON INDIA NIVESH LAKSHYA LONG DURATION FUND - MONTHLY IDCW Option,143712
Mirae Asset Healthcare Fund Direct Growth,143783
Mirae Asset Healthcare Fund Direct IDCW,143784
Mirae Asset Healthcare Fund -Regular Growth,143785
Mirae Asset Healthcare Fund Regular IDCW,143786
Navi Flexi Cap Fund - Regular Plan - Growth,143787
NAVI FLEXI CAP FUND - REGULAR PLAN QUARTERLY IDCW PAYOUT,143788
NAVI FLEXI CAP FUND - REGULAR PLAN NORMAL IDCW PAYOUT,143789
NAVI FLEXI CAP FUND - REGULAR PLAN MONTHLY IDCW PAYOUT,143790
NAVI FLEXI CAP FUND - DIRECT PLAN QUARTERLY IDCW PAYOUT,143791
NAVI FLEXI CAP FUND - DIRECT PLAN NORMAL IDCW PAYOUT,143792
Navi Flexi Cap Fund - Direct Plan - Growth,143793
NAVI FLEXI CAP FUND - REGULAR PLAN HALF YEARLY IDCW PAYOUT,143794
NAVI FLEXI CAP FUND - REGULAR PLAN ANNUAL IDCW PAYOUT,143795
NAVI FLEXI CAP FUND - DIRECT PLAN MONTHLY IDCW PAYOUT,143796
NAVI FLEXI CAP FUND - DIRECT PLAN HALF YEARLY IDCW PAYOUT,143797
NAVI FLEXI CAP FUND - DIRECT PLAN ANNUAL IDCW PAYOUT,143798
ICICI Prudential Pharma Healthcare and Diagnostics (P.H.D) Fund - Cumulative Option,143873
ICICI Prudential Pharma Healthcare and Diagnostics (P.H.D) Fund - Direct Plan - Cumulative Option,143874
ICICI Prudential Pharma Healthcare and Diagnostics (P.H.D) Fund - IDCW Option,143875
ICICI Prudential Pharma Healthcare and Diagnostics (P.H.D) Fund - Direct Plan - IDCW Option,143876
ICICI Prudential BHARAT 22 FOF - Direct Plan Cumulative Option,143903
ICICI Prudential BHARAT 22 FOF - Cumulative Option,143904
BANDHAN ULTRA SHORT DURATION FUND - REGULAR PLAN GROWTH,144171
BANDHAN ULTRA SHORT DURATION FUND - REGULAR PLAN DAILY IDCW,144172
BANDHAN ULTRA SHORT DURATION FUND - DIRECT PLAN GROWTH,144173
BANDHAN ULTRA SHORT DURATION FUND - DIRECT PLAN-DAILY IDCW,144174
BANDHAN ULTRA SHORT DURATION FUND - REGULAR PLAN WEEKLY IDCW,144189
BANDHAN ULTRA SHORT DURATION FUND - REGULAR PLAN QUARTERLY IDCW,144190
BANDHAN ULTRA SHORT DURATION FUND - DIRECT PLAN- WEEKLY IDCW,144191
BANDHAN ULTRA SHORT DURATION FUND - DIRECT PLAN QUARTERLY IDCW,144192
BANDHAN ULTRA SHORT DURATION FUND - REGULAR PLAN PERIODIC IDCW,144193
BANDHAN ULTRA SHORT DURATION FUND - REGULAR PLAN MONTHLY IDCW,144194
BANDHAN ULTRA SHORT DURATION FUND - DIRECT PLAN -MONTHLY IDCW,144195
BANDHAN ULTRA SHORT DURATION FUND - DIRECT PLAN PERIODIC IDCW,144196
Union Equity Savings Fund - Regular Plan - Growth Option,144310
Union Equity Savings Fund - Regular Plan - IDCW Option,144311
Union Equity Savings Fund - Direct Plan - Growth Option,144312
Union Equity Savings Fund - Direct Plan - IDCW Option,144313
Kotak Balanced Advantage Fund -Regular Plan - Growth Option,144333
Kotak Balanced Advantage Fund -Direct Plan  -Payout of Income Distribution cum capital withdrawal option,144334
Kotak Balanced Advantage Fund  - Direct Plan -Growth Option,144335
Kotak Balanced Advantage Fund - Regular Plan - Payout of Income Distribution cum capital withdrawal option Option,144336
UTI Corporate Bond Fund - Regular Plan - Annual IDCW,144337
UTI Corporate Bond Fund - Regular Plan - Flexi IDCW,144338
UTI Corporate Bond Fund - Direct Plan - Growth Option,144339
UTI Corporate Bond Fund - Direct Plan - Half-Yearly IDCW,144340
UTI Corporate Bond Fund - Direct Plan - Flexi IDCW,144341
UTI Corporate Bond Fund - Regular Plan - Quarterly IDCW,144342
UTI Corporate Bond Fund - Regular Plan - Half-Yearly IDCW,144343
UTI Corporate Bond Fund - Direct Plan - Annual IDCW,144344
UTI Corporate Bond Fund - Regular Plan - Growth Option,144345
UTI Corporate Bond Fund - Direct Plan - Quarterly IDCW,144346
Axis Aggressive Hybrid Fund - Regular Plan - Growth Option,144393
Axis Aggressive Hybrid Fund - Direct Plan - Growth Option,144394
Axis Aggressive Hybrid Fund - Direct Plan - Regular IDCW,144395
Axis Aggressive Hybrid Fund - Regular Plan - Regular IDCW,144396
Axis Aggressive Hybrid Fund - Direct Plan - Monthly IDCW,144397
Axis Aggressive Hybrid Fund - Direct Plan - Quarterly IDCW,144398
Axis Aggressive Hybrid Fund - Regular Plan - Monthly IDCW,144399
Axis Aggressive Hybrid Fund - Regular Plan - Quarterly IDCW,144400
Mahindra Manulife Dynamic Bond Fund - Regular Plan - Growth,144401
Mahindra Manulife Dynamic Bond Fund - Regular Plan - Quarterly IDCW,144402
Mahindra Manulife Dynamic Bond Fund - Direct Plan - Growth,144403
Mahindra Manulife Dynamic Bond Fund - Direct Plan - Quarterly IDCW,144404
Mahindra Manulife Dynamic Bond Fund - Regular Plan - IDCW,144405
Mahindra Manulife Dynamic Bond Fund - Direct Plan - IDCW,144406
Franklin India Equity Savings Fund- Growth,144461
Franklin India Equity Savings Fund - Direct - IDCW,144462
Franklin India Equity Savings Fund - Quarterly - IDCW,144463
Franklin India Equity Savings Fund - Monthly - IDCW,144464
Franklin India Equity Savings Fund - Direct - Monthly - IDCW,144465
Franklin India Equity Savings Fund- Growth Direct,144466
Franklin India Equity Savings Fund - Direct - Quarterly - IDCW,144467
Franklin India Equity Savings Fund - IDCW,144468
UTI Liquid Fund - Regular Plan - Half-Yearly IDCW,144475
UTI Equity Savings Fund - Regular Plan - Growth Option,144484
UTI Equity Savings Fund - Regular Plan - IDCW,144485
UTI Equity Savings Fund - Regular Plan - Monthly IDCW,144486
UTI Equity Savings Fund - Regular Plan - Quarterly IDCW,144487
UTI Equity Savings Fund - Direct Plan - Quarterly IDCW,144488
UTI Equity Savings Fund - Direct Plan - Monthly IDCW,144489
UTI Equity Savings Fund - Direct Plan - Growth Option,144490
UTI Equity Savings Fund - Direct Plan - IDCW,144491
TATA Flexi Cap Fund Direct Plan - Reinvestment of Income Distribution cum capital withdrawal option,144543
TATA Flexi Cap Fund Regular Plan - Payout of Income Distribution cum capital withdrawal option,144544
TATA Flexi Cap Fund Regular Plan - Reinvestment of Income Distribution cum capital withdrawal option,144545
Tata Flexi Cap Fund-Direct Plan-Growth,144546
TATA Flexi Cap Fund - Direct Plan - Payout of Income Distribution cum capital withdrawal option,144547
Tata Flexi Cap Fund -Regular Plan-Growth,144548
ICICI Prudential Nifty Next 50 ETF,144587
DSP Corporate Bond Fund - Regular - Growth,144644
DSP Corporate Bond Fund - Regular - IDCW - Monthly,144645
DSP Corporate Bond Fund - Direct - Growth,144646
DSP Corporate Bond Fund - Direct - IDCW,144647
DSP Corporate Bond Fund - Direct - IDCW - Quarterly,144648
DSP Corporate Bond Fund - Regular - IDCW - Quarterly,144649
DSP Corporate Bond Fund - Regular - IDCW,144650
DSP Corporate Bond Fund - Direct - IDCW - Monthly,144651
Axis Ultra Short Duration Fund - Direct Plan - Daily IDCW,144753
Axis Ultra Short Duration Fund - Direct Plan Growth,144754
Axis Ultra Short Duration Fund - Direct Plan - Monthly IDCW,144755
Axis Ultra Short Duration Fund - Direct Plan - Regular IDCW,144756
Axis Ultra Short Duration Fund - Direct Plan - Weekly IDCW,144757
Axis Ultra Short Duration Fund - Regular Plan - Daily IDCW,144758
Axis Ultra Short Duration Fund - Regular Plan Growth,144759
Axis Ultra Short Duration Fund - Regular Plan - Monthly IDCW,144760
Axis Ultra Short Duration Fund - Regular Plan - Regular IDCW,144761
Axis Ultra Short Duration Fund - Regular Plan - Weekly IDCW,144762
Sundaram Services Fund Regular Plan - Reinvestment of Income Distribution cum Capital Withdrawal (IDCW),144834
Sundaram Services Fund Direct Plan - Growth,144835
Sundaram Services Fund Direct Plan - Payout of Income Distribution cum Capital Withdrawal (IDCW),144836
Sundaram Services Fund Direct Plan - Reinvestment of Income Distribution cum Capital Withdrawal (IDCW),144837
Sundaram Services Fund Regular Plan - Growth,144838
Sundaram Services Fund Regular Plan - Payout of Income Distribution cum Capital Withdrawal (IDCW),144839
Shriram Flexi Cap Fund - Regular Growth,144902
Shriram Flexi Cap Fund - Regular-IDCW,144903
Shriram Flexi Cap Fund - Direct Growth,144905
Shriram Flexi Cap Fund - Direct-IDCW,144906
SBI BSE Sensex Next 50 ETF,144916
ICICI Prudential BSE Liquid Rate ETF - IDCW,144947
HDFC Ultra Short Term Fund - Direct Plan-Growth Option,145034
HDFC Ultra Short Term Fund - Direct Plan-Weekly IDCW Option,145035
HDFC Ultra Short Term Fund - Direct Plan-Monthly IDCW Option,145036
HDFC Ultra Short Term Fund - Monthly IDCW Option,145037
HDFC Ultra Short Term Fund - Weekly IDCW Option,145038
HDFC Ultra Short Term Fund - Direct Plan-Daily IDCW Option,145039
HDFC Ultra Short Term Fund - Growth Option,145040
HDFC Ultra Short Term Fund - Daily IDCW Option,145041
Sundaram Money Market Fund Regular Plan - Growth,145042
Sundaram Money Market Fund Regular Plan - Daily Reinvestment of Income Distribution cum Capital Withdrawal (IDCW),145043
Sundaram Money Market Fund Regular Plan- Income Distribution cum Capital Withdrawal (IDCW),145044
Sundaram Money Market Fund Regular Plan - Income Distribution cum Capital Withdrawal (IDCW ),145045
Sundaram Money Market Fund Regular Plan -Income Distribution cum Capital Withdrawal (IDCW ),145046
Sundaram Money Market Fund Regular Plan - Weekly Reinvestment of Income Distribution cum Capital Withdrawal (IDCW),145047
Sundaram Money Market Fund Regular Plan - Fortnightly Reinvestment of Income Distribution cum Capital Withdrawal (IDCW),145048
Sundaram Money Market Fund Regular Plan -Income Distribution cum Capital Withdrawal(IDCW),145049
Sundaram Money Market Fund Direct Plan - Growth,145050
Sundaram Money Market Fund Direct Plan - Income Distribution cum Capital Withdrawal (IDCW),145051
Sundaram Money Market Fund Direct Plan- Income Distribution cum Capital Withdrawal(IDCW),145052
Sundaram Money Market Fund Direct Plan - Fortnightly Reinvestment of Income Distribution cum Capital Withdrawal (IDCW),145053
Sundaram Money Market Fund Direct Plan - Daily Reinvestment of Income Distribution cum Capital Withdrawal (IDCW),145054
Sundaram Money Market Fund Direct Plan - Weekly Reinvestment of Income Distribution cum Capital Withdrawal (IDCW),145055
Sundaram Money Market Fund Direct Plan - Income Distribution cum Capital Withdrawal(IDCW),145056
Sundaram Money Market Fund Direct Plan-Income Distribution cum Capital Withdrawal(IDCW),145057
ICICI Prudential Manufacturing Fund - Direct Plan - Cumulative Option,145075
ICICI Prudential Manufacturing Fund - Direct Plan - IDCW Option,145076
ICICI Prudential Manufacturing Fund - Cumulative Option,145077
ICICI Prudential Manufacturing Fund - IDCW Option,145078
Axis Large & Mid Cap Fund - Direct Plan - IDCW,145109
Axis Large & Mid Cap Fund - Direct Plan - Growth,145110
Axis Large & Mid Cap Fund - Regular Plan - IDCW,145111
Axis Large & Mid Cap Fund - Regular Plan - Growth,145112
Invesco India Smallcap Fund - Direct Plan - Growth,145137
Invesco India Smallcap Fund - Direct Plan - IDCW (Payout / Reinvestment),145138
Invesco India Smallcap Fund - Regular Plan - Growth,145139
Invesco India Smallcap Fund - Regular Plan - IDCW (Payout / Reinvestment),145140
TATA SmallCap Fund Regular Plan - Payout of Income Distribution cum capital withdrawal option,145205
Tata Small Cap Fund-Direct Plan-Growth,145206
TATA SmallCap Fund - Direct Plan - Payout of Income Distribution cum capital withdrawal option,145207
Tata Small Cap Fund-Regular Plan-Growth,145208
TATA Small Cap Fund Direct Plan - Reinvestment of Income Distribution cum capital withdrawal option,145209
TATA Small Cap Fund Regular Plan - Reinvestment of Income Distribution cum capital withdrawal option,145210
UTI - Floater Fund - Regular Plan  - Growth Option,145287
UTI Floater Fund - Regular Plan - Half-Yearly IDCW,145288
UTI Floater Fund - Regular Plan - Annual IDCW,145289
UTI Floater Fund - Direct Plan - Quarterly IDCW,145290
UTI Floater Fund - Direct Plan - Flexi IDCW,145291
UTI Floater Fund - Regular Plan - Flexi IDCW,145292
UTI Floater Fund - Direct Plan - Annual IDCW,145293
UTI Floater Fund - Regular Plan - Quarterly IDCW,145294
UTI - Floater Fund - Direct Plan - Growth Option,145295
UTI Floater Fund - Direct Plan - Half-Yearly IDCW,145296
Mahindra Manulife Consumption Fund- Regular Plan - Growth,145355
Mahindra Manulife Consumption Fund - Direct Plan -Growth,145356
Mahindra Manulife Consumption Fund - Direct Plan - IDCW,145357
Mahindra Manulife Consumption Fund - Regular Plan - IDCW,145358
Baroda BNP Paribas Balanced Advantage Fund-Regular Plan -Growth Option,145387
Baroda BNP Paribas Balanced Advantage Fund-Regular Plan-IDCW Option,145389
Baroda BNP Paribas Balanced Advantage Fund-Direct Plan-Growth Option,145396
Baroda BNP Paribas Balanced Advantage Fund-Direct Plan-IDCW Option,145397
ICICI Prudential Ultra Short Term Fund - Daily IDCW,145399
ICICI Prudential Ultra Short Term Fund - Direct Plan - Weekly IDCW,145400
ICICI Prudential Ultra Short Term Fund - Direct Plan - Fortnightly IDCW,145401
ICICI Prudential Ultra Short Term Fund - Weekly IDCW,145402
ICICI Prudential Ultra Short Term Fund - Fortnightly IDCW,145403
ICICI Prudential Ultra Short Term Fund - Direct Plan - Daily IDCW,145404
DSP Healthcare Fund - Regular Plan - IDCW,145453
DSP Healthcare Fund - Direct Plan - Growth,145454
DSP Healthcare Fund - Direct Plan - IDCW,145455
DSP Healthcare Fund - Regular Plan - Growth,145456
Union Value Fund - Regular Plan - Growth Option,145471
Union Value Fund - Regular Plan - IDCW Option,145472
Union Value Fund - Direct Plan - Growth Option,145473
Union Value Fund - Direct Plan - IDCW Option,145474
ADITYA BIRLA SUNLIFE OVERNIGHT FUND-REGULAR PLAN-GROWTH,145481
ADITYA BIRLA SUN LIFE OVERNIGHT FUND-  Regular - Weekly Reinvestment of IDCW option,145482
ADITYA BIRLA SUN LIFE OVERNIGHT FUND- Regular - Daily Reinvestment of IDCW,145483
ADITYA BIRLA SUN LIFE OVERNIGHT FUND- Regular- Monthly Payout of IDCW option,145485
ADITYA BIRLA SUN LIFE OVERNIGHT FUND-DIRECT PLAN-GROWTH,145486
ADITYA BIRLA SUN LIFE OVERNIGHT FUND- Direct - Daily Reinvestment of IDCW,145487
ADITYA BIRLA SUN LIFE OVERNIGHT FUND-  Direct - Monthly Payout of IDCW,145488
ADITYA BIRLA SUN LIFE OVERNIGHT FUND-  Direct - Weekly Reinvestment of IDCW,145489
ICICI Prudential Overnight Fund - Growth,145535
ICICI Prudential Overnight Fund - Direct Plan - Growth,145536
ICICI Prudential Overnight Fund - Direct Plan - Daily IDCW,145537
ICICI Prudential Overnight Fund - Weekly IDCW,145538
ICICI Prudential Overnight Fund - Direct Plan - Weekly IDCW,145539
ICICI Prudential Overnight Fund - Fortnightly IDCW,145540
ICICI Prudential Overnight Fund - Direct Plan - Fortnightly IDCW,145541
ICICI Prudential Overnight Fund - Direct Plan - Monthly IDCW,145542
ICICI Prudential Overnight Fund - Quarterly IDCW,145543
ICICI Prudential Overnight Fund - Direct Plan - Quarterly IDCW,145544
ICICI Prudential Overnight Fund - Direct Plan - Half Yearly IDCW,145545
ICICI Prudential Overnight Fund - Annual IDCW,145546
ICICI Prudential Overnight Fund - Daily IDCW,145547
ICICI Prudential Overnight Fund - Monthly IDCW,145548
ICICI Prudential Overnight Fund - Half Yearly IDCW,145549
ICICI Prudential Overnight Fund - Direct Plan - Annual IDCW,145550
Motilal Oswal Nasdaq 100 Fund of Fund- Regular Plan Growth,145551
Motilal Oswal Nasdaq 100 Fund of Fund- Direct Plan Growth,145552
Groww Dynamic Term Fund (formerly known as Indiabulls Dynamic Bond Fund) - Direct Plan - Growth option,145589
Groww Dynamic Term Fund (formerly known as Indiabulls Dynamic Bond Fund) - Regular Plan - Growth option,145590
Groww Dynamic Term Fund (formerly known as Indiabulls Dynamic Bond Fund)- Direct Plan- Monthly - Income Distribution cum capital withdrawal Option (Payout & Reinvestment),145591
Groww Dynamic Term Fund (formerly known as Indiabulls Dynamic Bond Fund)- Regular Plan- Monthly - Income Distribution cum capital withdrawal Option (Payout & Reinvestment),145592
Groww Dynamic Term Fund (formerly known as Indiabulls Dynamic Bond Fund)- Regular Plan- - Income Distribution cum capital withdrawal Option ( Reinvestment),145593
Groww Dynamic Term Fund (formerly known as Indiabulls Dynamic Bond Fund)- Regular Plan- Weekly - Income Distribution cum capital withdrawal Option (Payout & Reinvestment),145594
Groww Dynamic Term Fund (formerly known as Indiabulls Dynamic Bond Fund)- Direct Plan- Fortnightly - Income Distribution cum capital withdrawal Option (Payout & Reinvestment),145595
Groww Dynamic Term Fund (formerly known as Indiabulls Dynamic Bond Fund)- Direct Plan- - Income Distribution cum capital withdrawal Option ( Reinvestment),145596
Groww Dynamic Term Fund (formerly known as Indiabulls Dynamic Bond Fund)- Direct Plan- Weekly - Income Distribution cum capital withdrawal Option (Payout & Reinvestment),145597
Groww Dynamic Term Fund (formerly known as Indiabulls Dynamic Bond Fund)- Regular Plan- Fortnightly - Income Distribution cum capital withdrawal Option (Payout & Reinvestment),145598
Groww Aggressive Hybrid Fund (formerly known as Indiabulls Equity Hybrid Fund) - Direct Plan - Growth option,145599
Groww Aggressive Hybrid Fund (formerly known as Indiabulls Equity Hybrid Fund)- Direct Plan- - Income Distribution cum capital withdrawal Option (Payout & Reinvestment),145600
Groww Aggressive Hybrid Fund (formerly known as Indiabulls Equity Hybrid Fund)- Direct Plan- Quarterly - Income Distribution cum capital withdrawal Option (Payout & Reinvestment),145601
Groww Aggressive Hybrid Fund (formerly known as Indiabulls Equity Hybrid Fund)- Direct Plan- Half Yearly - Income Distribution cum capital withdrawal Option (Payout & Reinvestment),145602
Groww Aggressive Hybrid Fund (formerly known as Indiabulls Equity Hybrid Fund)- Regular Plan- - Income Distribution cum capital withdrawal Option (Payout & Reinvestment),145603
Groww Aggressive Hybrid Fund (formerly known as Indiabulls Equity Hybrid Fund)- Regular Plan- Monthly - Income Distribution cum capital withdrawal Option (Payout & Reinvestment.,145604
Groww Aggressive Hybrid Fund (formerly known as Indiabulls Equity Hybrid Fund) - Regular Plan - Growth option,145605
Groww Aggressive Hybrid Fund (formerly known as Indiabulls Equity Hybrid Fund)- Direct Plan- Monthly - Income Distribution cum capital withdrawal Option (Payout & Reinvestment),145606
Groww Aggressive Hybrid Fund (formerly known as Indiabulls Equity Hybrid Fund)- Regular Plan- Quarterly - Income Distribution cum capital withdrawal Option (Payout & Reinvestment),145607
Groww Aggressive Hybrid Fund (formerly known as Indiabulls Equity Hybrid Fund)- Regular Plan- Half Yearly - Income Distribution cum capital withdrawal Option (Payout & Reinvestment),145608
Mirae Asset Nifty 50 ETF,145633
SBI Nifty 200 Quality 30 ETF,145648
BANK OF INDIA Small Cap Fund Direct Plan IDCW,145675
BANK OF INDIA Small Cap Fund Regular Plan IDCW,145676
BANK OF INDIA Small Cap Fund Regular Plan Growth,145677
BANK OF INDIA Small Cap Fund Direct Plan Growth,145678
Mirae Asset Equity Savings Fund- Direct Plan- Growth,145693
Mirae Asset Equity Savings Fund Direct IDCW,145694
Mirae Asset Equity Savings Fund- Regular Plan- Growth,145695
Mirae Asset Equity Savings Fund Regular IDCW,145696
Tata Arbitrage Fund-Regular Plan-Growth,145723
Tata Arbitrage Fund-Direct Plan-Growth,145724
TATA Arbitrage Fund Direct Plan - Monthly Reinvestment of Income Distribution cum capital withdrawal option,145725
TATA Arbitrage Fund Regular Plan - Monthly Reinvestment of Income Distribution cum capital withdrawal option,145726
TATA Arbitrage Fund Direct Plan - Monthly Payout of Income Distribution cum capital withdrawal option,145727
TATA Arbitrage Fund Regular Plan - Monthly Payout of Income Distribution cum capital withdrawal option,145728
Tata Nifty 50 Exchange Traded Fund,145801
Nippon India Overnight Fund - Direct Plan - Growth Option,145810
Nippon India Overnight Fund - Regular Plan - Growth Option,145811
NIPPON INDIA OVERNIGHT FUND - DIRECT Plan - DAILY IDCW Option,145812
Shriram ELSS Tax Saver Fund - Direct Growth,145819
Shriram ELSS Tax Saver Fund - Regular Growth,145820
Shriram ELSS Tax Saver Fund - Regular-IDCW,145821
Shriram ELSS Tax Saver Fund - Direct- IDCW,145822
NIPPON INDIA OVERNIGHT FUND - DIRECT Plan - WEEKLY IDCW Option,145823
NIPPON INDIA OVERNIGHT FUND - DIRECT Plan - MONTHLY IDCW Option,145824
NIPPON INDIA OVERNIGHT FUND - DIRECT Plan - QUARTERLY IDCW Option,145825
NIPPON INDIA OVERNIGHT FUND - WEEKLY IDCW Option,145826
NIPPON INDIA OVERNIGHT FUND - MONTHLY IDCW Option,145827
NIPPON INDIA OVERNIGHT FUND - DAILY IDCW Option,145830
NIPPON INDIA OVERNIGHT FUND - QUARTERLY IDCW Option,145833
Motilal Oswal Liquid Fund - Direct Growth,145834
Aditya Birla Sunlife Nifty Next 50 ETF,145881
LIC MF Arbitrage Fund-Regular Plan-Growth,145890
LIC MF Arbitrage Fund-Direct Plan-Weekly IDCW,145891
LIC MF Arbitrage Fund-Regular Plan-Monthly IDCW,145892
LIC MF Arbitrage Fund-Regular Plan-Weekly IDCW,145893
LIC MF Arbitrage Fund-Direct Plan-Monthly IDCW,145894
LIC MF Arbitrage Fund-Direct Plan-Growth,145895
ICICI Prudential India Opportunities Fund - Cumulative Option,145896
ICICI Prudential India Opportunities Fund - Direct Plan - Cumulative Option,145897
ICICI Prudential India Opportunities Fund - Direct Plan - IDCW Option,145898
ICICI Prudential India Opportunities Fund - IDCW Option,145899
Motilal Oswal Liquid Fund - Regular Growth,145946
LIC MF Short Duration Fund-Regular Plan-IDCW,145951
LIC MF Short Duration Fund-Regular Plan-Growth,145952
LIC MF Short Duration Fund-Direct Plan-IDCW,145953
LIC MF Short Duration Fund-Direct Plan-Growth,145954
WhiteOak Capital Liquid Fund- Regular plan-Daily Reinvestment of Income Distribution cum capital withdrawal option (IDCW),145963
WhiteOak Capital Liquid Fund- Regular plan-Weekly Payout/ Reinvestment of Income Distribution cum capital withdrawal option (IDCW),145964
WhiteOak Capital Liquid Fund- Regular plan-Fortnightly Payout/ Reinvestment of Income Distribution cum capital withdrawal option (IDCW),145965
WhiteOak Capital Liquid Fund- Direct plan-Fortnightly Payout/ Reinvestment of Income Distribution cum capital withdrawal option (IDCW),145966
WhiteOak Capital Liquid Fund- Direct plan-Monthly  Payout/ Reinvestment of Income Distribution cum capital withdrawal option (IDCW),145967
WhiteOak Capital Liquid Fund- Regular plan-Growth Option,145968
WhiteOak Capital Liquid Fund- Direct plan-Daily Reinvestment of Income Distribution cum capital withdrawal option (IDCW),145969
WhiteOak Capital Liquid Fund- Direct plan-Weekly Payout/ Reinvestment of Income Distribution cum capital withdrawal option (IDCW),145970
WhiteOak Capital Liquid Fund- Direct plan-Growth Option,145971
WhiteOak Capital Liquid Fund- Regular plan-Monthly Payout/ Reinvestment of Income Distribution cum capital withdrawal option (IDCW),145972
TATA Balanced Advantage Fund Regular Plan - Payout of Income Distribution cum capital withdrawal option,146005
TATA Balanced Advantage Fund Direct Plan - Payout of Income Distribution cum capital withdrawal option,146006
Tata Balanced Advantage Fund-Regular Plan-Growth,146007
TATA Balanced Advantage Fund Direct Plan - Reinvestment of Income Distribution cum capital withdrawal option,146008
TATA Balanced Advantage Fund Regular Plan - Reinvestment of Income Distribution cum capital withdrawal option,146009
Tata Balanced Advantage Fund-Direct Plan-Growth,146010
DSP Overnight Fund - Regular Plan - Growth,146061
DSP Overnight Fund - Direct Plan - Growth,146062
DSP Overnight Fund - Regular Plan - IDCW - Weekly,146063
DSP Overnight Fund - Direct Plan - IDCW - Weekly,146064
DSP Overnight Fund - Direct Plan - IDCW - Daily,146065
DSP Overnight Fund - Regular Plan - IDCW - Daily,146066
TATA Ultra Short Term Fund-Direct Plan - Weekly Payout of Income Distribution cum capital withdrawal option,146067
TATA Ultra Short Term Fund Direct Plan - Weekly Reinvestment of Income Distribution cum capital withdrawal option,146068
TATA Ultra Short Term Fund-Direct Plan - Monthly Payout of Income Distribution cum capital withdrawal option,146069
Tata Ultra Short Term Fund-Regular Plan-Growth,146070
TATA Ultra Short Term Fund-Regular Plan - Weekly Payout of Income Distribution cum capital withdrawal option,146071
TATA Ultra Short Term Fund-Regular Plan - Monthly Payout of Income Distribution cum capital withdrawal option,146072
TATA Ultra Short Term Fund Regular Plan - Monthly Reinvestment of Income Distribution cum capital withdrawal option,146073
TATA Ultra Short Term Fund Regular Plan -Weekly Reinvestment of Income Distribution cum capital withdrawal option,146074
Tata Ultra Short Term Fund-Direct Plan-Growth,146075
TATA Ultra Short Term Fund Direct Plan - Monthly Reinvestment of Income Distribution cum capital withdrawal option,146076
CANARA ROBECO SMALL CAP FUND - REGULAR PLAN - GROWTH OPTION,146127
CANARA ROBECO SMALL CAP FUND - REGULAR PLAN - IDCW (Payout/Reinvestment),146128
CANARA ROBECO SMALL CAP FUND - DIRECT PLAN - GROWTH OPTION,146130
CANARA ROBECO SMALL CAP FUND - DIRECT PLAN - IDCW (Payout/Reinvestment),146131
Kotak Overnight Fund-Regular Plan- Daily Reinvestment of Income Distribution cum capital withdrawal option,146138
Kotak Overnight Fund-Direct Plan- Daily Reinvestment of Income Distribution cum capital withdrawal option,146140
Kotak Overnight Fund -Direct Plan-Growth Option,146141
Kotak Overnight Fund -Regular plan-Growth Option,146142
BANDHAN Overnight Fund - Direct Plan - Monthly IDCW,146183
BANDHAN Overnight Fund - Direct Plan - Periodic IDCW,146184
BANDHAN Overnight Fund - Regular Plan - Monthly IDCW,146185
BANDHAN Overnight Fund - REGULAR PLAN PERIODIC IDCW,146186
BANDHAN Overnight Fund - Regular Plan - Growth,146187
BANDHAN Overnight Fund - Regular Plan - Daily IDCW,146188
BANDHAN Overnight Fund - Regular Plan - Weekly IDCW,146189
BANDHAN Overnight Fund - Direct Plan - Daily IDCW,146190
BANDHAN Overnight Fund - Direct Plan - Growth,146191
BANDHAN Overnight Fund - Direct Plan - Weekly IDCW,146192
Edelweiss Small Cap Fund - Regular Plan - Growth,146193
Edelweiss Small Cap Fund - Regular Plan - IDCW Option,146194
Edelweiss Small Cap Fund - Direct Plan - Growth,146196
Edelweiss Small Cap Fund - Direct Plan - IDCW Option,146197
SBI Corporate Bond Fund - Regular Plan - Growth,146207
SBI Corporate Bond Fund - Regular Plan - Monthly Income Distribution cum Capital Withdrawal Option (IDCW),146208
SBI Corporate Bond Fund - Regular Plan - Quarterly Income Distribution cum Capital Withdrawal Option (IDCW),146210
SBI Corporate Bond Fund - Direct Plan - Monthly Income Distribution cum Capital Withdrawal Option (IDCW),146212
SBI Corporate Bond Fund - Direct Plan - Growth,146215
SBI Corporate Bond Fund - Direct Plan - Quarterly Income Distribution cum Capital Withdrawal Option (IDCW),146216
Motilal Oswal Liquid Fund Direct - IDCW  Quarterly Payout/Reinvestment,146218
Motilal Oswal Liquid Fund Regular - IDCW Monthly Payout/Reinvestment,146220
Motilal Oswal Liquid Fund Regular - IDCW Quarterly Payout/Reinvestment,146222
Motilal Oswal Liquid Fund Direct - IDCW Monthly Payout/Reinvestment,146223
Motilal Oswal Liquid Fund Regular - IDCW Weekly Reinvestment,146224
Motilal Oswal Liquid Fund Direct - IDCW Fortnightly Reinvestment,146226
Motilal Oswal Liquid Fund Regular - IDCW Daily Reinvestment,146227
Motilal Oswal Liquid Fund Direct - IDCW Reinvestment,146228
Motilal Oswal Liquid Fund Direct - IDCW Weekly Reinvestment,146229
Motilal Oswal Liquid Fund Regular - IDCW Fortnightly Reinvestment,146230
Nippon India ETF Nifty Midcap 150,146271
Union Arbitrage Fund - Regular Plan - Growth Option,146294
Union Arbitrage Fund - Regular Plan - IDCW Option,146295
Union Arbitrage Fund - Direct Plan - IDCW Option,146296
Union Arbitrage Fund - Direct Plan - Growth Option,146297
ICICI Prudential Retirement Fund - Pure Equity - Growth Option,146346
ICICI Prudential Retirement Fund - Pure Equity - IDCW Option,146347
ICICI Prudential Retirement Fund - Pure Equity - Direct Plan - IDCW Option,146348
ICICI Prudential Retirement Fund - Pure Equity - Direct Plan - Growth Option,146349
DSP Nifty 50 Index Fund - Direct Plan - Growth,146376
DSP Nifty 50 Index Fund - Direct Plan - IDCW,146377
DSP Nifty 50 Index Fund - Regular Plan - IDCW,146378
DSP Nifty 50 Index Fund - Regular Plan - Growth,146379
DSP Nifty Next 50 Index Fund - Regular Plan - Growth,146380
DSP Nifty Next 50 Index Fund - Direct Plan - Growth,146381
DSP Nifty Next 50 Index Fund - Direct Plan - IDCW,146382
DSP Nifty Next 50 Index Fund - Regular Plan - IDCW,146383
UTI - BSE Sensex Next 50 Exchange Traded Fund,146388
ADITYA BIRLA SUN LIFE BAL BHAVISHYA YOJNA- Regular - IDCW,146405
ADITYA BIRLA SUN LIFE BAL BHAVISHYA YOJNA DIRECT GROWTH,146407
ADITYA BIRLA SUN LIFE BAL BHAVISHYA YOJNA- Direct - IDCW,146408
ADITYA BIRLA SUN LIFE BAL BHAVISHYA YOJNA REGULAR GROWTH,146409
Invesco India Equity Savings Fund - Regular Plan - IDCW (Payout / Reinvestment),146455
Invesco India Equity Savings Fund - Regular Plan - Growth,146456
Invesco India Equity Savings Fund - Direct Plan - Growth,146457
Invesco India Equity Savings Fund - Direct Plan - IDCW (Payout / Reinvestment),146458
NIPPON INDIA NIFTY NEXT 50 JUNIOR BEES FOF - IDCW Option,146512
Nippon India Nifty Next 50 Junior BeES FoF - Direct Plan - Growth Plan - Growth Option,146513
Nippon India Nifty Next 50 Junior BeES FoF - Growth Plan - Growth Option,146514
NIPPON INDIA NIFTY NEXT 50 JUNIOR BEES FOF - DIRECT Plan - IDCW Option,146515
Mahindra Manulife Large Cap Fund - Regular Plan - IDCW,146548
Mahindra Manulife Large Cap Fund - Direct Plan -Growth,146549
Mahindra Manulife Large Cap Fund - Direct Plan - IDCW,146550
Mahindra Manulife Large Cap Fund - Regular Plan - Growth,146551
Aditya Birla Sun Life Retirement Fund-The 30s Plan-Regular - Payout of IDCW,146574
Aditya Birla Sun Life Retirement Fund-The 30s Plan-Direct Growth,146575
Aditya Birla Sun Life Retirement Fund-The 30s Plan-Direct - Payout of IDCW,146576
Aditya Birla Sun Life Retirement Fund-The 30s Plan-Regular Growth,146577
SBI Equity Minimum Variance Fund - Regular Plan - Income Distribution cum Capital Withdrawal Option (IDCW),146641
SBI Equity Minimum Variance Fund - Direct Plan - Income Distribution cum Capital Withdrawal Option (IDCW),146642
SBI Equity Minimum Variance Fund - Direct Plan - Growth,146643
SBI Equity Minimum Variance Fund - Regular Plan - Growth,146644
Axis Overnight Fund - Direct Plan - Growth Option,146675
Axis Overnight Fund - Direct Plan - Weekly IDCW,146676
Axis Overnight Fund - Direct Plan - Monthly IDCW,146677
Axis Overnight Fund - Regular Plan - Growth Option,146678
Axis Overnight Fund - Direct Plan - Daily IDCW,146679
Axis Overnight Fund - Regular Plan - Weekly IDCW,146680
Axis Overnight Fund - Regular Plan - Monthly IDCW,146681
Axis Overnight Fund - Regular Plan - Daily IDCW,146682
ICICI Prudential Retirement Fund - Hybrid Conservative - Direct Plan - Growth Option,146716
ICICI Prudential Retirement Fund - Hybrid Conservative - Growth Option,146717
ICICI Prudential Retirement Fund - Hybrid Conservative - Direct Plan - IDCW Option,146718
ICICI Prudential Retirement Fund - Hybrid Conservative - IDCW Option,146719
ICICI Prudential Retirement Fund - Hybrid Aggressive - Direct Plan - IDCW Option,146720
ICICI Prudential Retirement Fund - Hybrid Aggressive - Direct Plan - Growth Option,146721
ICICI Prudential Retirement Fund - Hybrid Aggressive - Growth Option,146722
ICICI Prudential Retirement Fund - Hybrid Aggressive - IDCW Option,146723
ICICI Prudential Retirement Fund - Pure Debt - IDCW Option,146724
ICICI Prudential Retirement Fund - Pure Debt - Direct Plan - IDCW Option,146725
ICICI Prudential Retirement Fund - Pure Debt - Growth Option,146726
ICICI Prudential Retirement Fund - Pure Debt - Direct Plan - Growth Option,146727
HSBC Large & Mid Cap Fund - Regular IDCW,146769
HSBC Large & Mid Cap Fund - Direct IDCW,146770
HSBC Large & Mid Cap Fund - Regular Growth,146771
HSBC Large & Mid Cap Fund - Direct Growth,146772
Aditya Birla Sun Life Retirement Fund-The 40s Plan- Direct - Payout of IDCW,146927
Aditya Birla Sun Life Retirement Fund-The 40s Plan-Regular - Payout of IDCW,146928
Aditya Birla Sun Life Retirement Fund-The 40s Plan-Regular Plan-Growth,146929
Aditya Birla Sun Life Retirement Fund-The 40s Plan-Direct Plan-Growth,146930
Aditya Birla Sun Life Retirement Fund-The 50s Plan- Direct - Payout of IDCW,146937
Aditya Birla Sun Life Retirement Fund-The 50s Plan-Regular Plan-Growth,146938
Aditya Birla Sun Life Retirement Fund-The 50s Plan- Regular - Payout of IDCW,146939
Aditya Birla Sun Life Retirement Fund-The 50s Plan-Direct Plan-Growth,146940
Aditya Birla Sun Life Retirement Fund-The 50s Plus-Debt Plan-Regular Plan-Growth,146941
Aditya Birla Sun Life Retirement Fund-The 50s Plus-Debt Plan - Regular - Payout of IDCW,146942
Aditya Birla Sun Life Retirement Fund-The 50s Plus-Debt Plan-Direct Plan-Growth,146943
Aditya Birla Sun Life Retirement Fund-The 50s Plus-Debt Plan - Direct - Payout of IDCW,146944
ICICI Prudential Bharat Consumption Fund - Direct Plan - IDCW Option,146949
ICICI Prudential Bharat Consumption Fund - Growth Option,146950
ICICI Prudential Bharat Consumption Fund - Direct Plan - Growth Option,146951
ICICI Prudential Bharat Consumption Fund - IDCW Option,146952
Sundaram Overnight Fund Regular Plan - Daily Reinvestment of Income Distribution cum Capital Withdrawal (IDCW),146953
Sundaram Overnight Fund Regular Plan - Weekly Payout of Income Distribution cum Capital Withdrawal (IDCW),146954
Sundaram Overnight Fund Direct Plan - Weekly Reinvestment of Income Distribution cum Capital Withdrawal (IDCW),146955
Sundaram Overnight Fund Direct Plan - Fortnightly Reinvestment of Income Distribution cum Capital Withdrawal (IDCW),146956
Sundaram Overnight Fund Direct Plan - Monthly Reinvestment of Income Distribution cum Capital Withdrawal (IDCW),146957
Sundaram Overnight Fund Regular Plan - Fortnightly Reinvestment of Income Distribution cum Capital Withdrawal (IDCW),146958
Sundaram Overnight Fund Regular Plan - Growth,146959
Sundaram Overnight Fund Regular Plan - Monthly Payout of Income Distribution cum Capital Withdrawal (IDCW),146960
Sundaram Overnight Fund Regular Plan - Monthly Reinvestment of Income Distribution cum Capital Withdrawal (IDCW),146961
Sundaram Overnight Fund Direct Plan - Monthly Payout of Income Distribution cum Capital Withdrawal (IDCW),146962
Sundaram Overnight Fund Direct Plan - Growth,146963
Sundaram Overnight Fund Direct Plan - Daily Reinvestment of Income Distribution cum Capital Withdrawal (IDCW),146964
Tata Overnight Fund-Regular Plan-Growth,146977
TATA Overnight Fund Direct Plan - Daily Reinvestment of Income Distribution cum capital withdrawal option,146978
TATA Overnight Fund Regular Plan - Daily Reinvestment of Income Distribution cum capital withdrawal option,146979
Tata Overnight Fund-Direct Plan-Growth,146980
Union Overnight Fund - Regular Plan - Growth Option,146997
Union Overnight Fund - Regular Plan - Daily IDCW Option,146998
Union Overnight Fund - Regular Plan - Monthly IDCW Option,147000
Union Overnight Fund - Direct Plan - Daily IDCW Option,147002
Union Overnight Fund - Direct Plan - Growth Option,147003
Union Overnight Fund - Direct Plan - Monthly IDCW Option,147006
UTI Ultra Short Duration Fund - Direct Plan - Half-Yearly IDCW,147128
ITI Liquid Fund - Regular Plan - Growth Option,147153
ITI Liquid Fund - Regular Plan - Daily IDCW Option,147154
ITI Liquid Fund - Regular Plan - Fortnightly Income Distribution cum capital withdrawal option Option,147155
ITI Liquid Fund - Regular Plan - Monthly IDCW Option,147156
ITI Liquid Fund - Direct Plan - Growth Option,147157
ITI Liquid Fund - Direct Plan - Daily IDCW Option,147158
ITI Liquid Fund - Direct Plan - Weekly IDCW Option,147159
ITI Liquid Fund - Direct Plan - Fortnightly IDCW Option,147160
ITI Liquid Fund - Direct Plan - Annually IDCW Option,147161
ITI Liquid Fund - Regular Plan - Annually IDCW Option,147162
ITI Liquid Fund - Direct Plan - Monthly IDCW Option,147163
ITI Liquid Fund - Regular Plan - Weekly IDCW Option,147164
ITI Multi Cap Fund - Direct Plan - Growth Option,147183
ITI Multi Cap Fund - Regular Plan - Growth Option,147184
ITI Multi Cap Fund - Regular Plan - IDCW Option,147185
ITI Multi Cap Fund - Direct Plan - IDCW Option,147186
Baroda BNP Paribas Overnight Fund - Regular Plan - Growth,147193
Baroda BNP Paribas Overnight Fund - Regular Plan - Daily IDCW,147194
Baroda BNP Paribas Overnight Fund - Direct Plan - Weekly IDCW,147195
Baroda BNP Paribas Overnight Fund - Direct Plan - Growth,147196
Baroda BNP Paribas Overnight Fund - Direct Plan - Daily IDCW,147197
Baroda BNP Paribas Overnight Fund - Regular Plan - Weekly IDCW,147198
Mirae Asset Focused Fund Regular Plan Growth,147203
Mirae Asset Focused Fund Regular IDCW,147204
Mirae Asset Focused Fund Direct IDCW,147205
Mirae Asset Focused Fund Direct Plan Growth,147206
Franklin India Overnight Fund - Direct Weekly Dividend Plan - Weekly - IDCW,147211
Franklin India Overnight Fund - Direct Daily Dividend Plan - Daily - IDCW,147212
Franklin India Overnight fund- Growth,147213
Franklin India Overnight Fund- Growth - Direct,147214
Franklin India Overnight Fund - Daily Dividend Plan - Daily - IDCW,147215
Franklin India Overnight Fund - Weekly Dividend Plan - Weekly - IDCW,147216
KOTAK FLOATING RATE FUND-REGULAR PLAN-STANDARD Reinvestment of Income Distribution cum capital withdrawal option,147265
KOTAK FLOATING RATE FUND-REGULAR PLAN-GROWTH OPTION,147266
KOTAK FLOATING RATE FUND-DIRECT PLAN-Standard Reinvestment of Income Distribution cum capital withdrawal option,147267
KOTAK FLOATING RATE FUND-DIRECT PLAN-GROWTH OPTION,147269
HSBC Overnight Fund - Direct Growth,147287
HSBC Overnight Fund - Regular Weekly IDCW,147288
HSBC Overnight Fund - Regular Daily IDCW,147289
HSBC Overnight Fund - Regular Growth,147290
HSBC Overnight Fund - Direct Daily IDCW,147291
HSBC Overnight Fund - Direct Weekly IDCW,147296
HSBC Overnight Fund - Direct Monthly IDCW,147300
HSBC Overnight Fund - Regular Monthly IDCW,147301
DSP Quant Fund - Regular Plan - Growth,147303
DSP Quant Fund - Direct Plan - IDCW,147304
DSP Quant Fund - Regular Plan - IDCW,147305
DSP Quant Fund - Direct Plan - Growth,147306
WhiteOak Capital Ultra Short Duration Fund- Regular plan-Growth Option,147307
WhiteOak Capital Ultra Short Duration Fund- Regular plan-Daily Reinvestment of Income Distribution cum capital withdrawal option (IDCW),147308
WhiteOak Capital Ultra Short Duration Fund- Regular plan-Fortnightly Payout/ Reinvestment of Income Distribution cum capital withdrawal option (IDCW),147309
WhiteOak Capital Ultra Short Duration Fund- Regular plan-Weekly Payout/ Reinvestment of Income Distribution cum capital withdrawal option (IDCW),147310
WhiteOak Capital Ultra Short Duration Fund- Direct plan-Growth Option,147311
WhiteOak Capital Ultra Short Duration Fund- Direct plan-Monthly Payout/ Reinvestment of Income Distribution cum capital withdrawal option (IDCW),147312
WhiteOak Capital Ultra Short Duration Fund- Direct plan-Weekly Payout/ Reinvestment of Income Distribution cum capital withdrawal option (IDCW),147313
WhiteOak Capital Ultra Short Duration Fund- Regular plan-Monthly Payout/ Reinvestment of Income Distribution cum capital withdrawal option (IDCW),147314
WhiteOak Capital Ultra Short Duration Fund- Direct plan-Fortnightly Payout/ Reinvestment of Income Distribution cum capital withdrawal option (IDCW),147315
WhiteOak Capital Ultra Short Duration Fund- Direct plan-Daily Reinvestment of Income Distribution cum capital withdrawal option (IDCW),147316
ICICI Prudential MNC Fund - Growth Option,147345
ICICI Prudential MNC Fund - Direct Plan - Growth Option,147346
ICICI Prudential MNC Fund - Direct Plan - IDCW Option,147347
ICICI Prudential MNC Fund - IDCW Option,147348
QUANTUM ESG BEST IN CLASS STRATEGY FUND - REGULAR PLAN - GROWTH OPTION,147371
QUANTUM ESG BEST IN CLASS STRATEGY FUND - DIRECT PLAN - GROWTH OPTION,147372
Baroda BNP Paribas Money Market Fund - Direct Plan - Monthly IDCW,147373
Baroda BNP Paribas Money Market Fund - Regular Plan - Monthly IDCW,147376
Baroda BNP Paribas Money Market Fund- Direct Plan - Growth,147377
Baroda BNP Paribas Money Market Fund - Direct Plan-Daily IDCW,147378
Baroda BNP Paribas Money Market Fund -Direct Plan - Weekly IDCW,147379
Baroda BNP Paribas Money Market Fund-Regular Plan- Daily IDCW,147380
Baroda BNP Paribas Money Market Fund-Regular Plan-Weekly IDCW,147381
Baroda BNP Paribas Money Market Fund-Regular Plan - Growth,147382
Shriram Balanced Advantage Fund - Direct- IDCW,147403
Shriram Balanced Advantage Fund - Regular-IDCW,147404
Shriram Balanced Advantage Fund - Regular Growth,147405
Shriram Balanced Advantage Fund - Direct Growth,147406
Aditya Birla Sun Life Pharma and Healthcare Fund-Regular-Growth,147407
Aditya Birla Sun Life Pharma and Healthcare Fund-Regular - Payout of IDCW,147408
Aditya Birla Sun Life Pharma and Healthcare Fund-Direct-Growth,147409
Aditya Birla Sun Life Pharma and Healthcare Fund-Direct - Payout of IDCW,147410
Motilal Oswal Liquid Fund - Unclaimed Dividend- Upto 3 years,147441
Motilal Oswal Liquid Fund - Unclaimed Dividend - Greater than 3 years,147442
Motilal Oswal Liquid Fund - Unclaimed Redemption - Greater than 3 years,147443
Motilal Oswal Liquid Fund - Unclaimed Redemption - Upto 3 years,147444
Mirae Asset Midcap Fund- Direct Growth Option,147445
Mahindra Manulife Aggressive Hybrid Fund - Direct Plan -Growth,147446
Mahindra Manulife Aggressive Hybrid Fund - Regular Plan - Growth,147447
Mahindra Manulife Aggressive Hybrid Fund - Direct Plan - Monthly IDCW,147448
Mahindra Manulife Aggressive Hybrid Fund - Regular Plan - Monthly IDCW,147449
Groww Overnight Fund (formerly known as Indiabulls Overnight Fund)- Direct Plan- Growth Option,147450
Groww Overnight Fund (formerly known as Indiabulls Overnight Fund)- Direct Plan- Weekly - Income Distribution cum capital withdrawal Option (Payout & Reinvestment),147451
Groww Overnight Fund (formerly known as Indiabulls Overnight Fund)- Direct Plan- Fortnightly - Income Distribution cum capital withdrawal Option (Payout & Reinvestment),147452
Groww Overnight Fund (formerly known as Indiabulls Overnight Fund)- Direct Plan- Monthly - Income Distribution cum capital withdrawal Option (Payout & Reinvestment),147453
Groww Overnight Fund (formerly known as Indiabulls Overnight Fund)- Regular Plan- Growth Option,147454
Groww Overnight Fund (formerly known as Indiabulls Overnight Fund)- Regular Plan- - Income Distribution cum capital withdrawal Option ( Reinvestment),147455
Groww Overnight Fund (formerly known as Indiabulls Overnight Fund)- Regular Plan- Weekly - Income Distribution cum capital withdrawal Option (Payout & Reinvestment),147456
Groww Overnight Fund (formerly known as Indiabulls Overnight Fund)- Regular Plan- Fortnightly - Income Distribution cum capital withdrawal Option (Payout & Reinvestment),147457
Groww Overnight Fund (formerly known as Indiabulls Overnight Fund)- Direct Plan- - Income Distribution cum capital withdrawal Option ( Reinvestment),147458
Groww Overnight Fund (formerly known as Indiabulls Overnight Fund)- Regular Plan- Monthly - Income Distribution cum capital withdrawal Option (Payout & Reinvestment),147459
Kotak Focused Fund- Regular Plan-Income Distribution cum capital withdrawal option,147472
Kotak Focused Fund- Direct Plan- Growth option,147473
Kotak Focused Fund-Direct Plan- Income Distribution cum capital withdrawal option,147475
Kotak Focused Fund- Regular plan _ Growth Option,147477
Mirae Asset Midcap Fund Direct IDCW,147478
Mirae Asset Midcap Fund - Regular Plan-Growth Option,147479
Mirae Asset Midcap Fund Regular IDCW,147480
Parag Parikh ELSS Tax Saver Fund- Direct Growth,147481
Parag Parikh ELSS Tax Saver Fund- Regular Growth,147482
ICICI Prudential Nifty Bank ETF,147483
Union Focused Fund - Regular Plan - Growth Option,147490
Union Focused Fund - Direct Plan - IDCW Option,147491
Union Focused Fund - Direct Plan - Growth Option,147492
Union Focused Fund - Regular Plan - IDCW Option,147493
Baroda BNP Paribas Equity Savings Fund - Regular Plan - Growth,147494
Baroda BNP Paribas Equity Savings Fund - Regular Plan - IDCW,147495
Baroda BNP Paribas Equity Savings Fund - Direct Plan - Growth,147496
Baroda BNP Paribas Equity Savings Fund - Direct Plan - IDCW,147498
LIC MF Overnight Fund-Regular Plan-IDCW,147512
LIC MF Overnight Fund-Direct Plan-IDCW,147513
LIC MF Overnight Fund-Direct Plan-Weekly IDCW,147514
LIC MF Overnight Fund-Direct Plan-Growth,147515
LIC MF Overnight Fund-Direct Plan-Daily IDCW,147516
LIC MF Overnight Fund-Regular Plan-Daily IDCW,147517
LIC MF Overnight Fund-Regular Plan-Weekly IDCW,147518
LIC MF Overnight Fund-Regular Plan-Growth,147519
ICICI Prudential Nifty Private Bank ETF,147530
CANARA ROBECO OVERNIGHT FUND - DIRECT PLAN - GROWTH OPTION,147531
CANARA ROBECO OVERNIGHT FUND - DIRECT PLAN - DAILY IDCW (Reinvestment),147532
CANARA ROBECO OVERNIGHT FUND - REGULAR PLAN - DAILY IDCW (Reinvestment),147533
CANARA ROBECO OVERNIGHT FUND - REGULAR PLAN - GROWTH OPTION,147534
ITI ELSS Tax Saver Fund - Direct Plan - Growth Option,147541
ITI ELSS Tax Saver Fund - Direct Plan - IDCW Option,147542
ITI ELSS Tax Saver Fund - Regular Plan - IDCW Option,147543
ITI ELSS Tax Saver Fund - Regular Plan - Growth Option,147544
Edelweiss Overnight Fund - Regular Plan - Fortnightly - IDCW Option,147549
Edelweiss Overnight Fund - Direct Plan - Fortnightly - IDCW Option,147550
Edelweiss Overnight Fund - Direct Plan - Annual - IDCW Option,147551
Edelweiss Overnight Fund - Regular Plan - Daily - IDCW Option,147552
Edelweiss Overnight Fund - Regular Plan - Weekly - IDCW Option,147553
Edelweiss Overnight Fund - Direct Plan - Monthly - IDCW Option,147554
Edelweiss Overnight Fund - Regular Plan - Monthly - IDCW Option,147555
Edelweiss Overnight Fund - Regular Plan - Annual - IDCW Option,147556
Edelweiss Overnight Fund - Direct Plan - Daily - IDCW Option,147557
Edelweiss Overnight Fund - Direct Plan - Weekly - IDCW Option,147558
Mahindra Manulife Overnight Fund - Direct Plan - Daily IDCW,147563
Mahindra Manulife Overnight Fund - Direct Plan -Growth,147564
Mahindra Manulife Overnight Fund - Regular Plan - Growth,147565
Mahindra Manulife Overnight Fund - Regular Plan - Daily IDCW,147566
Axis Money Market Fund - Direct Plan - Growth Option,147567
Axis Money Market Fund - Regular Plan - Growth Option,147568
Edelweiss Overnight Fund - Regular Plan - Growth,147569
Edelweiss Overnight Fund - Direct Plan - Growth,147570
Axis Money Market Fund - Direct Plan - Daily IDCW,147571
Axis Money Market Fund - Direct Plan - Monthly IDCW,147572
Axis Money Market Fund - Direct Plan - Quarterly IDCW,147573
Axis Money Market Fund - Regular Plan - Quarterly IDCW,147574
Axis Money Market Fund - Regular Plan - Annual IDCW,147575
Axis Money Market Fund - Direct Plan - Annual IDCW,147576
Axis Money Market Fund - Regular Plan - Daily IDCW,147577
Axis Money Market Fund - Regular Plan - Monthly IDCW,147578
Nippon India ETF BSE Sensex Next 50,147579
PGIM India Overnight Fund - Regular Plan- Growth Option,147600
PGIM India Overnight Fund - Direct Plan - Daily Dividend Option,147605
PGIM India Overnight Fund - Direct Plan - Growth Option,147606
PGIM India Overnight Fund - Regular Plan - Weekly Dividend Option,147607
PGIM India Overnight Fund - Direct Plan - Weekly Dividend Option,147608
PGIM India Overnight Fund - Regular Plan - Daily Dividend Option,147609
Tata Nifty Private Bank Exchange Traded Fund,147614
ITI Arbitrage Fund - Direct Plan - IDCW Option,147615
ITI Arbitrage Fund - Regular Plan - IDCW Option,147616
ITI Arbitrage Fund - Direct Plan - Growth Option,147617
ITI Arbitrage Fund - Regular Plan - Growth Option,147618
Motilal Oswal Nifty Bank Index - Regular Plan,147619
Motilal Oswal Nifty Bank Index Fund - Direct Plan,147620
Motilal Oswal Nifty Midcap 150 Index Fund - Regular Plan,147621
Motilal Oswal Nifty Midcap 150 Index Fund - Direct Plan,147622
Motilal Oswal Nifty Smallcap 250 Index Fund- Direct Plan,147623
Motilal Oswal Nifty Smallcap 250 Index - Regular Plan,147624
Motilal Oswal Nifty 500 Index Fund - Direct Plan,147625
Motilal Oswal Nifty 500 Index Fund - Regular Plan,147626
ICICI Prudential Global Advantage Fund (FOF) - Direct Plan - IDCW,147645
ICICI Prudential Global Advantage Fund (FOF) - IDCW,147646
ICICI Prudential Global Advantage Fund (FOF) - Growth Option,147647
ICICI Prudential Global Advantage Fund (FOF) - Direct Plan - Growth Option,147648
UTI - Credit Risk Fund (Segregated - 13092019) - Regular Plan - Quarterly Dividend Option,147649
UTI - Credit Risk Fund (Segregated - 13092019) - Regular Plan - Growth Option,147650
UTI - Credit Risk Fund (Segregated - 13092019) - Direct Plan - Growth Option,147651
UTI - Credit Risk Fund (Segregated - 13092019) - Regular Plan - Monthly Dividend Option,147652
UTI - Credit Risk Fund (Segregated - 13092019) - Direct Plan - Monthly Dividend Option,147653
UTI - Credit Risk Fund (Segregated - 13092019) - Regular Plan - Flexi Dividend Option,147654
UTI - Credit Risk Fund (Segregated - 13092019) - Direct Plan - Quarterly Dividend Option,147655
UTI - Credit Risk Fund (Segregated - 13092019) - Direct Plan - Flexi Dividend Option,147656
UTI - Credit Risk Fund (Segregated - 13092019) - Regular Plan - Annual Dividend Option,147657
UTI - Credit Risk Fund (Segregated - 13092019) - Regular Plan - Half Yearly Dividend Option,147658
UTI - Credit Risk Fund (Segregated - 13092019) - Direct Plan - Annual Dividend Option,147659
UTI - Credit Risk Fund (Segregated - 13092019) - Direct Plan - Half Yearly Dividend Option,147660
ICICI Prudential Commodities Fund - Growth Option,147661
ICICI Prudential Commodities Fund - Direct Plan - Growth Option,147662
ICICI Prudential Commodities Fund - IDCW Option,147663
ICICI Prudential Commodities Fund - Direct Plan - IDCW Option,147664
Axis Nifty 100 Index Fund - Regular Plan - Growth Option,147665
Axis Nifty 100 Index Fund - Direct Plan - Growth Option,147666
Axis Nifty 100 Index Fund - Regular Plan - IDCW,147667
Axis Nifty 100 Index Fund - Direct Plan - IDCW,147668
NIPPON INDIA ULTRA SHORT DURATION FUND - SEGREGATED PORTFOLIO 1 - DAILY IDCW Option,147673
Nippon India Ultra Short Duration Fund - Segregated Portfolio 1 - Growth Option,147674
Nippon India Ultra Short Duration Fund - Segregated Portfolio 1 - Direct Plan - Growth Option,147675
NIPPON INDIA ULTRA SHORT DURATION FUND - SEGREGATED PORTFOLIO 1 - DIRECT Plan - MONTHLY IDCW Option,147676
NIPPON INDIA ULTRA SHORT DURATION FUND - SEGREGATED PORTFOLIO 1 - DIRECT Plan - QUARTERLY IDCW Option,147677
NIPPON INDIA ULTRA SHORT DURATION FUND - SEGREGATED PORTFOLIO 1 - MONTHLY IDCW Option,147678
NIPPON INDIA ULTRA SHORT DURATION FUND - SEGREGATED PORTFOLIO 1 - QUARTERLY IDCW Option,147679
NIPPON INDIA ULTRA SHORT DURATION FUND - SEGREGATED PORTFOLIO 1 - WEEKLY IDCW Option,147680
NIPPON INDIA ULTRA SHORT DURATION FUND - SEGREGATED PORTFOLIO 1 - DIRECT Plan - DAILY IDCW Option,147681
NIPPON INDIA ULTRA SHORT DURATION FUND - SEGREGATED PORTFOLIO 1 - DIRECT Plan - WEEKLY IDCW Option,147682
NIPPON INDIA AGGRESSIVE HYBRID FUND -  SEGREGATED PORTFOLIO 1 - Direct Plan - QUARTERLY IDCW Option,147683
NIPPON INDIA AGGRESSIVE HYBRID FUND -  SEGREGATED PORTFOLIO 1 - Direct Plan - MONTHLY IDCW Option,147684
Nippon India Aggressive Hybrid Fund - Segregated Portfolio 1 - Growth Plan,147685
NIPPON INDIA AGGRESSIVE HYBRID FUND -  SEGREGATED PORTFOLIO 1 - IDCW Option,147686
NIPPON INDIA AGGRESSIVE HYBRID FUND -  SEGREGATED PORTFOLIO 1 - MONTHLY IDCW Option,147687
NIPPON INDIA AGGRESSIVE HYBRID FUND -  SEGREGATED PORTFOLIO 1 - QUARTERLY IDCW Option,147688
Nippon India Aggressive Hybrid Fund - Segregated Portfolio 1 - Direct Plan - Growth Plan,147689
NIPPON INDIA AGGRESSIVE HYBRID FUND -  SEGREGATED PORTFOLIO 1 - Direct Plan - IDCW Option,147690
Nippon India Equity Savings Fund - Segregated Portfolio 1 - Direct Plan - Growth Plan - Bonus Option,147691
NIPPON INDIA EQUITY SAVINGS FUND - SEGREGATED PORTFOLIO 1 - Direct Plan - IDCW Option,147692
NIPPON INDIA EQUITY SAVINGS FUND - SEGREGATED PORTFOLIO 1 - Direct Plan - MONTHLY IDCW Option,147693
NIPPON INDIA EQUITY SAVINGS FUND - SEGREGATED PORTFOLIO 1 - IDCW Option,147694
Nippon India Equity Savings Fund - Segregated Portfolio 1 - Growth Plan - Bonus Option,147695
NIPPON INDIA EQUITY SAVINGS FUND - SEGREGATED PORTFOLIO 1 - QUARTERLY IDCW Option,147696
Nippon India Equity Savings Fund - Segregated Portfolio 1 - Direct Plan - Growth Plan - Growth Option,147697
NIPPON INDIA EQUITY SAVINGS FUND - SEGREGATED PORTFOLIO 1 - Direct Plan - QUARTERLY IDCW Option,147698
NIPPON INDIA EQUITY SAVINGS FUND - SEGREGATED PORTFOLIO 1 - MONTHLY IDCW Option,147699
Nippon India Equity Savings Fund - Segregated Portfolio 1 - Growth Plan - Growth Option,147700
Motilal Oswal Large and Midcap Fund - Regular Plan Growth,147701
Motilal Oswal Large and Midcap Fund Regular - IDCW Payout/Reinvestment,147703
Motilal Oswal Large and Midcap Fund - Direct Plan Growth,147704
Motilal Oswal Large and Midcap Fund Direct - IDCW Payout/Reinvestment,147706
ITI Overnight Fund - Direct Plan - Annual IDCW Option,147707
ITI Overnight Fund - Direct Plan - Daily IDCW Option,147708
ITI Overnight Fund - Regular Plan - Daily IDCW Option,147709
ITI Overnight Fund - Direct Plan - Fortnightly IDCW Option,147710
ITI Overnight Fund - Direct Plan - Weekly IDCW option,147711
ITI Overnight Fund - Regular Plan - Weekly IDCW Option,147712
ITI Overnight Fund - Direct Plan - Growth Option,147713
ITI Overnight Fund - Regular Plan - Growth Option,147714
ITI Overnight Fund - Regular Plan - Annual IDCW Option,147715
ITI Overnight Fund - Regular Plan - Fortnightly IDCW Option,147716
ITI Overnight Fund - Direct Plan - Monthly IDCW Option,147717
ITI Overnight Fund - Regular Plan - Monthly IDCW Option,147718
Kotak Pioneer Fund- Regular Plan- Growth Option,147724
Kotak Pioneer Fund-Direct Plan-Reinvestment of Income Distribution cum capital withdrawal option,147725
Kotak Pioneer Fund- Direct Plan- Growth Option,147727
Kotak Pioneer Fund- Regular Plan- Reinvestment of Income Distribution cum capital withdrawal option,147728
Mahindra Manulife Ultra Short Duration Fund - Regular Plan - Daily IDCW,147729
Mahindra Manulife Ultra Short Duration Fund - Regular Plan - Weekly IDCW,147730
Mahindra Manulife Ultra Short Duration Fund - Direct Plan -Growth,147731
Mahindra Manulife Ultra Short Duration Fund - Direct Plan - Weekly IDCW,147732
Mahindra Manulife Ultra Short Duration Fund - Direct Plan - Daily IDCW,147733
Mahindra Manulife Ultra Short Duration Fund - Regular Plan - Growth,147734
Aditya Birla Sun Life Nifty Bank ETF,147735
Mirae Asset Overnight Fund Direct Plan Growth,147736
Mirae Asset Overnight Fund Direct Daily IDCW,147737
Mirae Asset Overnight Fund Direct Monthly IDCW,147738
Mirae Asset Overnight Fund Regular Plan Growth,147739
Mirae Asset Overnight Fund Direct Weekly IDCW,147740
Mirae Asset Overnight Fund Regular Weekly IDCW,147741
Mirae Asset Overnight Fund Regular Monthly IDCW,147742
Mirae Asset Overnight Fund Regular Daily  IDCW,147743
Union Large & Midcap Fund - Regular Plan - Growth Option,147748
Union Large & Midcap Fund - Regular Plan - IDCW Option,147749
Union Large & Midcap Fund - Direct Plan - Growth Option,147750
Union Large & Midcap Fund - Direct Plan - IDCW Option,147751
TATA Focused Fund Regular Plan - Reinvestment of Income Distribution cum capital withdrawal option,147756
Tata Focused Fund-Direct Plan-Growth,147757
TATA Focused Fund Direct Plan - Reinvestment of Income Distribution cum capital withdrawal option,147758
TATA Focused Fund Direct Plan - Payout of Income Distribution cum capital withdrawal option,147759
Tata Focused Fund-Regular Plan-Growth,147760
TATA Focused Fund Regular Plan - Payout of Income Distribution cum capital withdrawal option,147761
LIC MF Ultra Short Duration Fund-Regular Plan-Daily IDCW,147766
LIC MF Ultra Short Duration Fund-Regular Plan-Weekly IDCW,147767
LIC MF Ultra Short Duration Fund-Regular Plan-Monthly IDCW,147768
LIC MF Ultra Short Duration Fund-Direct Plan-Weekly IDCW,147769
LIC MF Ultra Short Duration Fund-Regular Plan-Growth,147770
LIC MF Ultra Short Duration Fund-Direct Plan-Daily IDCW,147771
LIC MF Ultra Short Duration Fund-Direct Plan-Growth,147772
LIC MF Ultra Short Duration Fund-Direct Plan-Monthly IDCW,147773
ITI Balanced Advantage Fund - Regular Plan - IDCW Option,147786
ITI Balanced Advantage Fund - Regular Plan - Growth Option,147787
ITI Balanced Advantage Fund - Direct Plan - IDCW Option,147788
ITI Balanced Advantage Fund - Direct Plan - Growth Option,147789
Motilal Oswal Nifty 50 Index Fund - Direct plan - Growth,147794
Motilal Oswal Nifty 50 Index Fund - Regular plan - Growth,147795
Motilal Oswal Nifty Next 50 Index Fund - Direct plan - Growth,147796
Motilal Oswal Nifty Next 50 Index Fund - Regular plan - Growth,147797
Axis Retirement Fund - Aggressive Plan - Direct Plan - IDCW,147822
Axis Retirement Fund - Aggressive Plan - Regular Growth,147823
Axis Retirement Fund - Aggressive Plan - Regular Plan - IDCW,147824
Axis Retirement Fund - Aggressive Plan - Direct Growth,147825
Axis Retirement Fund - Dynamic Plan - Direct Growth,147826
Axis Retirement Fund - Dynamic Plan - Direct Plan - IDCW,147827
Axis Retirement Fund - Dynamic Plan - Regular Growth,147828
Axis Retirement Fund - Dynamic Plan - Regular Plan - IDCW,147829
Axis Retirement Fund - Conservative Plan - Direct Growth,147830
Axis Retirement Fund - Conservative Plan - Direct Plan - IDCW,147831
Axis Retirement Fund - Conservative Plan - Regular Growth,147832
Axis Retirement Fund - Conservative Plan - Regular Plan - IDCW,147833
JM Overnight Fund (Regular) - Weekly IDCW,147834
JM Overnight Fund (Direct) - Weekly IDCW,147835
JM Overnight Fund (Regular) - Growth,147836
JM Overnight Fund - (Direct) - Growth,147837
JM Overnight Fund (Direct) - Daily IDCW,147838
JM Overnight Fund (Regular) - Daily IDCW,147839
Mahindra Manulife Large & Mid Cap Fund - Direct Plan -Growth,147840
Mahindra Manulife Large & Mid Cap Fund - Direct Plan - IDCW,147841
Mahindra Manulife Large & Mid Cap Fund - Regular Plan - IDCW,147842
Mahindra Manulife Large & Mid Cap Fund - Regular Plan - Growth,147843
Aditya Birla Sun Life PSU Equity Fund-Direct Plan-Growth,147844
Aditya Birla Sun Life PSU Equity Fund-Direct - Payout of IDCW,147845
Aditya Birla Sun Life PSU Equity Fund-Regular Plan-Growth,147846
Aditya Birla Sun Life PSU Equity Fund-Regular - Payout of IDCW,147847
Bharat Bond ETF - April 2030,147849
Bharat Bond FOF - April 2030 - Regular Plan - Growth Option,147854
BHARAT Bond FOF - April 2030 - Direct Plan - IDCW Option,147855
BHARAT Bond FOF - April 2030 - Regular Plan - IDCW Option,147856
Bharat Bond FOF - April 2030 - Direct Plan - Growth Option,147857
Tata Quant Fund-Direct Plan-Growth,147864
TATA Quant Fund Direct Plan - Reinvestment of Income Distribution cum capital withdrawal option,147865
TATA Quant Fund Regular Plan - Reinvestment of Income Distribution cum capital withdrawal option,147866
Tata Quant Fund-Regular Plan-Growth,147867
TATA Quant Equity Fund Regular Plan - Payout of Income Distribution cum capital withdrawal option,147868
TATA Quant Equity Fund Direct Plan - Payout of Income Distribution cum capital withdrawal option,147869
Invesco India Overnight Fund - Regular Plan - Growth,147878
Invesco India Overnight Fund - Regular Plan - Monthly IDCW (Payout / Reinvestment),147879
Invesco India Overnight Fund - Regular Plan - Daily IDCW (Reinvestment),147880
Invesco India Overnight Fund - Regular Plan - Weekly IDCW (Reinvestment),147881
Invesco India Overnight Fund - Direct Plan - Growth,147883
Invesco India Overnight Fund - Direct Plan - Daily IDCW (Reinvestment),147884
Invesco India Overnight Fund - Direct Plan - Weekly IDCW (Reinvestment),147885
Invesco India Overnight Fund - Direct Plan - Monthly IDCW (Payout / Reinvestment),147886
Axis Income Plus Arbitrage Active FOF - Regular Plan - IDCW,147888
Axis Income Plus Arbitrage Active FOF - Direct Plan - Growth Option,147889
Axis Income Plus Arbitrage Active FOF - Regular Plan - Growth Option,147890
Axis Income Plus Arbitrage Active FOF - Direct Plan - IDCW,147891
Axis Income Plus Arbitrage Active FOF - Direct Plan - Monthly IDCW,147892
Axis Income Plus Arbitrage Active FOF - Direct Plan - Quarterly IDCW,147893
Axis Income Plus Arbitrage Active FOF - Direct Plan - Half Yearly Dividend Option,147894
Axis Income Plus Arbitrage Active FOF - Direct Plan - Annual IDCW,147895
Axis Income Plus Arbitrage Active FOF - Regular Plan - Monthly IDCW,147896
Axis Income Plus Arbitrage Active FOF - Regular Plan - Half Yearly IDCW,147897
Axis Income Plus Arbitrage Active FOF - Regular Plan - Annual IDCW,147898
Axis Income Plus Arbitrage Active FOF - Regular Plan - Quarterly IDCW,147905
Mirae Asset Nifty Next 50 ETF,147906
HSBC Ultra Short Duration Fund - Regular Growth,147907
HSBC Ultra Short Duration Fund - Direct Growth,147908
HSBC Ultra Short Duration Fund - Regular Daily IDCW,147909
HSBC Ultra Short Duration Fund - Direct Daily IDCW,147910
HSBC Ultra Short Duration Fund - Regular Weekly IDCW,147911
HSBC Ultra Short Duration Fund - Direct Weekly IDCW,147912
HSBC Ultra Short Duration Fund - Direct Monthly IDCW,147915
HSBC Ultra Short Duration Fund - Regular Monthly IDCW,147916
ITI Small Cap Fund - Direct Plan - IDCW Option,147917
ITI Small Cap Fund - Regular Plan - IDCW Option,147918
ITI Small Cap Fund - Direct Plan - Growth Option,147919
ITI Small Cap Fund - Regular Plan - Growth Option,147920
ICICI Prudential Nifty Midcap 150 ETF,147921
Axis ESG Integration Strategy Fund - Direct Plan - Growth Option,147928
Axis ESG Integration Strategy Fund - Regular Plan - Growth Option,147929
Axis ESG Integration Strategy Fund - Regular Plan - IDCW,147930
Axis ESG Integration Strategy Fund - Direct Plan - IDCW,147931
BANK OF INDIA Overnight Fund Regular Plan Growth,147936
BANDHAN SMALL CAP FUND - DIRECT PLAN IDCW,147943
BANDHAN SMALL CAP FUND - REGULAR PLAN GROWTH,147944
BANDHAN SMALL CAP FUND - REGULAR PLAN IDCW,147945
BANDHAN SMALL CAP FUND - DIRECT PLAN GROWTH,147946
BANK OF INDIA Overnight Fund Regular Plan- Weekly IDCW,147947
BANK OF INDIA Overnight Fund Direct Plan- Monthly IDCW,147948
BANK OF INDIA Overnight Fund Regular Plan- Monthly IDCW,147949
BANK OF INDIA Overnight Fund Direct Plan- Weekly IDCW,147950
BANK OF INDIA Overnight Fund Direct Plan Growth,147951
BANK OF INDIA Overnight Fund Direct Plan- Daily IDCW,147952
BANK OF INDIA Overnight Fund Regular Plan- Daily IDCW,147953
Franklin India Credit Risk Fund- Segregated Portfolio 1- 8.25% Vodafone Idea Ltd-10JUL20-Growth Plan,147954
Franklin India Credit Risk Fund- Segregated Portfolio 1- 8.25% Vodafone Idea Ltd-10JUL20-Direct-Growth Plan,147955
Franklin India Credit Risk Fund- Segregated Portfolio 1- 8.25% Vodafone Idea Ltd-10JUL20-Direct-Dividend Plan,147956
Franklin India Credit Risk Fund- Segregated Portfolio 1- 8.25% Vodafone Idea Ltd-10JUL20-Dividend Plan,147957
Franklin India Credit Risk Fund- Segregated Portfolio 2- 10.90% Vodafone Idea Ltd 02Sep2023-Direct Growth Plan,147958
Franklin India Credit Risk Fund- Segregated Portfolio 2 - 10.90% Vodafone Idea Ltd (02-Sep-2023) - IDCW,147959
Franklin India Credit Risk Fund-Segregated Portfolio 2 - 10.90% Vodafone Idea Ltd (02-Sep-2023) - Direct IDCW,147960
Franklin India Credit Risk Fund- Segregated Portfolio 2- 10.90% Vodafone Idea Ltd 02Sep2023-Growth Plan,147961
Franklin India Income Opportunities Fund- Segregated Portfolio 1- 8.25% Vodafone Idea Ltd-10JUL20-Growth Plan,147962
Franklin India Income Opportunities Fund- Segregated Portfolio 1- 8.25% Vodafone Idea Ltd-10JUL20-Direct Growth Plan,147963
Franklin India Income Opportunities Fund- Segregated Portfolio 1- 8.25% Vodafone Idea Ltd-10JUL20-Dividend Plan,147964
Franklin India Income Opportunities Fund- Segregated Portfolio 1- 8.25% Vodafone Idea Ltd-10JUL20-Direct Dividend Plan,147965
Franklin India Income Opportunities Fund- Segregated Portfolio 2- 10.90% Vodafone Idea Ltd 02Sep2023-Direct Growth Plan,147966
Franklin India Income Opportunities Fund- Segregated Portfolio 2 - 10.90% Vodafone Idea Ltd (02-Sep-2023) - Direct IDCW,147967
Franklin India Income Opportunities Fund- Segregated Portfolio 2- 10.90% Vodafone Idea Ltd 02Sep2023-Growth Plan,147968
Franklin India Income Opportunities Fund- Segregated Portfolio 2 - 10.90% Vodafone Idea Ltd (02-Sep-2023) - IDCW,147969
Franklin India Ultra Short Bond Fund- Super Institutional Plan-Segregated Portfolio 1- 8.25% Vodafone Idea Ltd-10JUL20-Growth Option,147970
Franklin India Ultra Short Bond Fund- Super Institutional Plan-Segregated Portfolio 1- 8.25% Vodafone Idea Ltd-10JUL20-Daily Dividend Option,147971
Franklin India Ultra Short Bond Fund- Super Institutional Plan-Segregated Portfolio 1- 8.25% Vodafone Idea Ltd-10JUL20-Weekly Dividend Option,147972
Franklin India Ultra Short Bond Fund- Super Institutional Plan-Segregated Portfolio 1- 8.25% Vodafone Idea Ltd-10JUL20-Direct-Growth Option,147973
Franklin India Ultra Short Bond Fund- Super Institutional Plan-Segregated Portfolio 1- 8.25% Vodafone Idea Ltd-10JUL20-Direct Daily Dividend Option,147974
Franklin India Ultra Short Bond Fund- Institutional Plan-Segregated Portfolio 1- 8.25% Vodafone Idea Ltd-10JUL20-Daily Dividend Option,147975
Franklin India Ultra Short Bond Fund- Institutional Plan-Segregated Portfolio 1- 8.25% Vodafone Idea Ltd-10JUL20-Growth Option,147976
Franklin India Ultra Short Bond Fund- Retail Plan-Segregated Portfolio 1- 8.25% Vodafone Idea Ltd-10JUL20-Weekly Dividend Option,147977
Franklin India Ultra Short Bond Fund- Super Institutional Plan-Segregated Portfolio 1- 8.25% Vodafone Idea Ltd-10JUL20-Direct-Weekly Dividend Option,147978
Franklin India Ultra Short Bond Fund- Retail Plan-Segregated Portfolio 1- 8.25% Vodafone Idea Ltd-10JUL20-Growth Option,147979
Franklin India Ultra Short Bond Fund- Retail Plan-Segregated Portfolio 1- 8.25% Vodafone Idea Ltd-10JUL20-Daily Dividend Option,147980
Franklin India Dynamic Accrual Fund- Segregated Portfolio 1- 8.25% Vodafone Idea Ltd-10JUL20-Growth Plan,147981
Franklin India Dynamic Accrual Fund- Segregated Portfolio 1- 8.25% Vodafone Idea Ltd-10JUL20-Direct-Dividend Plan,147982
Franklin India Dynamic Accrual Fund- Segregated Portfolio 1- 8.25% Vodafone Idea Ltd-10JUL20-Dividend Plan,147983
Franklin India Dynamic Accrual Fund- Segregated Portfolio 1- 8.25% Vodafone Idea Ltd-10JUL20-Direct-Growth Plan,147984
Franklin India Dynamic Accrual Fund- Segregated Portfolio 2 - 10.90% Vodafone Idea Ltd (02-Sep-2023) - IDCW,147985
Franklin India Dynamic Accrual Fund-Segregated Portfolio 2 - 10.90% Vodafone Idea Ltd (02-Sep-2023) - Direct IDCW,147986
Franklin India Dynamic Accrual Fund- Segregated Portfolio 2- 10.90% Vodafone Idea Ltd 02Sep2023-Growth Plan,147987
Franklin India Dynamic Accrual Fund- Segregated Portfolio 2- 10.90% Vodafone Idea Ltd 02Sep2023-Direct-Growth Plan,147988
Franklin India Low Duration Fund- Segregated Portfolio 1- 8.25% Vodafone Idea Ltd-10JUL20-Direct-Growth Plan,147989
Franklin India Low Duration Fund- Segregated Portfolio 1- 8.25% Vodafone Idea Ltd-10JUL20-Monthly Dividend Plan,147990
Franklin India Low Duration Fund- Segregated Portfolio 1- 8.25% Vodafone Idea Ltd-10JUL20-Direct-Monthly Dividend Plan,147991
Franklin India Low Duration Fund- Segregated Portfolio 1- 8.25% Vodafone Idea Ltd-10JUL20-Quarterly Dividend Plan,147992
Franklin India Low Duration Fund- Segregated Portfolio 1- 8.25% Vodafone Idea Ltd-10JUL20-Direct- Quarterly Dividend Plan,147993
Franklin India Low Duration Fund- Segregated Portfolio 1- 8.25% Vodafone Idea Ltd-10JUL20-Growth Plan,147994
Franklin India Low Duration Fund- Segregated Portfolio 2 - 10.90% Vodafone Idea Ltd (02-Sep-2023) - Monthly - IDCW,147995
Franklin India Low Duration Fund-Direct- Segregated Portfolio 2 - 10.90% Vodafone Idea Ltd (02-Sep-2023) - Direct Monthly - IDCW,147996
Franklin India Low Duration Fund- Segregated Portfolio 2 - 10.90% Vodafone Idea Ltd (02-Sep-2023) - Quarterly - IDCW,147997
Franklin India Low Duration Fund-Direct- Segregated Portfolio 2 - 10.90% Vodafone Idea Ltd (02-Sep-2023) - Direct Quarterly - IDCW,147998
Franklin India Low Duration Fund- Segregated Portfolio 2- 10.90% Vodafone Idea Ltd 02Sep2023-Direct- Growth Plan,147999
Franklin India Low Duration Fund- Segregated Portfolio 2- 10.90% Vodafone Idea Ltd 02Sep2023-Growth Plan,148000
Franklin India Short-Term Income Plan- Retail Plan-Segregated Portfolio 1- 8.25% Vodafone Idea Ltd-10JUL20-Growth Option,148001
Franklin India Short-term Income Plan- Retail Plan - Segregated Portfolio 1- 8.25% Vodafone Idea Ltd-10JUL20-Direct- Growth Option,148002
Franklin India Short Term Income Plan- Retail Plan-Segregated Portfolio 1- 8.25% Vodafone Idea Ltd-10JUL20-Monthly Dividend Option,148003
Franklin India Short term Income Plan- Retail Plan-Segregated Portfolio 1- 8.25% Vodafone Idea Ltd-10JUL20-Direct- Monthly Dividend Option,148004
Franklin India Short-term Income Plan- Retail Plan-Segregated Portfolio 1- 8.25% Vodafone Idea Ltd-10JUL20-Weekly Dividend Option,148005
Franklin India Short-term Income Plan-Retail Plan- Segregated Portfolio 1- 8.25% Vodafone Idea Ltd-10JUL20-Direct-Weekly Dividend Option,148006
Franklin India Short term Income Plan- Retail Plan-Segregated Portfolio 1- 8.25% Vodafone Idea Ltd-10JUL20-Quarterly Dividend Option,148007
Franklin India Short term Income Plan-Institutional Plan- Segregated Portfolio 1- 8.25% Vodafone Idea Ltd-10JUL20-Growth Option,148008
Franklin India Short term Income Plan- Retail Plan-Segregated Portfolio 1- 8.25% Vodafone Idea Ltd-10JUL20-Direct- Quarterly Dividend Option,148009
Franklin India Short term Income Plan- Retail Plan- Segregated Portfolio 2- 10.90% Vodafone Idea Ltd 02Sep2023-Growth Option,148010
Franklin India Short term Income Plan- Retail Plan-Segregated Portfolio 2 - 10.90% Vodafone Idea Ltd (02-Sep-2023) - Monthly - IDCW,148011
Franklin India Short term Income Plan- Retail Plan-Segregated Portfolio 2 - 10.90% Vodafone Idea Ltd (02-Sep-2023) - Quarterly - IDCW,148012
Franklin India Short term Income Plan- Institutional Plan- Segregated Portfolio 2- 10.90% Vodafone Idea Ltd 02Sep2023-Growth Option,148013
Franklin India Short term Income Plan- Retail Plan-Segregated Portfolio 2 - 10.90% Vodafone Idea Ltd (02-Sep-2023) - Weekly - IDCW,148014
Franklin India Short term Income Plan- Retail Plan- Segregated Portfolio 2- 10.90% Vodafone Idea Ltd 02Sep2023-Direct-Growth Option,148015
Franklin India Short term Income Plan- Retail Plan-Segregated Portfolio 2 - 10.90% Vodafone Idea Ltd (02-Sep-2023) - Direct Weekly - IDCW,148016
Franklin India Short term Income Plan- Retail Plan-Segregated Portfolio 2 - 10.90% Vodafone Idea Ltd (02-Sep-2023) - Direct Monthly - IDCW,148017
Franklin India Short term Income Plan- Retail Plan-Segregated Portfolio 2 - 10.90% Vodafone Idea Ltd (02-Sep-2023) - Direct Quarterly - IDCW,148018
ICICI Prudential Diversified Equity All Cap Omni FOF - Growth,148033
ICICI Prudential Diversified Equity All Cap Omni FOF - IDCW,148034
ICICI Prudential Diversified Equity All Cap Omni FOF - Direct Plan - Growth,148035
ICICI Prudential Diversified Equity All Cap Omni FOF - Direct Plan - IDCW,148036
Tata Multi Asset Allocation Fund-Direct Plan-Dividend Payout,148049
Tata Multi Asset Allocation Fund-Regular Plan-Growth,148050
Tata Multi Asset Allocation Fund-Regular Plan-Dividend Reinvestment,148051
Tata Multi Asset Allocation Fund-Direct Plan-Dividend Reinvestment,148052
Tata Multi Asset Allocation Fund-Direct Plan-Growth,148053
Tata Multi Asset Allocation Fund-Regular Plan-Dividend Payout,148054
Edelweiss US Technology Equity Fund of Fund- Direct Plan- Growth,148063
Edelweiss US Technology Equity Fund of Fund- Regular Plan- Growth,148064
Union Midcap Fund - Regular Plan - Growth Option,148071
Union Midcap Fund - Regular Plan - IDCW Option,148072
Union Midcap Fund - Direct Plan - Growth Option,148073
Union Midcap Fund - Direct Plan - IDCW Option,148074
UTI Bond Fund ( Segregated - 17022020) - Regular Plan - Annual IDCW,148075
UTI Bond Fund ( Segregated - 17022020) - Direct Plan - Annual IDCW,148076
Nippon India Medium Duration Fund - Segregated Portfolio 1 - Bonus Option,148077
Nippon India Medium Duration Fund - Segregated Portfolio 1 - Direct Plan - Bonus Option,148078
NIPPON INDIA MEDIUM DURATION FUND - SEGREGATED PORTFOLIO 1 - Direct Plan - IDCW Option,148079
Nippon India Medium Duration Fund - Segregated Portfolio 1 - Direct Plan - Growth Option,148080
NIPPON INDIA MEDIUM DURATION  FUND - SEGREGATED PORTFOLIO 1 - Direct Plan - QUARTERLY IDCW Option,148081
NIPPON INDIA MEDIUM DURATION FUND - SEGREGATED PORTFOLIO 1 - IDCW Option,148082
Nippon India Medium Duration Fund - Segregated Portfolio 1 - Growth Option,148083
NIPPON INDIA MEDIUM DURATION  FUND - SEGREGATED PORTFOLIO 1 - QUARTERLY IDCW Option,148084
UTI - Bond Fund ( Segregated - 17022020) - Regular Plan - Growth Option,148085
UTI - Bond Fund (Segregated - 17022020) - Direct Plan - Growth Option,148086
UTI Bond Fund ( Segregated - 17022020) - Regular Plan - Half-Yearly IDCW,148087
UTI Bond Fund ( Segregated - 17022020) - Regular Plan - Flexi IDCW,148088
UTI Bond Fund ( Segregated - 17022020) - Regular Plan - Quarterly IDCW,148089
UTI Bond Fund ( Segregated - 17022020) - Direct Plan - Flexi IDCW,148090
UTI Bond Fund ( Segregated - 17022020) - Direct Plan - Half-Yearly IDCW,148091
UTI Bond Fund ( Segregated - 17022020) - Direct Plan - Quarterly IDCW,148092
Nippon India Credit Risk Fund - Segregated Portfolio 1 - Growth Plan,148094
NIPPON INDIA CREDIT RISK FUND - SEGREGATED PORTFOLIO 1 - QUARTERLY IDCW Option,148095
NIPPON INDIA CREDIT RISK FUND - SEGREGATED PORTFOLIO 1 - Direct Plan - IDCW Option,148096
NIPPON INDIA CREDIT RISK FUND - SEGREGATED PORTFOLIO 1 - IDCW Option,148097
NIPPON INDIA CREDIT RISK FUND - SEGREGATED PORTFOLIO 1 - Direct Plan - QUARTERLY IDCW Option,148098
Nippon India Credit Risk Fund - Segregated Portfolio 1 - Institutional Growth Plan,148100
Nippon India Credit Risk Fund - Segregated Portfolio 1 - Direct Plan - Growth Plan,148101
UTI Regular Saving Fund ( Segregated - 17022020) - Regular Plan - Monthly IDCW,148104
UTI - Regular Saving Fund (Segregated - 17022020) - Regular Plan - Growth Option,148105
UTI - Regular Saving Fund (Segregated - 17022020) - Direct Plan - Growth Option,148106
UTI - Regular Saving Fund (Segregated - 17022020) - Regular Plan - Monthly Payment Option,148108
UTI Regular Saving Fund ( Segregated - 17022020) - Direct Plan - Monthly IDCW,148109
UTI Regular Saving Fund ( Segregated - 17022020) - Regular Plan - Flexi IDCW,148111
UTI - Regular Saving Fund (Segregated - 17022020) - Direct Plan - Monthly Payment Option,148112
UTI Regular Saving Fund ( Segregated - 17022020) - Direct Plan - Flexi IDCW,148115
UTI - Dynamic Bond Fund (Segregated - 17022020) - Regular Plan - Growth Option,148117
UTI - Dynamic Bond Fund (Segregated - 17022020) - Direct Plan - Growth Option,148118
UTI Dynamic Bond Fund ( Segregated - 17022020 ) - Regular Plan - Half-Yearly IDCW,148119
UTI Dynamic Bond Fund ( Segregated - 17022020 ) - Direct Plan - Half-Yearly IDCW,148120
UTI Dynamic Bond Fund ( Segregated - 17022020 ) - Direct Plan - Quarterly IDCW,148121
UTI Dynamic Bond Fund ( Segregated - 17022020 ) - Regular Plan - Annual IDCW,148122
UTI Dynamic Bond Fund ( Segregated - 17022020 ) - Regular Plan - Flexi IDCW,148123
UTI Dynamic Bond Fund ( Segregated - 17022020 ) - Direct Plan - Flexi IDCW,148124
UTI Dynamic Bond Fund ( Segregated - 17022020 ) - Direct Plan - Annual IDCW,148125
UTI Dynamic Bond Fund ( Segregated - 17022020 ) - Regular Plan - Quarterly IDCW,148126
UTI Medium Term Fund ( Segregated - 17022020 ) - Regular Plan - Flexi IDCW,148127
UTI Medium Term Fund ( Segregated - 17022020 ) - Regular Plan - Annual IDCW,148128
UTI Medium Term Fund ( Segregated - 17022020 ) - Direct Plan - Annual IDCW,148129
UTI Medium Term Fund ( Segregated - 17022020 ) - Regular Plan - Quarterly IDCW,148130
UTI Medium Term Fund ( Segregated - 17022020 ) - Direct Plan - Quarterly IDCW,148131
UTI Medium Term Fund ( Segregated - 17022020 ) - Regular Plan - Monthly IDCW,148132
UTI Medium Term Fund ( Segregated - 17022020 ) - Regular Plan - Half-Yearly IDCW,148133
UTI Medium Term Fund ( Segregated - 17022020 ) - Direct Plan - Half-Yearly IDCW,148134
UTI Medium Term Fund ( Segregated - 17022020 ) - Direct Plan - Flexi IDCW,148135
UTI - Medium Term Fund (Segregated - 17022020) - Direct Plan - Growth Option,148136
UTI Medium Term Fund ( Segregated - 17022020 ) - Direct Plan - Monthly IDCW,148137
UTI - Medium Term Fund (Segregated - 17022020) - Regular Plan - Growth Option,148138
Nippon India Conservative Hybrid  Fund - Segregated Portfolio 1 - Direct Plan Monthly Dividend Plan,148139
Nippon India Conservative Hybrid Fund - Segregated Portfolio 1 - Direct Plan Quarterly Dividend Plan,148140
Nippon India Conservative Hybrid  Fund - Segregated Portfolio 1 - Growth Plan,148141
Nippon India Conservative Hybrid  Fund - Segregated Portfolio 1 - Monthly Dividend Plan,148142
Nippon India Conservative Hybrid  Fund - Segregated Portfolio 1 - Direct Plan Growth Plan - Growth Option,148143
Nippon India Conservative Hybrid  Fund - Segregated Portfolio 1 - Quarterly Dividend Plan,148144
UTI Credit Risk Fund ( Segregated - 17022020 ) - Direct Plan - Half-Yearly IDCW,148145
UTI - Credit Risk Fund (Segregated - 17022020) - Regular Plan - Growth Option,148146
UTI - Credit Risk Fund (Segregated - 17022020) - Direct Plan - Growth Option,148147
UTI Credit Risk Fund ( Segregated - 17022020 ) - Regular Plan - Quarterly IDCW,148148
UTI Credit Risk Fund ( Segregated - 17022020 ) - Regular Plan - Flexi IDCW,148149
UTI Credit Risk Fund ( Segregated - 17022020 ) - Direct Plan - Quarterly IDCW,148150
UTI Credit Risk Fund ( Segregated - 17022020 ) - Direct Plan - Flexi IDCW,148151
UTI Credit Risk Fund ( Segregated - 17022020 ) - Regular Plan - Half-Yearly IDCW,148152
UTI Credit Risk Fund ( Segregated - 17022020 ) - Regular Plan - Monthly IDCW,148153
UTI Credit Risk Fund ( Segregated - 17022020 ) - Direct Plan - Monthly IDCW,148154
UTI Credit Risk Fund ( Segregated - 17022020 ) - Regular Plan - Annual IDCW,148155
UTI Credit Risk Fund ( Segregated - 17022020 ) - Direct Plan - Annual IDCW,148156
PGIM India Money Market Fund - Regular Plan - Monthly Dividend Option,148157
PGIM India Money Market Fund - Regular Plan - Weekly Dividend Option,148158
PGIM India Money Market Fund - Regular Plan - Growth Option,148159
PGIM India Money Market Fund - Regular Plan - Daily Dividend Option,148160
PGIM India Money Market Fund - Direct Plan - Growth Option,148161
PGIM India Money Market Fund - Direct Plan - Daily Dividend Option,148162
PGIM India Money Market Fund - Direct Plan - Monthly Dividend Option,148163
PGIM India Money Market Fund - Direct Plan - Weekly Dividend Option,148164
UTI Nifty Bank ETF,148173
UTI - Credit Risk Fund (Segregated - 06032020) - Regular Plan - Annual Dividend Option,148234
UTI - Credit Risk Fund (Segregated - 06032020) - Regular Plan - Half Yearly Dividend Option,148235
UTI - Credit Risk Fund (Segregated - 06032020) - Regular Plan - Flexi Dividend Option,148236
UTI - Credit Risk Fund (Segregated - 06032020) - Regular Plan - Growth Option,148237
UTI - Credit Risk Fund (Segregated - 06032020) - Direct Plan - Half Yearly Dividend Option,148238
UTI - Credit Risk Fund (Segregated - 06032020) - Direct Plan - Annual Dividend Option,148239
UTI - Credit Risk Fund (Segregated - 06032020) - Direct Plan - Monthly Dividend Option,148240
UTI - Credit Risk Fund (Segregated - 06032020) - Direct Plan - Flexi Dividend Option,148241
UTI - Credit Risk Fund (Segregated - 06032020) - Direct Plan - Growth Option,148242
UTI - Credit Risk Fund (Segregated - 06032020) - Regular Plan - Quarterly Dividend Option,148243
UTI - Credit Risk Fund (Segregated - 06032020) - Regular Plan - Monthly Dividend Option,148244
UTI - Credit Risk Fund (Segregated - 06032020) - Direct Plan - Quarterly Dividend Option,148245
UTI - Medium Term Fund (Segregated - 06032020) - Regular Plan - Monthly Dividend Option,148246
UTI - Medium Term Fund (Segregated - 06032020) - Regular Plan - Annual Dividend Option,148247
UTI - Medium Term Fund (Segregated - 06032020) - Direct Plan - Annual Dividend Option,148248
UTI - Medium Term Fund (Segregated - 06032020) - Direct Plan - Flexi Dividend Option,148249
UTI - Medium Term Fund (Segregated - 06032020) - Direct Plan - Monthly Dividend Option,148250
UTI - Medium Term Fund (Segregated - 06032020) - Regular Plan - Half Yearly Dividend Option,148251
UTI - Medium Term Fund (Segregated - 06032020) - Regular Plan - Growth Option,148252
UTI - Medium Term Fund (Segregated - 06032020) - Regular Plan - Quarterly Dividend Option,148253
UTI - Medium Term Fund (Segregated - 06032020) - Regular Plan - Flexi Dividend Option,148254
UTI - Medium Term Fund (Segregated - 06032020) - Direct Plan - Quarterly Dividend Option,148255
UTI - Medium Term Fund (Segregated - 06032020) - Direct Plan - Half Yearly Dividend Option,148256
UTI - Medium Term Fund (Segregated - 06032020) - Direct Plan - Growth Option,148257
Nippon India Credit Risk Fund - Segregated Portfolio 2 - Growth Plan,148258
Nippon India Credit Risk Fund - Segregated Portfolio 2 - Institutional Growth Plan,148259
NIPPON INDIA CREDIT RISK FUND -  SEGREGATED PORTFOLIO 2 - QUARTERLY IDCW Option,148260
Nippon India Credit Risk Fund - Segregated Portfolio 2 - Direct Plan - Growth Plan,148261
NIPPON INDIA CREDIT RISK FUND -  SEGREGATED PORTFOLIO 2 - DIRECT Plan - IDCW Option,148262
NIPPON INDIA CREDIT RISK FUND -  SEGREGATED PORTFOLIO 2 - IDCW Option,148263
NIPPON INDIA CREDIT RISK FUND -  SEGREGATED PORTFOLIO 2 - DIRECT Plan - QUARTERLY IDCW Option,148264
Nippon India Aggressive  Hybrid Fund - Segregated Portfolio 2 - Direct Plan - Growth Plan,148265
NIPPON INDIA AGGRESSIVE HYBRID FUND -  SEGREGATED PORTFOLIO 2 - DIRECT Plan - IDCW Option,148266
NIPPON INDIA AGGRESSIVE HYBRID FUND -  SEGREGATED PORTFOLIO 2 - DIRECT Plan - MONTHLY IDCW Option,148267
NIPPON INDIA AGGRESSIVE HYBRID FUND -  SEGREGATED PORTFOLIO 2 - MONTHLY IDCW Option,148268
NIPPON INDIA AGGRESSIVE HYBRID FUND -  SEGREGATED PORTFOLIO 2 - QUARTERLY IDCW Option,148269
NIPPON INDIA AGGRESSIVE HYBRID FUND -  SEGREGATED PORTFOLIO 2 - DIRECT Plan - QUARTERLY IDCW Option,148270
Nippon India Aggressive Hybrid Fund - Segregated Portfolio 2 - Growth Plan,148271
NIPPON INDIA AGGRESSIVE HYBRID FUND -  SEGREGATED PORTFOLIO 2 - IDCW Option,148272
Nippon India Equity Savings Fund - Segregated Portfolio 2 - Direct Plan - Growth Plan - Bonus Option,148273
Nippon India Equity Savings Fund - Segregated Portfolio 2 - Direct Plan - Growth Plan - Growth Option,148274
NIPPON INDIA EQUITY SAVINGS FUND -  SEGREGATED PORTFOLIO 2 - Direct Plan - QUARTERLY IDCW Option,148275
NIPPON INDIA EQUITY SAVINGS FUND -  SEGREGATED PORTFOLIO 2 - Direct Plan - IDCW Option,148276
NIPPON INDIA EQUITY SAVINGS FUND -  SEGREGATED PORTFOLIO 2 - Direct Plan - MONTHLY IDCW Option,148277
NIPPON INDIA EQUITY SAVINGS FUND -  SEGREGATED PORTFOLIO 2 - IDCW Option,148278
Nippon India Equity Savings Fund - Segregated Portfolio 2 - Growth Plan - Bonus Option,148279
Nippon India Equity Savings Fund - Segregated Portfolio 2 - Growth Plan - Growth Option,148280
NIPPON INDIA EQUITY SAVINGS FUND -  SEGREGATED PORTFOLIO 2 - QUARTERLY IDCW Option,148281
NIPPON INDIA EQUITY SAVINGS FUND -  SEGREGATED PORTFOLIO 2 - MONTHLY IDCW Option,148282
Nippon India Medium Duration  Fund - Segregated Portfolio 2 - Bonus Option,148283
NIPPON INDIA MEDIUM DURATION FUND -  SEGREGATED PORTFOLIO 2 - DIRECT Plan - IDCW Option,148284
Nippon India Medium Duration Fund - Segregated Portfolio 2 - Direct Plan - Growth Option,148285
Nippon India Medium Duration Fund - Segregated Portfolio 2 - Growth Option,148286
NIPPON INDIA MEDIUM DURATION FUND -  SEGREGATED PORTFOLIO 2 - QUARTERLY IDCW Option,148287
Nippon India Medium Duration Fund - Segregated Portfolio 2 - Direct Plan - Bonus Option,148288
NIPPON INDIA MEDIUM DURATION FUND -  SEGREGATED PORTFOLIO 2 - DIRECT Plan - QUARTERLY IDCW Option,148289
NIPPON INDIA MEDIUM DURATION FUND -  SEGREGATED PORTFOLIO 2 - IDCW Option,148290
NIPPON INDIA CONSERVATIVE HYBRID  FUND -  SEGREGATED PORTFOLIO 2 - DIRECT Plan - MONTHLY IDCW Option,148291
NIPPON INDIA CONSERVATIVE HYBRID FUND -  SEGREGATED PORTFOLIO 2 - DIRECT Plan - QUARTERLY IDCW Option,148292
Nippon India Conservative Hybrid  Fund - Segregated Portfolio 2 - Growth Plan,148293
NIPPON INDIA CONSERVATIVE HYBRID  FUND -  SEGREGATED PORTFOLIO 2 - MONTHLY IDCW Option,148294
NIPPON INDIA CONSERVATIVE HYBRID  FUND -  SEGREGATED PORTFOLIO 2 - QUARTERLY IDCW Option,148295
Nippon India Conservative Hybrid  Fund - Segregated Portfolio 2 - Direct Plan - Growth Plan - Growth Option,148296
Franklin India Conservative Hybrid Fund - Segregated Portfolio 1 (10.25% Yes bank Ltd CO 05Mar20) - Growth Plan,148297
Franklin India Conservative Hybrid Fund - Segregated Portfolio 1 (10.25% Yes Bank Ltd CO 05Mar20) - Direct Quarterly Dividend Plan,148298
Franklin India Conservative Hybrid Fund - Segregated Portfolio 1 (10.25% Yes Bank Ltd CO 05Mar20) - Monthly Dividend Plan,148299
Franklin India Conservative Hybrid Fund - Segregated Portfolio 1 (10.25% Yes Bank Ltd CO 05Mar20) - Quarterly Dividend Plan,148300
Franklin India Conservative Hybrid Fund - Segregated Portfolio 1 (10.25% Yes Bank Ltd CO05Mar20) - Direct Monthly Dividend Plan,148301
Franklin India Conservative Hybrid Fund - Segregated Portfolio 1 (10.25% Yes Bank ltd CO 05Mar20) - Direct Growth Plan,148302
Franklin India Credit Risk Fund - Segregated Portfolio 3 (9.50% Yes Bank Ltd CO 23Dec21) - Growth Plan,148303
Franklin India Credit Risk Fund - Segregated Portfolio 3 (9.50% Yes bank Ltd CO 23Dec21) - Direct Growth Plan,148304
Franklin India Credit Risk Fund- Segregated Portfolio 3 (9.50% Yes Bank Ltd CO 23Dec21) - IDCW,148305
Franklin India Credit Risk Fund-Segregated Portfolio 3 (9.50% Yes Bank Ltd CO 23Dec21) - Direct IDCW,148306
Franklin India Dynamic Accrual Fund - Segregated Portfolio 3 (9.50% Yes Bank Ltd CO 23Dec21) - Growth Plan,148307
Franklin India Dynamic Accrual Fund - Segregated Portfolio 3 (9.50% Yes Bank Ltd CO 23Dec21) - Direct Growth Plan,148308
Franklin India Dynamic Accrual Fund- Segregated Portfolio 3 (9.50% Yes Bank Ltd CO 23Dec21) - IDCW,148309
Franklin India Dynamic Accrual Fund-Segregated Portfolio 3 (9.50% Yes Bank Ltd CO 23Dec21) - Direct IDCW,148310
Franklin India Short term Income Plan- Retail Plan-Segregated Portfolio 3 (9.50% Yes Bank Ltd CO 23Dec21) - Direct Quarterly - IDCW,148311
Franklin India Short term Income Plan- Retail Plan-Segregated Portfolio 3 (9.50% Yes Bank Ltd CO 23Dec21) - Direct Monthly - IDCW,148312
Franklin India Short Tem Income Plan - Segregated Portfolio 3 (9.50% Yes Bank Ltd CO 23Dec21) - Direct Retail Plan Growth Option,148313
Franklin India Short Term Income Plan - Segregated Portfolio 3 (9.50% Yes Bank Ltd CO 23Dec21) - Institutional Plan Growth Option,148314
Franklin India Short-term Income Plan- Retail Plan-Segregated Portfolio 3 (9.50% Yes Bank Ltd CO 23Dec21) - Weekly - IDCW,148315
Franklin India Short-term Income Plan-Retail Plan-Segregated Portfolio 3 (9.50% Yes Bank Ltd CO 23Dec21) - Direct Weekly - IDCW,148316
Franklin India Short term Income Plan- Retail Plan-Segregated Portfolio 3 (9.50% Yes Bank Ltd CO 23Dec21) - Quarterly - IDCW,148317
Franklin India Short Term Income Plan - Segregated Portfolio 3 (9.50% Yes Bank Ltd CO 23Dec21) - Retail Plan Growth Option,148318
Franklin India Short Term Income Plan- Retail Plan-Segregated Portfolio 3 (9.50% Yes Bank Ltd CO 23Dec21) - Monthly - IDCW,148319
Baroda BNP Paribas Credit Risk Fund- Regular- Growth Option- Segregated Portfolio- 1,148330
Baroda BNP Paribas Credit Risk Fund- Regular- Monthly IDCW Option- Segregated Portfolio- 1,148331
Baroda BNP Paribas Credit Risk Fund- Regular- Quarterly IDCW Option- Segregated Portfolio- 1,148332
Baroda BNP Paribas Credit Risk Fund- Direct- Growth Option- Segregated Portfolio- 1,148333
Baroda BNP Paribas Credit Risk Fund- Direct- Monthly IDCW Option- Segregated Portfolio- 1,148334
Baroda BNP Paribas Credit Risk Fund-Direct- Quarterly IDCW Option- Segregated Portfolio- 1,148335
Baroda BNP Paribas Credit Risk Fund- Regular- Bonus Option- Segregated Portfolio- 1,148349
Baroda BNP Paribas Credit Risk Fund- Direct - Bonus Option- Segregated Portfolio- 1,148350
ITI Large Cap Fund - Regular Plan - Growth Option,148351
ITI Large Cap Fund - Direct Plan - IDCW Option,148352
ITI Large Cap Fund - Direct Plan - Growth Option,148353
ITI Large Cap Fund - Regular Plan - IDCW Option,148354
Motilal Oswal S&P 500 Index Fund - Direct Plan Growth,148381
Motilal Oswal S&P 500 Index Fund - Regular Plan Growth,148382
Mirae Asset Arbitrage Fund Regular Growth,148400
Mirae Asset Arbitrage Fund Direct Growth,148401
Mirae Asset Arbitrage Fund Direct IDCW,148402
Mirae Asset Arbitrage Fund Regular IDCW,148403
BANK OF INDIA Flexi Cap Fund Direct Plan -Growth,148404
BANK OF INDIA Flexi Cap Fund Regular Plan -Growth,148405
BANK OF INDIA Flexi Cap Fund Direct Plan -IDCW,148406
BANK OF INDIA Flexi Cap Fund Regular Plan -IDCW,148407
Nippon India ETF Nifty IT,148408
HSBC Focused Fund - Regular Growth,148409
HSBC Focused Fund - Regular IDCW,148410
HSBC Focused Fund - Direct Growth,148411
HSBC Focused Fund - Direct IDCW,148412
JM Liquid Fund - Unclaimed Brokerage I.E.F. (Direct) - Growth Plan,148413
JM Liquid Fund - Unclaimed Application Refund Amount I.E.F. (Direct) - Growth Plan,148414
JM Liquid Fund - Withheld Brokerage I.E.F. (Direct) - Growth Plan,148415
Mirae Asset Banking and PSU Fund - Regular Plan - Growth,148416
Mirae Asset Banking and PSU Fund - Direct Plan - IDCW,148417
Mirae Asset Banking and PSU Fund - Regular plan - IDCW,148418
Mirae Asset Banking and PSU Fund - Direct Plan - Growth,148419
UTI - Credit Risk Fund (Segregated - 07072020) - Regular Plan - Annual Dividend Option,148420
UTI - Medium Term Fund (Segregated - 07072020) - Regular Plan - Annual Dividend Option,148421
UTI - Credit Risk Fund (Segregated - 07072020) - Regular Plan - Quarterly Dividend Option,148422
UTI - Credit Risk Fund (Segregated - 07072020) - Regular Plan - Monthly Dividend Option,148423
UTI - Credit Risk Fund (Segregated - 07072020) - Regular Plan - Half Yearly Dividend Option,148424
UTI - Credit Risk Fund (Segregated - 07072020) - Regular Plan - Growth Option,148425
UTI - Credit Risk Fund (Segregated - 07072020) - Regular Plan - Flexi  Dividend Option,148426
UTI - Credit Risk Fund (Segregated - 07072020) - Direct Plan - Annual Dividend Option,148427
UTI - Credit Risk Fund (Segregated - 07072020) - Direct Plan - Monthly Dividend Option,148428
UTI - Credit Risk Fund (Segregated - 07072020) - Direct Plan - Flexi  Dividend Option,148429
UTI - Credit Risk Fund (Segregated - 07072020) - Direct Plan - Growth Option,148430
UTI - Credit Risk Fund (Segregated - 07072020) - Direct Plan - Half Yearly Dividend Option,148431
UTI - Credit Risk Fund (Segregated - 07072020) - Direct  Plan - Quarterly Dividend Option,148432
UTI - Medium Term Fund (Segregated - 07072020) - Regular Plan - Growth Option,148433
UTI - Medium Term Fund (Segregated - 07072020) - Regular Plan - Flexi Dividend Option,148434
UTI - Medium Term Fund (Segregated - 07072020) - Regular Plan - Monthly Dividend Option,148435
UTI - Medium Term Fund (Segregated - 07072020) - Regular Plan - Quarterly Dividend Option,148436
UTI - Medium Term Fund (Segregated - 07072020) - Regular Plan - Half Yearly Dividend Option,148437
UTI - Medium Term Fund (Segregated - 07072020) - Direct Plan - Quarterly Dividend Option,148438
UTI - Medium Term Fund (Segregated - 07072020) - Direct  Plan - Monthly Dividend Option,148439
UTI - Medium Term Fund (Segregated - 07072020) - Direct Plan - Half Yearly Dividend Option,148440
UTI - Medium Term Fund (Segregated - 07072020) - Direct Plan - Growth Option,148441
UTI - Medium Term Fund (Segregated - 07072020) - Direct Plan - Annual Dividend Option,148442
UTI - Medium Term Fund (Segregated - 07072020) - Direct Plan - Flexi Dividend Option,148443
BHARAT Bond ETF April 2025,148444
BHARAT Bond ETF- April 2031,148445
BHARAT Bond FOF- April 2025- Direct Pan- Growth Option,148446
BHARAT Bond FOF - April 2025 - Regular Plan - IDCW Option,148447
BHARAT Bond FOF- April 2025- Regular Plan- Growth Option,148448
BHARAT Bond FOF - April 2025 - Direct Plan - IDCW Option,148449
BHARAT Bond FOF- April 2031- Direct Plan- Growth Option,148450
BHARAT Bond FOF - April 2031 - Regular Plan - IDCW Option,148451
BHARAT Bond FOF- April 2031- Regular Plan- Growth Option,148452
BHARAT Bond FOF - April 2031 - Direct Plan - IDCW Option,148453
ICICI Prudential Nifty Alpha Low- Volatility 30 ETF,148456
Nippon India Multi Asset Allocation Fund - Direct Plan - Growth Option,148457
NIPPON INDIA MULTI ASSET ALLOCATION FUND - DIRECT Plan - IDCW Option,148458
Nippon India Multi Asset Allocation Fund - Regular Plan - Growth Option,148459
NIPPON INDIA MULTI ASSET ALLOCATION FUND - IDCW Option,148460
HDFC NIFTY Bank ETF - GROWTH,148461
ICICI Prudential Nifty IT ETF,148466
Mahindra Manulife Arbitrage Fund - Regular Plan - Growth,148467
Mahindra Manulife Arbitrage Fund - Direct Plan -Growth,148468
Mahindra Manulife Arbitrage Fund - Regular Plan - IDCW,148469
Mahindra Manulife Arbitrage Fund - Direct Plan - IDCW,148470
Baroda BNP Paribas Large and Mid Cap Fund-Regular Plan-Growth Option,148471
Baroda BNP Paribas Large and Mid Cap Fund-Regular plan-IDCW Option,148472
Baroda BNP Paribas Large and Mid Cap Fund- Direct Plan -Growth Option,148474
Baroda BNP Paribas Large and Mid Cap Fund-Direct Plan-IDCW Option,148475
Invesco India Focused Fund - Direct Plan - Growth,148481
Invesco India Focused Fund - Direct Plan - IDCW (Payout / Reinvestment),148482
Invesco India Focused Fund - Regular Plan - Growth,148483
Invesco India Focused Fund - Regular Plan - IDCW (Payout / Reinvestment),148484
Axis Global Equity Alpha Fund of Fund - Direct Plan - Growth Option,148485
Axis Global Equity Alpha Fund of Fund - Regular Plan - Growth Option,148486
Axis Global Equity Alpha Fund of Fund - Direct Plan - IDCW,148487
Axis Global Equity Alpha Fund of Fund - Regular Plan - IDCW,148488
SBI Children's Fund - Investment Plan - Regular Plan - Growth,148489
SBI Children's Fund - Investment Plan - Direct Plan - Growth,148490
Mirae Asset Diversified Equity Allocator Passive FOF - Direct Plan - Growth,148500
Mirae Asset Diversified Equity Allocator Passive FOF - Direct Plan - IDCW,148501
Mirae Asset Diversified Equity Allocator Passive FOF - Regular Plan - Growth,148502
Mirae Asset Diversified Equity Allocator Passive FOF - Regular Plan - IDCW,148503
Sundaram Large Cap Fund(Formerly Known as Sundaram Blue Chip Fund) Regular Plan - Growth,148504
Sundaram Large Cap Fund (Formerly Known as Sundaram Blue Chip Fund)  Regular Plan - Payout of Income Distribution cum Capital Withdrawal (IDCW),148505
Sundaram Large Cap Fund (Formerly Known as Sundaram Blue Chip Fund) Regular Plan - Reinvestment of Income Distribution cum Capital Withdrawal (IDCW),148506
Sundaram Large Cap Fund (Formerly Known as Sundaram Blue Chip Fund)Direct Plan - Growth,148507
Sundaram Large Cap Fund (Formerly Known as Sundaram Blue Chip Fund) Direct Plan - Payout of Income Distribution cum Capital Withdrawal (IDCW),148508
Sundaram Large Cap Fund (Formerly Known as Sundaram Blue Chip  Fund)  Direct Plan - Reinvestment of Income Distribution cum Capital Withdrawal (IDCW),148509
quant Liquid Fund-Unclaimed Dividend-Growth Option,148510
quant Liquid Fund-Unclaimed Redemption Investor Education Plan-Growth Option,148511
quant Liquid Fund-Unclaimed Redemption Plan-Growth Option,148512
quant Liquid Fund-Unclaimed Dividend Investor Education Plan-Growth Option,148513
ICICI Prudential ESG Exclusionary Strategy Fund - IDCW,148514
ICICI Prudential ESG Exclusionary Strategy Fund - Direct Plan - IDCW,148515
ICICI Prudential ESG Exclusionary Strategy Fund - Direct Plan - Growth,148516
ICICI Prudential ESG Exclusionary Strategy Fund - Growth,148517
Nippon India Nifty Smallcap 250 Index Fund - Regular Plan - Growth Option,148518
Nippon India Nifty Smallcap 250 Index Fund - Direct Plan - Growth Option,148519
NIPPON INDIA NIFTY SMALLCAP 250 INDEX FUND - IDCW Option,148520
NIPPON INDIA NIFTY SMALLCAP 250 INDEX FUND - DIRECT Plan - IDCW Option,148521
Mirae Asset Ultra Short Duration Fund Direct Growth,148529
Mirae Asset Ultra Short Duration Fund Regular Growth,148530
Mirae Asset Ultra Short Duration Fund Regular IDCW,148531
Mirae Asset Ultra Short Duration Fund Direct IDCW,148532
ITI Banking & PSU Debt Fund - Regular Plan - IDCW Option,148533
ITI Banking & PSU Debt Fund - Direct Plan - Growth Option,148534
ITI Banking & PSU Debt Fund - Regular Plan - Growth Option,148535
ITI Banking & PSU Debt Fund - Direct Plan - IDCW Option,148536
Aditya Birla Sun Life Special Opportunities Fund-Regular Plan-Growth,148537
Aditya Birla Sun Life Special Opportunities Fund-Regular - IDCW,148538
Aditya Birla Sun Life Special Opportunities Fund-Direct-Growth,148539
Aditya Birla Sun Life Special Opportunities Fund-Direct - IDCW,148540
SBI Nifty Private Bank ETF,148541
SBI Nifty IT ETF,148542
SBI Floating Rate Debt Fund - Regular Plan - Growth,148543
SBI Floating Rate DEBT Fund - Regular Plan - Monthly Income Distribution cum Capital Withdrawal Option (IDCW),148544
SBI Floating Rate DEBT Fund - Regular Plan - Quarterly Income Distribution cum Capital Withdrawal Option (IDCW),148546
SBI Floating Rate DEBT Fund - Direct Plan - Quarterly Income Distribution cum Capital Withdrawal Option (IDCW),148549
SBI Floating Rate Debt Fund - Direct Plan - Growth,148550
SBI Floating Rate DEBT Fund - Direct Plan - Monthly Income Distribution cum Capital Withdrawal Option (IDCW),148551
Edelweiss MSCI India Domestic & World Healthcare 45 Index Fund Direct Plan - Growth,148555
Edelweiss MSCI India Domestic & World Healthcare 45 Index Fund - Direct Plan - IDCW Option,148556
Edelweiss MSCI India Domestic & World Healthcare 45 index Fund Regular Plan - Growth,148557
Edelweiss MSCI India Domestic & World Healthcare 45 Index Fund - Regular Plan - IDCW Option,148558
Axis NIFTY Bank ETF,148559
quant ESG Integration Strategy Fund - Growth Option - Regular Plan,148560
quant ESG Integration Strategy Fund - IDCW Option - Regular Plan,148561
quant ESG Integration Strategy Fund - IDCW Option - Direct Plan,148563
quant ESG Integration Strategy Fund - Growth Option - Direct Plan,148564
Mahindra Manulife Focused Fund - Regular Plan - IDCW,148566
Mahindra Manulife Focused Fund - Direct Plan -Growth,148567
Mahindra Manulife Focused Fund - Direct Plan - IDCW,148569
Mahindra Manulife Focused Fund - Regular Plan - Growth,148571
Mirae Asset Nifty 100 ESG Sector Leaders ETF,148572
Mirae Asset Nifty 100 ESG Sector Leaders Fund  of Fund Regular IDCW,148573
Mirae Asset Nifty 100 ESG Sector Leaders Fund of Fund Direct Growth,148574
Mirae Asset Nifty 100 ESG Sector Leaders Fund  of Fund Direct IDCW,148575
Mirae Asset Nifty 100 ESG Sector Leaders Fund of Fund Regular Growth,148576
Union Aggressive Hybrid Fund - Regular Plan - IDCW Option,148590
Union Aggressive Hybrid Fund - Regular Plan - Growth Option,148591
Union Aggressive Hybrid Fund - Direct Plan - Growth Option,148592
Union Aggressive Hybrid Fund - Direct Plan - IDCW Option,148593
DSP Value Fund - Regular Plan - Growth,148594
DSP Value Fund - Direct Plan - Growth,148595
DSP Value Fund - Direct Plan - IDCW,148596
DSP Value Fund - Regular Plan - IDCW,148597
ICICI Prudential Quant Fund Growth,148598
ICICI Prudential Quant Fund IDCW,148599
ICICI Prudential Quant Fund Direct Plan Growth,148600
ICICI Prudential Quant Fund Direct Plan IDCW,148601
Kotak ESG Exclusionary Strategy Fund - Regular Plan - Growth Option,148602
Kotak ESG Exclusionary Strategy Fund - Regular Plan - Payout of Income Distribution cum capital withdrawal option,148603
Kotak ESG Exclusionary Strategy Fund - Direct Plan - Payout of Income Distribution cum capital withdrawal option,148605
Kotak ESG Exclusionary Strategy Fund - Direct Plan - Growth Option,148606
HDFC Dividend Yield Fund - IDCW Option Direct Plan,148608
HDFC Dividend Yield Fund - Growth Option Direct Plan,148609
HDFC Dividend Yield Fund - Growth Plan,148610
HDFC Dividend Yield Fund - IDCW Plan,148611
Invesco India - Invesco Global Consumer Trends Fund of Fund - Regular Plan - IDCW (Payout / Reinvestment),148612
Invesco India - Invesco Global Consumer Trends Fund of Fund - Regular Plan - Growth,148613
Invesco India - Invesco Global Consumer Trends Fund of Fund - Direct Plan - Growth,148614
Invesco India - Invesco Global Consumer Trends Fund of Fund - Direct Plan - IDCW (Payout / Reinvestment),148615
UTI Small Cap Fund - Regular Plan - IDCW (Payout),148616
UTI Small Cap Fund - Regular Plan - Growth Option,148617
UTI Small Cap Fund - Direct Plan - Growth Option,148618
UTI Small Cap Fund - Direct Plan - IDCW (Payout),148619
Motilal Oswal Nifty 5 year Benchmark G-sec ETF,148620
Mirae Asset Banking and Financial Services Fund Regular Growth,148621
Mirae Asset Banking and Financial Services Fund Regular IDCW,148622
Mirae Asset Banking and Financial Services Fund Direct Growth,148623
Mirae Asset Banking and Financial Services Fund Direct  IDCW,148624
Axis Innovation Fund - Regular Plan - Growth Option,148631
Axis Innovation Fund - Direct Plan - IDCW,148632
Axis Innovation Fund - Regular Plan - IDCW,148633
Axis Innovation Fund - Direct Plan - Growth Option,148634
Aditya Birla Sun Life ESG Integration Strategy Fund-Regular Plan-Growth,148635
Aditya Birla Sun Life ESG Integration Strategy Fund-Regular - Payout of IDCW,148636
Aditya Birla Sun Life ESG Integration Strategy Fund-Direct Plan-Growth,148637
Aditya Birla Sun Life ESG Integration Strategy Fund-Direct - Payout of IDCW,148640
Nippon India Diversified Equity Flexicap Passive FoF - Regular Plan - Growth Option,148641
Nippon India Diversified Equity Flexicap Passive FoF - Direct Plan - Growth Option,148642
Nippon India Diversified Equity Flexicap Passive FoF - IDCW Option,148643
Nippon India Diversified Equity Flexicap Passive FoF- DIRECT Plan - IDCW Option,148644
Kotak International REIT Overseas Equity Omni FOF - Regular Plan - Growth,148645
Kotak International REIT Overseas Equity Omni FOF - Direct Plan - Growth,148646
Kotak International REIT Overseas Equity Omni FOF - Regular Plan - Payout of Income Distribution cum capital withdrawal option,148647
Kotak International REIT Overseas Equity Omni FOF - Direct Plan - Payout of Income Distribution cum capital withdrawal option,148649
ICICI Prudential Business Cycle Fund Direct Plan Growth,148651
ICICI Prudential Business Cycle Fund Direct Plan IDCW,148652
ICICI Prudential Business Cycle Fund Growth,148653
ICICI Prudential Business Cycle Fund IDCW,148654
PGIM India Balanced Advantage Fund - Regular Plan - Growth Option,148657
PGIM India Balanced Advantage Fund -  Direct Plan - Growth Option,148658
PGIM India Balanced Advantage Fund - Direct Plan - Dividend Option,148659
PGIM India Balanced Advantage Fund - Regular Plan - Dividend Option,148660
Kotak US Specific Equity Passive FOF - Regular Plan - Growth,148661
Kotak US Specific Equity Passive FOF- Direct Plan - Growth,148662
Nippon India Multi - Asset Omni FoF - Regular Plan - Growth Option,148663
Nippon India Multi - Asset Omni FoF - DIRECT Plan - IDCW Option,148664
Nippon India Multi - Asset Omni FoF - IDCW Option,148665
Nippon India Multi - Asset Omni FoF - Direct Plan - Growth Option,148666
SBI Retirement Benefit Fund - Aggressive Plan - Direct Plan - Growth,148683
SBI Retirement Benefit Fund - Aggressive Hybrid Plan - Regular Plan - Income Distribution cum Capital Withdrawal Option (IDCW),148684
SBI Retirement Benefit Fund - Aggressive Hybrid Plan - Direct Plan - Growth,148685
SBI Retirement Benefit Fund - Aggressive Hybrid Plan - Direct Plan - Income Distribution cum Capital Withdrawal Option (IDCW),148686
SBI Retirement Benefit Fund - Conservative Plan - Regular Plan - Income Distribution cum Capital Withdrawal Option (IDCW),148687
SBI Retirement Benefit Fund - Conservative Plan - Direct Plan - Growth,148688
SBI Retirement Benefit Fund - Conservative Plan - Direct Plan - Income Distribution cum Capital Withdrawal Option (IDCW),148689
SBI Retirement Benefit Fund - Conservative Hybrid Plan - Direct Plan - Growth,148690
SBI Retirement Benefit Fund - Aggressive Plan - Regular Plan - Income Distribution cum Capital Withdrawal Option (IDCW),148691
SBI Retirement Benefit Fund - Conservative Hybrid Plan - Regular Plan - Growth,148692
SBI Retirement Benefit Fund - Conservative Hybrid Plan - Direct Plan - Income Distribution cum Capital Withdrawal Option (IDCW),148693
SBI Retirement Benefit Fund - Aggressive Plan - Direct Plan - Income Distribution cum Capital Withdrawal Option (IDCW),148694
SBI Retirement Benefit Fund - Aggressive Hybrid Plan - Regular Plan - Growth,148695
SBI Retirement Benefit Fund - Conservative Plan - Regular Plan - Growth,148696
SBI Retirement Benefit Fund - Conservative Hybrid Plan - Regular Plan - Income Distribution cum Capital Withdrawal Option (IDCW),148697
SBI Retirement Benefit Fund - Aggressive Plan - Regular Plan - Growth,148698
Axis Greater China Equity Fund of Fund - Direct Plan - Growth Option,148699
Axis Greater China Equity Fund of Fund - Direct Plan - IDCW,148700
Axis Greater China Equity Fund of Fund - Regular Plan - Growth Option,148701
Axis Greater China Equity Fund of Fund - Regular Plan - IDCW,148702
UTI Nifty 200 Momentum 30 Index Fund - Direct Plan - Growth Option,148703
UTI Nifty 200 Momentum 30 Index Fund - Regular Plan - Growth Option,148704
BANDHAN FLOATER FUND  - REGULAR PLAN GROWTH,148705
BANDHAN FLOATER FUND  - REGULAR PLAN QUARTERLY IDCW,148706
BANDHAN FLOATER FUND  - REGULAR PLAN MONTHLY IDCW,148707
BANDHAN FLOATER FUND  - REGULAR PLAN WEEKLY IDCW,148708
BANDHAN FLOATER FUND  - REGULAR PLAN PERIODIC IDCW,148709
BANDHAN FLOATER FUND  - REGULAR PLAN DAILY IDCW,148710
BANDHAN FLOATER FUND  - DIRECT PLAN GROWTH,148711
BANDHAN FLOATER FUND  - DIRECT PLAN QUARTERLY IDCW,148712
BANDHAN FLOATER FUND  - DIRECT PLAN MONTHLY IDCW,148713
BANDHAN FLOATER FUND  - DIRECT PLAN DAILY IDCW,148714
BANDHAN FLOATER FUND  - DIRECT PLAN PERIODIC IDCW,148715
BANDHAN FLOATER FUND  - DIRECT PLAN WEEKLY IDCW,148716
BANDHAN FLOATER FUND- DIRECT PLAN ANNUAL IDCW,148717
BANDHAN FLOATER FUND  - REGULAR PLAN ANNUAL IDCW,148718
Nippon India Nifty 50 Value 20 Index Fund - Regular Plan - Growth Option,148719
NIPPON INDIA NIFTY 50 VALUE 20 INDEX FUND - IDCW Option,148720
Nippon India Nifty 50 Value 20 Index Fund - Direct Plan - Growth Option,148721
NIPPON INDIA NIFTY 50 VALUE 20 INDEX FUND - DIRECT Plan - IDCW Option,148722
Nippon India Nifty Midcap 150 Index Fund - Regular Plan - Growth Option,148723
NIPPON INDIA NIFTY MIDCAP 150 INDEX FUND - IDCW Option,148724
NIPPON INDIA NIFTY MIDCAP 150 INDEX FUND - DIRECT Plan - IDCW Option,148725
Nippon India Nifty Midcap 150 Index Fund - Direct Plan - Growth Option,148726
Mahindra Manulife Short Duration Fund - Regular Plan - Growth,148727
Mahindra Manulife Short Duration Fund - Regular Plan - IDCW,148728
Mahindra Manulife Short Duration Fund - Direct Plan -Growth,148729
Mahindra Manulife Short Duration Fund - Direct Plan - IDCW,148730
ITI Mid Cap Fund - Direct Plan - IDCW Option,148731
ITI Mid Cap Fund - Regular Plan - Growth Option,148732
ITI Mid Cap Fund - Direct Plan - Growth Option,148733
ITI Mid Cap Fund - Regular Plan - IDCW Option,148734
Kotak Nifty Next 50 Index Fund - Regular Plan - Growth Option,148743
Kotak Nifty Next 50 Index Fund - Regular Plan - Payout of Income Distribution cum capital withdrawal option,148744
Kotak Nifty Next 50 Index Fund - Direct Plan - Growth Option,148745
Kotak Nifty Next 50 Index Fund - Direct Plan -Payout of Income Distribution cum capital withdrawal option,148746
Motilal Oswal Asset Allocation FOF- A- Direct Growth,148747
Motilal Oswal Asset Allocation FOF- A- Regular Growth,148748
Motilal Oswal Asset Allocation FOF- C- Regular Growth,148749
Motilal Oswal Asset Allocation FOF- C- Direct Growth,148750
Invesco India ESG Integration Strategy Fund - Direct Plan - Growth,148751
Invesco India ESG Integration Strategy Fund - Direct Plan - IDCW (Payout / Reinvestment),148752
Invesco India ESG Integration Strategy Fund - Regular Plan - Growth,148753
Invesco India ESG Integration Strategy Fund - Regular Plan - IDCW (Payout / Reinvestment),148754
Mirae Asset Corporate Bond Fund Direct Growth Plan,148755
Mirae Asset Corporate Bond Fund Direct IDCW,148756
Mirae Asset Corporate Bond Fund Regular Growth,148757
Mirae Asset Corporate Bond Fund Regular IDCW,148758
SBI US Specific Equity Active FoF- Regular Plan - Income Distribution cum Capital Withdrawal Option (IDCW),148759
SBI US Specific Equity Active FoF - Direct Plan - Growth,148760
SBI US Specific Equity Active FoF- Direct Plan - Income Distribution cum Capital Withdrawal Option (IDCW),148761
SBI US Specific Equity Active FoF- Regular Plan - Growth,148762
Kotak Nifty IT ETF,148763
DSP Floater Fund - Regular Plan - Growth,148768
DSP Floater Fund - Direct Plan - IDCW,148769
DSP Floater Fund - Regular Plan - IDCW,148770
DSP Floater Fund - Direct Plan - Growth,148771
BANDHAN CRISIL IBX Gilt June 2027 Index Fund Regular Plan-Growth,148786
BANDHAN CRISIL IBX Gilt June 2027 Index Fund Regular Plan-IDCW,148787
BANDHAN CRISIL IBX Gilt June 2027 Index Fund Direct Plan-IDCW,148788
BANDHAN CRISIL IBX Gilt June 2027 Index Fund Direct Plan-Growth,148789
BANDHAN CRISIL IBX Gilt April 2028 Index Fund Regular Plan-Growth,148790
BANDHAN CRISIL IBX Gilt April 2028 Index Fund Direct Plan-IDCW,148791
BANDHAN CRISIL IBX Gilt April 2028 Index Fund Direct Plan-Growth,148792
BANDHAN CRISIL IBX Gilt April 2028 Index Fund Regular Plan-IDCW,148793
Edelweiss NIFTY PSU Bond Plus SDL Apr 2026 50: 50 Index Fund - Regular Plan - IDCW Option,148794
Edelweiss NIFTY PSU Bond Plus SDL Apr 2026 50:50 Index Fund - Direct Plan - Growth,148795
Edelweiss NIFTY PSU Bond Plus SDL Apr 2026 50:50 Index Fund - Direct Plan - IDCW Option,148796
Edelweiss NIFTY PSU Bond Plus SDL Apr 2026 50:50 Index Fund - Regular Plan - Growth,148797
Nippon India ETF Nifty SDL Apr 2026 Top 20 Equal Weight,148798
Axis IT ETF,148799
Nippon India ETF Nifty 5 yr Benchmark G-Sec,148800
Aditya Birla Sun Life Nifty Midcap 150 Index Fund-Regular Growth,148805
Aditya Birla Sun Life Nifty Midcap 150 Index Fund - Regular - Payout of IDCW,148806
Aditya Birla Sun Life Nifty Midcap 150 Index Fund-Direct Growth,148807
Aditya Birla Sun Life Nifty Midcap 150 Index Fund - Direct - Payout of IDCW,148809
Aditya Birla Sun Life Nifty Smallcap 50 Index Fund-Regular Growth,148811
Aditya Birla Sun Life Nifty Smallcap 50 Index Fund-Regular - Payout of IDCW,148812
Aditya Birla Sun Life Nifty Smallcap 50 Index Fund-Direct - Payout of IDCW,148814
Aditya Birla Sun Life Nifty Smallcap 50 Index Fund-Direct Growth,148815
ICICI Prudential Nifty 100 Low Volatility 30 ETF FOF - Growth,148821
ICICI Prudential Nifty 100 Low Volatility 30 ETF FOF - Direct Plan - Growth,148822
ICICI Prudential Nifty 100 Low Volatility 30 ETF FOF - Direct Plan - IDCW,148823
ICICI Prudential Nifty 100 Low Volatility 30 ETF FOF - IDCW,148824
TRUSTMF Liquid Fund-Regular Plan-Growth,148833
TRUSTMF Liquid Fund-Regular Plan-Daily Income Distribution cum Capital Withdrawal,148834
TRUSTMF Liquid Fund-Regular Plan-Weekly Income Distribution cum Capital Withdrawal,148836
TRUSTMF Liquid Fund-Direct Plan-Weekly Income Distribution cum Capital Withdrawal,148837
TRUSTMF Liquid Fund-Direct Plan-Monthly Income Distribution cum Capital Withdrawal,148839
TRUSTMF Liquid Fund-Direct Plan-Growth,148841
TRUSTMF Liquid Fund-Direct Plan-Daily Income Distribution cum Capital Withdrawal,148842
TRUSTMF Liquid Fund-Regular Plan-Monthly Income Distribution cum Capital Withdrawal,148843
Canara Robeco Focused Fund - Direct Plan - IDCW (Payout/Reinvestment),148882
Canara Robeco Focused Fund - Direct Plan - Growth Option,148883
Canara Robeco Focused Fund - Regular Plan - Growth Option,148884
Canara Robeco Focused Fund - Regular Plan - IDCW (Payout/Reinvestment),148885
HDFC Multi-Asset Active FOF - IDCW Option,148900
HDFC Multi-Asset Active FOF - Growth Option,148901
HDFC Multi-Asset Active FOF - IDCW Option - Direct Plan,148902
HDFC Multi-Asset Active FOF - Growth Option -Direct Plan,148903
ITI Ultra Short Duration Fund - Regular Plan - Growth Option,148906
ITI Ultra Short Duration Fund - Regular Plan - Weekly IDCW Option,148907
ITI Ultra Short Duration Fund - Direct Plan - Fortnightly IDCW Option,148908
ITI Ultra Short Duration Fund - Direct Plan - Annually IDCW Option,148909
ITI Ultra Short Duration Fund - Direct Plan - Daily IDCW,148910
ITI Ultra Short Duration Fund - Regular Plan - Fortnightly IDCW Option,148911
ITI Ultra Short Duration Fund - Regular Plan - Daily IDCW Option,148912
ITI Ultra Short Duration Fund - Direct Plan - Growth Option,148913
ITI Ultra Short Duration Fund - Regular Plan - Monthly IDCW Option,148914
ITI Ultra Short Duration Fund - Direct Plan - Weekly IDCW Option,148915
ITI Ultra Short Duration Fund - Direct Plan - Monthly IDCW Option,148916
ITI Ultra Short Duration Fund - Regular Plan - Annually IDCW Option,148917
Aditya Birla Sun Life Multi-Cap Fund-Regular Growth,148918
Aditya Birla Sun Life Multi-Cap Fund-Regular-IDCW Payout,148919
Aditya Birla Sun Life Multi-Cap Fund-Direct IDCW Payout,148920
Aditya Birla Sun Life Multi-Cap Fund-Direct Growth,148921
quant Quantamental Fund - IDCW Option - Regular Plan,148922
quant Quantamental Fund - Growth Option - Regular Plan,148923
quant Quantamental Fund - IDCW Option - Direct Plan,148924
quant Quantamental Fund - Growth Option - Direct Plan,148925
Axis Nifty AAA Bond Plus SDL Apr 2026 50:50 ETF,148926
Mirae Asset NYSE FANG + ETF,148927
Mirae Asset NYSE FANG + ETF Fund of Fund Direct Growth,148928
Mirae Asset NYSE FANG + ETF Fund of Fund Regular Growth,148929
Axis NIFTY Healthcare ETF,148934
SBI Nifty Next 50 Index Fund - Regular Plan - Growth,148943
SBI Nifty Next 50 Index Fund - Regular Plan - Income Distribution cum Capital Withdrawal Option (IDCW),148944
SBI Nifty Next 50 Index Fund - Direct Plan - Growth,148945
SBI Nifty Next 50 Index Fund - Direct Plan - Income Distribution cum Capital Withdrawal Option (IDCW),148946
Tata Dividend Yield Fund-Direct Plan-Growth,148947
Tata Dividend Yield Fund-Regular Plan-Growth,148948
Tata Dividend Yield Fund-Regular Plan-IDCW Reinvestment,148949
Tata Dividend Yield Fund-Regular Plan-IDCW Payout,148950
Tata Dividend Yield Fund-Direct Plan-IDCW Reinvestment,148951
Tata Dividend Yield Fund-Direct Plan-IDCW Payout,148952
Axis Global Innovation Fund of Fund - Regular Plan - Growth,148953
Axis Global Innovation Fund of Fund - Direct Plan - Growth,148954
Axis Global Innovation Fund of Fund - Direct Plan - IDCW,148955
Axis Global Innovation Fund of Fund - Regular Plan - IDCW,148956
ICICI Prudential Nifty Healthcare ETF,148957
Parag Parikh Conservative Hybrid Fund - Direct Plan - Growth,148958
Parag Parikh Conservative Hybrid Fund - Regular Plan - Growth,148959
Parag Parikh Conservative Hybrid Fund - Regular Plan - Monthly IDCW,148960
Parag Parikh Conservative Hybrid Fund - Direct Plan - Monthly IDCW,148961
Aditya Birla Sun Life Nifty 50 Equal Weight Index Fund-Direct Growth,148962
Aditya Birla Sun Life Nifty 50 Equal Weight Index Fund-Direct-IDCW,148963
Aditya Birla Sun Life Nifty 50 Equal Weight Index Fund-Regular IDCW,148964
Aditya Birla Sun Life Nifty 50 Equal Weight Index Fund-Regular Growth,148965
ITI Value Fund - Direct Plan - IDCW Option,148970
ITI Value Fund - Regular Plan - IDCW Option,148971
ITI Value Fund - Direct Plan - Growth Option,148972
ITI Value Fund - Regular Plan - Growth Option,148973
Kotak Nifty 50 Index Fund - Regular Plan-Growth,148974
Kotak Nifty 50 Index Fund - Direct Plan-IDCW Payout,148976
Kotak Nifty 50 Index Fund - Direct Plan-Growth,148978
Kotak Nifty 50 Index Fund - Regular Plan-IDCW Payout,148979
BANK OF INDIA Large Cap Fund Direct Plan Growth,148980
BANK OF INDIA Large Cap Fund Direct Plan IDCW,148981
BANK OF INDIA Large Cap Fund Regular Plan Growth,148982
BANK OF INDIA Large Cap Fund Regular Plan IDCW,148983
HDFC Banking & Financial Services Fund - IDCW Option,148984
HDFC Banking & Financial Services Fund - IDCW Option - Direct Plan,148985
HDFC Banking & Financial Services Fund - Growth Option - Direct Plan,148986
HDFC Banking & Financial Services Fund - Growth Option,148987
ICICI Prudential Flexicap Fund - IDCW,148988
ICICI Prudential Flexicap Fund - Growth,148989
ICICI Prudential Flexicap Fund - Direct Plan - Growth,148990
ICICI Prudential Flexicap Fund - Direct Plan - IDCW,148991
Axis Quant Fund - Regular Plan - Growth,148992
Axis Quant Fund - Direct Plan - Growth,148993
Axis Quant Fund - Direct Plan - IDCW,148994
Axis Quant Fund - Regular Plan - IDCW,148995
Tata Floating Rate Fund-Direct Plan-IDCW Monthly Payout,149000
Tata Floating Rate Fund-Direct Plan-IDCW Quarterly Payout,149001
Tata Floating Rate Fund-Direct Plan-IDCW Periodic Payout,149002
Tata Floating Rate Fund-Regular Plan-Growth,149003
Tata Floating Rate Fund-Regular Plan-IDCW Monthly Payout,149004
Tata Floating Rate Fund-Regular Plan-IDCW Quarterly Payout,149005
Tata Floating Rate Fund-Regular Plan-IDCW Periodic Payout,149006
Tata Floating Rate Fund -Direct Plan-Growth,149007
Nippon India Nifty Pharma ETF,149008
Invesco India Medium Duration Fund - Regular Plan - Quarterly IDCW (Payout / Reinvestment),149009
Invesco India Medium Duration Fund - Regular Plan - Discretionary IDCW(Payout / Reinvestment)),149010
Invesco India Medium Duration Fund - Direct Plan - Growth,149011
Invesco India Medium Duration Fund - Regular Plan - Growth,149012
Invesco India Medium Duration Fund - Direct Plan - Discretionary IDCW (Payout/Reinvestment),149013
Invesco India Medium Duration Fund - Direct Plan - Quarterly IDCW (Payout / Reinvestment)),149014
PGIM India Small Cap Fund - Direct Plan- Growth Option,149019
PGIM India Small Cap Fund - Regular Plan - Growth Option,149020
ITI Dynamic Bond Fund - Regular Plan - Growth Option,149021
ITI Dynamic Bond Fund - Regular Plan - Monthly IDCW Option,149022
ITI Dynamic Bond Fund - Direct Plan - Monthly IDCWOption,149023
ITI Dynamic Bond Fund - Regular Plan - Quarterly IDCW Option,149024
ITI Dynamic Bond Fund - Direct Plan - Quarterly IDCW Option,149025
ITI Dynamic Bond Fund - Regular Plan - Half Yearly IDCW Option,149026
ITI Dynamic Bond Fund - Regular Plan - Annually IDCWOption,149027
ITI Dynamic Bond Fund - Direct Plan - Half Yearly IDCW Option,149028
ITI Dynamic Bond Fund - Direct Plan - Growth Option,149029
ITI Dynamic Bond Fund - Direct Plan - Annually IDCW Option,149030
PGIM India Small Cap Fund - Direct Plan - IDCW Option,149031
PGIM India Small Cap Fund - Regular Plan - IDCW Option,149032
Tata Floating Rate Fund-Direct Plan-IDCW Periodic Dividend Reinvestment,149033
Tata Floating Rate Fund-Direct Plan-IDCW Quarterly Dividend Reinvestment,149034
Tata Floating Rate Fund-Regular Plan-IDCW Monthly Dividend Reinvestment,149035
Tata Floating Rate Fund-Regular Plan-IDCW Periodic Dividend Reinvestment,149036
Tata Floating Rate Fund-Direct Plan-IDCW Monthly Dividend Reinvestment,149037
Tata Floating Rate Fund-Regular Plan-IDCW Quarterly Dividend Reinvestment,149038
Navi Nifty 50 Index Fund-Direct Plan-Growth,149039
Navi Nifty 50 Index Fund-Regular Plan-Growth,149040
SBI Nifty Consumption ETF,149041
Axis Floater Fund - Regular Plan - Quarterly IDCW,149046
Axis Floater Fund - Regular Plan - Annual IDCW,149047
Axis Floater Fund - Regular Plan - Growth,149048
Axis Floater Fund - Direct Plan - Growth,149049
Axis Floater Fund - Direct Plan - Daily IDCW,149050
Axis Floater Fund - Direct Plan - Monthly IDCW,149051
Axis Floater Fund - Direct Plan - Quarterly IDCW,149052
Axis Floater Fund - Regular Plan - Monthly IDCW,149053
Axis Floater Fund - Regular Plan - Daily IDCW,149054
Axis Floater Fund - Direct Plan - Annual IDCW,149055
Kotak Global Innovation Overseas Equity Omni FOF - Regular Plan-Growth,149056
Kotak Global Innovation Overseas Equity Omni FOF - Regular Plan -IDCW Option,149058
Kotak Global Innovation Overseas Equity Omni FOF- Direct Plan -Growth,149059
Kotak Global Innovation Overseas Equity Omni FOF- Direct Plan - IDCW Option,149060
Tata Business Cycle Fund-Direct Plan-IDCW Payout,149066
Tata Business Cycle Fund-Direct Plan-IDCW Reinvestment,149067
Tata Business Cycle Fund-Regular Plan-Growth,149068
Tata Business Cycle Fund-Regular Plan-IDCW Reinvestment,149069
Tata Business Cycle Fund-Regular Plan-IDCW Payout,149070
Tata Business Cycle Fund-Direct Plan-Growth,149071
ICICI Prudential Nifty FMCG ETF,149072
TRUSTMF Short Duration Fund-Regular Plan-Growth,149073
TRUSTMF Short Duration Fund-Regular Plan-Weekly Income Distribution Cum Capital Withdrawal,149074
TRUSTMF Short Duration Fund-Regular Plan-Quarterly Income Distribution Cum Capital Withdrawal,149075
TRUSTMF Short Duration Fund-Direct Plan-Growth,149076
TRUSTMF Short Duration Fund-Direct Plan-Weekly Income Distribution Cum Capital Withdrawal,149077
TRUSTMF Short Duration Fund-Direct Plan-Monthly Income Distribution Cum Capital Withdrawal,149078
TRUSTMF Short Duration Fund-Direct Plan-Quarterly Income Distribution Cum Capital Withdrawal,149079
TRUSTMF Short Duration Fund-Regular Plan-Monthly Income Distribution Cum Capital Withdrawal,149080
Canara Robeco Value Fund - Direct Plan - Growth Option,149085
Canara Robeco Value Fund - Direct Plan - IDCW (Payout/Reinvestment),149086
Canara Robeco Value Fund - Regular Plan - IDCW (Payout/Reinvestment),149087
Canara Robeco Value Fund - Regular Plan - Growth Option,149088
Nippon India Flexi Cap Fund - Regular Plan - Growth Plan - Growth Option,149089
UTI Focused Fund - Regular Plan - Growth Option,149090
UTI Focused Fund - Direct Plan - Growth Option,149091
UTI Focused Fund - Regular Plan - IDCW Payout Option,149092
UTI Focused Fund - Direct Plan - IDCW Payout Option,149093
Nippon India Flexi Cap Fund - Direct Plan - Growth Plan - Growth Option,149094
Nippon India Flexi Cap Fund - Direct Plan - IDCW Option,149095
Nippon India Flexi Cap Fund - Regular Plan - IDCW Option,149096
Bandhan US specific Equity Active FOF - IDCW - REGULAR PLAN,149097
Bandhan US specific Equity Active FOF - GROWTH - DIRECT PLAN,149098
Bandhan US specific Equity Active FOF - IDCW - DIRECT PLAN,149099
Bandhan US specific Equity Active FOF - GROWTH - REGULAR PLAN,149100
Mahindra Manulife Flexi Cap Fund - Regular Plan -Growth,149101
Mahindra Manulife Flexi Cap Fund - Regular Plan -IDCW,149102
Mahindra Manulife Flexi Cap Fund - Direct Plan -IDCW,149103
Mahindra Manulife Flexi Cap Fund - Direct Plan -Growth,149104
Mirae Asset Nifty Financial Services ETF,149105
HDFC NIFTY50 Equal weight Index Fund - Growth Option,149106
HDFC NIFTY50 Equal weight Index Fund - Direct Plan - Growth Option,149107
Mirae Asset Money Market Fund Direct Growth,149112
Mirae Asset Money Market Fund Direct IDCW,149113
Mirae Asset Money Market Fund Regular IDCW,149114
Mirae Asset Money Market Fund Regular Growth,149115
Union Money Market Fund - Regular Plan -  Growth Option,149116
Union Money Market Fund - Direct Plan -  Growth Option,149117
Union Money Market Fund - Regular Plan - Daily IDCW Option,149118
Union Money Market Fund - Direct Plan - Daily IDCW Option,149119
Union Money Market Fund - Regular Plan -  Weekly IDCW Option,149120
Union Money Market Fund - Direct Plan -  Weekly IDCW Option,149121
Union Money Market Fund - Regular Plan -  Monthly IDCW Option,149122
Union Money Market Fund - Direct Plan -  Monthly IDCW Option,149123
SBI Balanced Advantage Fund - Regular Plan - Growth,149132
SBI Balanced Advantage Fund - Regular Plan - Income Distribution cum Capital Withdrawal Option (IDCW),149133
SBI Balanced Advantage Fund - Direct Plan - Growth,149134
SBI Balanced Advantage Fund - Direct Plan - Income Distribution cum Capital Withdrawal Option (IDCW),149135
Baroda BNP Paribas Business Cycle Fund - Regular Plan - Growth,149140
Baroda BNP Paribas Business Cycle Fund - Direct Plan - Growth,149141
Baroda BNP Paribas Business Cycle Fund - Regular Plan - IDCW Option,149142
Baroda BNP Paribas Business Cycle Fund - Direct Plan - IDCW Option,149143
Axis NIFTY India Consumption ETF,149156
ICICI Prudential Nifty Alpha Low - Volatility 30 ETF FOF - Growth,149157
ICICI Prudential Nifty Alpha Low - Volatility 30 ETF FOF - Direct Plan - Growth,149158
ICICI Prudential Nifty Alpha Low - Volatility 30 ETF FOF - IDCW,149159
ICICI Prudential Nifty Alpha Low - Volatility 30 ETF FOF - Direct Plan - IDCW,149160
Axis Value Fund - Regular Plan - IDCW,149165
Axis Value Fund - Direct Plan - Growth,149166
Axis Value Fund - Regular Plan - Growth,149167
Axis Value Fund - Direct Plan - IDCW,149168
Mirae Asset S&P 500 Top 50 ETF,149169
Mirae Asset S&P 500 Top 50 ETF Fund of Fund Direct Growth,149170
Mirae Asset S&P 500 Top 50 ETF Fund of Fund Regular Growth,149171
HDFC Developed World Overseas Equity Passive FOF - Direct Plan - Growth Option,149180
HDFC Developed World Overseas Equity Passive FOF - Growth Option,149181
Kotak Multicap Fund-Regular Plan-Growth,149182
Kotak Multicap Fund- Regular Plan -IDCW Option,149183
Kotak Multicap Fund-Direct Plan-Growth,149185
Kotak Multicap Fund-Direct Plan-IDCW Option,149187
Aditya Birla Sun Life Nifty SDL Plus PSU Bond SEP 2026 60:40 Index Fund-Regular Growth,149198
Aditya Birla Sun Life Nifty SDL Plus PSU Bond SEP 2026 60:40 Index Fund-Direct Growth,149199
Aditya Birla Sun Life Nifty SDL Plus PSU Bond SEP 2026 60:40 Index Fund-Direct IDCW,149200
Aditya Birla Sun Life Nifty SDL Plus PSU Bond SEP 2026 60:40 Index Fund-Regular IDCW,149201
ICICI Prudential Nifty PSU Bond Plus SDL Sep 2027 40:60 Index Fund - Growth,149208
ICICI Prudential Nifty PSU Bond Plus SDL Sep 2027 40:60 Index Fund - Direct Plan Growth,149210
ICICI Prudential NASDAQ 100 Index Fund - Growth,149218
ICICI Prudential NASDAQ 100 Index Fund - Direct Plan - Growth,149219
ICICI Prudential NASDAQ 100 Index Fund - IDCW,149220
ICICI Prudential NASDAQ 100 Index Fund - Direct Plan - IDCW,149221
ICICI Prudential Nifty PSU Bond Plus SDL Sep 2027 40:60 Index Fund - Weekly - IDCW,149222
ICICI Prudential Nifty PSU Bond Plus SDL Sep 2027 40:60 Index Fund - Quarterly - IDCW,149223
ICICI Prudential Nifty PSU Bond Plus SDL Sep 2027 40:60 Index Fund - Annual - IDCW,149224
ICICI Prudential Nifty PSU Bond Plus SDL Sep 2027 40:60 Index Fund - Direct Plan Weekly - IDCW,149225
ICICI Prudential Nifty PSU Bond Plus SDL Sep 2027 40:60 Index Fund - Direct Plan Quarterly - IDCW,149226
ICICI Prudential Nifty PSU Bond Plus SDL Sep 2027 40:60 Index Fund - Direct Plan Annual - IDCW,149227
Mahindra Manulife Asia Pacific REITs FOF - Regular Plan - Growth,149228
Mahindra Manulife Asia Pacific REITs FOF - Regular Plan - IDCW,149229
Mahindra Manulife Asia Pacific REITs FOF - Direct Plan - Growth,149230
Mahindra Manulife Asia Pacific REITs FOF - Direct Plan - IDCW,149231
Motilal Oswal 5 Year G-Sec Fund Of Fund Direct -Growth,149240
Motilal Oswal 5 Year G-Sec Fund Of Fund Regular -Growth,149241
Axis Nifty AAA Bond Plus SDL Apr 2026 50:50 ETF FOF - Regular Plan - Growth Option,149242
Axis Nifty AAA Bond Plus SDL Apr 2026 50:50 ETF FOF - Direct Plan - Growth Option,149243
Axis Nifty AAA Bond Plus SDL April 2026 50:50 ETF FOF - Direct Plan - IDCW Option,149244
Axis Nifty AAA Bond Plus SDL Apr 2026 50:50 ETF FOF - Regular Plan - IDCW Option,149245
Edelweiss NIFTY PSU Bond Plus SDL Apr 2027 50:50 Index Fund - Direct Plan - IDCW,149246
Edelweiss NIFTY PSU Bond Plus SDL Apr 2027 50:50 Index Fund - Direct Plan Growth,149247
Edelweiss NIFTY PSU Bond Plus SDL Apr 2027 50:50 Index Fund - Regular Plan - IDCW,149248
Edelweiss NIFTY PSU Bond Plus SDL Apr 2027 50:50 Index Fund - Regular Plan - Growth,149249
Edelweiss Nifty 50 Index Fund Direct Plan Growth,149250
Edelweiss Nifty 50 Index Fund Direct Plan IDCW,149251
Edelweiss Nifty 50 Index Fund Regular Plan Growth,149252
Edelweiss Nifty 50 Index Fund Regular Plan IDCW,149253
Edelweiss Nifty 100 Quality 30 Index Fund Direct Plan Growth,149254
Edelweiss Nifty 100 Quality 30 Index Fund Direct Plan IDCW,149255
Edelweiss Nifty 100 Quality 30 Index Fund Regular Plan Growth,149256
Edelweiss Nifty 100 Quality 30 Index Fund Regular Plan IDCW,149257
LIC MF Balanced Advantage Fund-Regular Plan-IDCW,149258
LIC MF Balanced Advantage Fund-Regular Plan-Growth,149259
LIC MF Balanced Advantage Fund-Direct Plan-IDCW,149260
LIC MF Balanced Advantage Fund-Direct Plan-Growth,149261
Aditya Birla Sun Life Nifty Healthcare ETF,149262
NJ Balanced Advantage Fund - Regular Plan - IDCW Payout Option,149263
NJ Balanced Advantage Fund - Direct Plan - Growth Option,149264
NJ Balanced Advantage Fund - Direct Plan - IDCW Payout Option,149265
NJ Balanced Advantage Fund - Regular Plan - Growth Option,149266
ITI Pharma and Healthcare Fund - Direct Plan - Growth Option,149268
ITI Pharma and Healthcare Fund - Regular Plan - IDCW Option,149269
ITI Pharma and Healthcare Fund - Regular Plan - Growth Option,149270
ITI Pharma and Healthcare Fund - Direct Plan - IDCW Option,149271
ICICI Prudential Nifty Smallcap 250 Index Fund - Growth,149281
ICICI Prudential Nifty Smallcap 250 Index Fund - IDCW,149282
ICICI Prudential Nifty Smallcap 250 Index Fund - Direct Plan - Growth,149283
ICICI Prudential Nifty Smallcap 250 Index Fund - Direct Plan - IDCW,149284
ICICI Prudential Nifty India Consumption ETF,149285
DSP Nifty 50 Equal Weight ETF,149286
HDFC NIFTY Next 50 Index Fund - Growth Option,149287
HDFC NIFTY Next 50 Index Fund - Direct Plan - Growth Option,149288
Aditya Birla Sun Life US Equity Passive FOF-Direct IDCW,149289
Aditya Birla Sun Life US Equity Passive FOF-Regular Growth,149290
Aditya Birla Sun Life US Equity Passive FOF-Direct-Growth,149291
Aditya Birla Sun Life US Equity Passive FOF-Regular IDCW,149292
Aditya Birla Sun Life Nifty IT ETF,149293
Aditya Birla Sun Life Business Cycle Fund-Regular IDCW Payout,149294
Aditya Birla Sun Life Business Cycle Fund-Direct Growth,149295
Aditya Birla Sun Life Business Cycle Fund-Regular-Growth,149296
Aditya Birla Sun Life Business Cycle Fund-Direct IDCW Payout,149297
PGIM India Global Select Real Estate Securities Fund of Fund - Direct Plan - Growth Option,149298
PGIM India Global Select Real Estate Securities Fund of Fund - Regular Plan - Growth Option,149299
PGIM India Global Select Real Estate Securities Fund of Fund - Direct Plan - IDCW Option,149300
PGIM India Global Select Real Estate Securities Fund of Fund - Regular Plan - IDCW Option,149301
BANDHAN MULTI CAP FUND - IDCW - REGULAR PLAN,149302
BANDHAN MULTI CAP FUND - GROWTH - DIRECT PLAN,149303
BANDHAN MULTI CAP FUND - IDCW - DIRECT PLAN,149304
BANDHAN MULTI CAP FUND - GROWTH - REGULAR PLAN,149305
Unclaimed Redemption - Upto 3 years (Invested in DSP Overnight Fund),149310
Unclaimed Redemption - Beyond 3 years (Invested in DSP Overnight Fund),149311
Unclaimed IDCW - Upto 3 years (Invested in DSP Overnight Fund),149312
Unclaimed IDCW - Beyond 3 years (Invested in DSP Overnight Fund),149313
360 ONE QUANT FUND REGULAR INCOME DISTRIBUTION CUM CAPITAL WITHDRAWAL,149316
360 ONE QUANT FUND REGULAR GROWTH,149317
360 ONE QUANT FUND DIRECT GROWTH,149318
360 ONE QUANT FUND DIRECT INCOME DISTRIBUTION CUM CAPITAL WITHDRAWAL,149319
ITI Banking and Financial Services Fund - Direct Plan - Growth Option,149321
ITI Banking and Financial Services Fund - Direct Plan - IDCW Option,149322
ITI Banking and Financial Services Fund - Regular Plan - IDCW Option,149323
ITI Banking and Financial Services Fund -Regular Plan - Growth Option,149324
Nippon India Taiwan Equity Fund- Regular Plan- IDCW option,149325
Nippon India Taiwan Equity Fund- Direct Plan- IDCW option,149327
Nippon India Taiwan Equity fund- Regular Plan- Growth Option,149328
Nippon India Taiwan Equity Fund- Direct Plan- Growth Option,149329
ICICI Prudential BSE 500 ETF FOF - Direct Plan - Growth,149331
ICICI Prudential BSE 500 ETF FOF - IDCW,149332
ICICI Prudential BSE 500 ETF FOF - Direct Plan - IDCW,149333
ICICI Prudential BSE 500 ETF FOF - Growth,149334
Quant Value Fund - Growth Option  - Direct Plan,149335
Quant Value Fund - IDCW Option- Regular Plan,149336
Quant Value Fund - Growth Option - Regular Plan,149337
Quant Value Fund - IDCW Option - Direct Plan,149338
Edelweiss NIFTY Large Midcap 250 Index Fund - Direct Plan Payout,149339
Edelweiss NIFTY Large Midcap 250 Index Fund - Regular Plan Growth,149341
Edelweiss NIFTY Large Midcap 250 Index Fund - Regular Plan Payout,149342
Edelweiss NIFTY Large Midcap 250 Index Fund - Direct Plan Growth,149343
Tata Corporate Bond Fund-Regular Plan-Growth,149351
Tata Corporate Bond Fund-Regular Plan-IDCW Periodic Reinvestment,149352
Tata Corporate Bond Fund-Regular Plan-IDCW Monthly Payout,149353
Tata Corporate Bond Fund-Regular Plan-IDCW Quarterly Payout,149354
Tata Corporate Bond Fund-Direct Plan-IDCW Periodic Payout,149355
Tata Corporate Bond Fund-Direct Plan-IDCW Periodic Reinvestment,149356
Tata Corporate Bond Fund-Direct Plan-IDCW Monthly Reinvestment,149357
Tata Corporate Bond Fund-Direct Plan-IDCW Quarterly Reinvestment,149358
Tata Corporate Bond Fund-Regular Plan-IDCW Quarterly Reinvestment,149359
Tata Corporate Bond Fund-Regular Plan-IDCW Periodic Payout,149360
Tata Corporate Bond Fund-Direct Plan-Growth,149361
Tata Corporate Bond Fund-Direct Plan-IDCW Quarterly Payout,149362
Tata Corporate Bond Fund-Regular Plan-IDCW Monthly Reinvestment,149363
Tata Corporate Bond Fund-Direct Plan-IDCW Monthly Payout,149364
HDFC Multi Cap Fund - IDCW Option,149365
HDFC Multi Cap Fund - Growth Option,149366
HDFC Multi Cap Fund - IDCW Option - Direct Plan,149367
HDFC Multi Cap Fund - Growth Option - Direct Plan,149368
Axis Nifty 50 Index Fund - Regular Plan - Growth Option,149371
Axis Nifty 50 Index Fund - Regular Plan - IDCW,149372
Axis Nifty 50 Index Fund - Direct Plan - Growth,149373
Axis Nifty 50 Index Fund - Direct Plan - IDCW,149374
Mirae Asset Hang Seng TECH ETF,149379
Mirae Asset Hang Seng TECH ETF Fund of Fund Regular Plan - Growth Option,149380
Mirae AssetHang Seng TECH ETF Fund of Fund Direct Plan - Growth Option,149381
Axis Multicap Fund - Regular Plan - Growth,149382
Axis Multicap Fund - Direct Growth,149383
Axis Multicap Fund - Direct Plan - IDCW,149384
Axis Multicap Fund - Regular Plan - IDCW,149387
ICICI Prudential Nifty Midcap 150 Index Fund - IDCW,149388
ICICI Prudential Nifty Midcap 150 Index Fund - Direct Plan - Growth,149389
ICICI Prudential Nifty Midcap 150 Index Fund - Growth,149390
ICICI Prudential Nifty Midcap 150 Index Fund - Direct Plan - IDCW,149391
DSP Nifty 50 ETF,149392
Groww Overnight Fund (formerly known as Indiabulls Overnight Fund)- Unclaimed Dividend > 3 Years,149393
Groww Overnight Fund (formerly known as Indiabulls Overnight Fund)- Unclaimed Dividend < 3 years,149394
Groww Overnight Fund (formerly known as Indiabulls Overnight Fund)- Unclaimed Redemption > 3 Years,149395
Groww Overnight Fund (formerly known as Indiabulls Overnight Fund)- Unclaimed Redemption < 3 Years,149396
Kotak Nifty Alpha 50 ETF,149397
BHARAT Bond ETF - April 2032,149398
BHARAT Bond ETF FOF - April 2032 Regular Plan Growth,149399
BHARAT Bond ETF FOF - April 2032 Regular Plan Dividend,149400
BHARAT Bond ETF FOF - April 2032 Direct Growth,149401
BHARAT Bond ETF FOF - April 2032 Direct Plan Dividend,149402
DSP Nifty Midcap 150 Quality 50 ETF,149403
Mahindra Manulife Balanced Advantage Fund - Regular Plan - Growth,149404
Mahindra Manulife Balanced Advantage Fund - Regular Plan - IDCW,149405
Mahindra Manulife Balanced Advantage Fund - Direct Plan - Growth,149406
Mahindra Manulife Balanced Advantage Fund - Direct Plan - IDCW,149407
ICICI Prudential Overnight fund - Direct Plan - Unclaimed IDCW Transitory Scheme,149408
ICICI Prudential Overnight fund - Direct Plan - Unclaimed Redemption Stable Scheme,149409
ICICI Prudential Overnight fund - Direct Plan - Unclaimed Redemption Transitory Scheme,149410
ICICI Prudential Overnight fund - Direct Plan - Unclaimed IDCW Stable Scheme,149411
BANK OF INDIA Overnight Fund Unclaimed IDCW Plan - Greater than 3 Years,149412
BANK OF INDIA Overnight Fund Unclaimed Redemption Plan - Upto 3 Years,149413
BANK OF INDIA Overnight Fund Unclaimed IDCW Plan - Up to 3 Years,149414
BANK OF INDIA Overnight Fund Unclaimed Redemption Plan - Greater than 3 Years,149415
Motilal Oswal Nasdaq Q50 ETF,149438
ICICI Prudential Passive Multi-Asset Fund of Funds - Growth,149439
ICICI Prudential Passive Multi-Asset Fund of Funds - IDCW,149440
ICICI Prudential Passive Multi-Asset Fund of Funds - Direct Plan - Growth,149441
ICICI Prudential Passive Multi-Asset Fund of Funds - Direct Plan - IDCW,149442
Franklin India Overnight Fund- Unclaimed IDCW Plan,149443
Franklin India Overnight Fund- Unclaimed Redemption Investor EducationPlan,149444
Franklin India Overnight Fund- Unclaimed IDCW Investor Education Plan,149445
Franklin India Overnight Fund- Unclaimed Redemption Plan,149446
Navi Nifty Next 50 Index Fund- Direct Plan- Growth,149447
Navi Nifty Next 50 Index Fund- Regular Plan- Growth,149448
Samco Flexi Cap Fund - Regular Plan - Growth Option,149449
Samco Flexi Cap Fund - Direct Plan - Growth Option,149450
Union Overnight Fund - Unclaimed Amounts Plan - IDCW Beyond 3 years,149451
Union Overnight Fund - Unclaimed Amounts Plan - IDCW Upto 3 years,149452
Union Overnight Fund - Unclaimed Amounts Plan - Redemption Beyond 3 years,149453
Union Overnight Fund - Unclaimed Amounts Plan - Redemption Upto 3 years,149454
ICICI Prudential Strategic Metal and Energy Equity Fund of Fund - Direct Plan Growth,149455
ICICI Prudential Strategic Metal and Energy Equity Fund of Fund - Growth,149456
ICICI Prudential Strategic Metal and Energy Equity Fund of Fund - IDCW,149457
ICICI Prudential Strategic Metal and Energy Equity Fund of Fund - Direct Plan IDCW,149458
ICICI Prudential Nifty Auto ETF,149463
ICICI PRUDENTIAL SILVER ETF,149464
Nippon India Nifty Auto ETF,149465
Axis Nifty Next 50 Index Fund - Direct Plan - Growth,149466
Axis Nifty Next 50 Index Fund - Regular Plan - Growth,149467
Axis Nifty Next 50 Index Fund - Regular Plan - IDCW,149468
Axis Nifty Next 50 Index Fund - Direct Plan - IDCW,149469
Mahindra Manulife Overnight Fund - Unclaimed Redemption/IDCW upto 3 years,149470
Mahindra Manulife Overnight Fund - Unclaimed Redemption/IDCW beyond 3 years,149471
SBI CPSE Bond Plus SDL Sep 2026 50:50 Index Fund - Regular Plan - Growth,149472
SBI CPSE Bond Plus SDL Sep 2026 50:50 Index Fund - Regular Plan - Income Distribution cum Capital Withdrawal Option (IDCW),149473
SBI CPSE Bond Plus SDL Sep 2026 50:50 Index Fund - Direct Plan - Growth,149474
SBI CPSE Bond Plus SDL Sep 2026 50:50 Index Fund - Direct Plan - Income Distribution cum Capital Withdrawal Option (IDCW),149475
Edelweiss Overnight Fund - Unclaimed IDCW Plan - Above 3 years,149476
Edelweiss Overnight Fund - Unclaimed IDCW Plan - Upto 3 years,149477
Edelweiss Overnight Fund - Unclaimed Redemption Plan - Upto 3 years,149478
Edelweiss Overnight Fund - Unclaimed Redemption Plan - Above 3 years,149479
Sundaram Nifty 100 Equal Weight Fund (Formerly Known as Principal Nifty 100 Equal Weight Fund-Income Distribution CUM Capital Withdrawal,149480
Sundaram Nifty 100 Equal Weight Fund (Formerly Known as Principal Nifty 100 Equal Weight Fund)-Growth,149481
Sundaram Nifty 100 Equal Weight Fund (Formerly Known as Principal Nifty 100 Equal Weight Fund)- Direct Plan - Income Distribution CUM Capital Withdrawal Option,149482
Sundaram Nifty 100 Equal Weight Fund (Formerly Known as Principal Nifty 100 Equal Weight Fund) - Direct Plan - Growth Option,149483
Sundaram Low Duration Fund (Formerly Known as Principal Low Duration Fund)- Growth Option,149519
Sundaram Low Duration Fund (Formerly Known as Principal Low Duration Fund) - Weekly Income Distribution CUM Capital Withdrawal Option,149520
Sundaram Low Duration Fund (Formerly Known as Principal Low Duration Fund)- Income Distribution CUM Capital Withdrawal Option (IDCW),149521
Sundaram Low Duration Fund (Formerly Known as Principal Low Duration Fund) -Daily Income Distribution CUM Capital Withdrawal Option,149522
Sundaram Low Duration Fund (Formerly Known as Principal Low Duration Fund) - Direct Plan - Daily Income Distribution CUM Capital Withdrawal Option,149523
Sundaram Low Duration Fund (Formerly Known as Principal Low Duration Fund) - Direct Plan - Weekly Income Distribution CUM Capital Withdrawal Option,149524
Sundaram Low Duration Fund (Formerly Known as Principal Low Duration Fund) - Direct Plan - Income Distribution CUM Capital Withdrawal Option (IDCW),149525
Sundaram Low Duration Fund (Formerly Known as Principal Low Duration Fund) - Direct Plan - Growth Option,149526
Sundaram Focused Fund (Formerly Known as Principal Focused Multicap Fund)- Income Distribution CUM Capital Withdrawal Option (IDCW),149531
Sundaram Focused Fund (Formerly Known as Principal Focused Multicap Fund)-Growth Option,149532
Sundaram Focused Fund (Formerly Known as Principal Focused Multicap Fund)- Direct Plan - Growth Option,149533
Sundaram Focused Fund (Formerly Known as Principal Focused Multicap Fund)- Direct Plan - Income Distribution CUM Capital Withdrawal Option (IDCW),149534
Sundaram Ultra Short Duration Fund (Formerly Known as Principal Ultra Short Term Fund)-Growth Option,149535
Sundaram Ultra Short Duration Fund (Formerly Known as Principal Ultra Short Term Fund)-Daily Income Distribution CUM Capital Withdrawal Option,149536
Sundaram Ultra Short Duration Fund (Formerly Known as Principal Ultra Short Term Fund) - Income Distribution CUM Capital Withdrawal Option (IDCW),149537
Sundaram Ultra Short Duration Fund (Formerly Known as Principal Ultra Short Term Fund)-Weekly Income Distribution CUM Capital Withdrawal Option,149538
Sundaram Ultra Short Duration Fund (Formerly Known as Principal Ultra Short Term Fund)- Direct Plan -Growth Option,149539
Sundaram Ultra Short Duration Fund (Formerly Known as Principal Ultra Short Term Fund)- Direct Plan Income Distribution CUM Capital Withdrawal Option (IDCW),149540
Sundaram Arbitrage Fund( Formerly Known as Principal Arbitrage Fund) - Direct Plan- Monthly Income Distribution CUM Capital Withdrawal,149549
Sundaram Arbitrage Fund (Formerly Known as Prinicpal Arbitrage Fund) - Direct Plan - Growth,149550
Sundaram Arbitrage Fund (Formerly Known as Principal Arbitrage Fund)- Regular Plan - Monthly Income Distribution CUM Capital Withdrawal,149551
Sundaram Arbitrage Fund (Formerly Know as Principal Arbitrage Fund) - Regular Plan - Growth,149552
Sundaram ELSS Tax Saver Fund Regular Growth,149569
Sundaram ELSS Tax Saver Fund Direct Plan Growth,149570
Sundaram ELSS Tax Saver Fund Direct Plan - Income Distribution CUM Capital Withdrawal Option (IDCW),149571
Sundaram ELSS Tax Saver Fund Regular Plan - Income Distribution CUM Capital Withdrawal Option (IDCW),149572
Sundaram Short Duration Fund (Formerly Known as Principal Short Term Debt Fund)- Growth Plan,149585
Sundaram Short Duration Fund (Formerly Known as Principal Short Term Debt Fund)- Income Distribution CUM Capital Withdrawal Option (IDCW),149586
Sundaram Short Duration Fund (Formerly Known as Principal Short Term Debt Fund)- Direct Plan - Growth Option,149587
Sundaram Short Duration Fund (Formerly Known as Principal Short Term Debt Fund) - Direct Plan - Income Distribution CUM Capital Withdrawal Plan (IDCW),149588
Sundaram Aggressive Hybrid Fund (Formerly Known as Principal Hybrid Equity Fund)-Growth,149599
Sundaram Aggressive Hybrid Fund (Formerly Known as Principal Hybrid Equity Fund)- Monthly Income Distribution CUM Capital Withdrawal,149600
Sundaram Aggressive Hybrid Fund (Formerly Known as Principal Hybrid Equity Fund)- Direct Plan - Growth Option,149601
Sundaram Aggressive Hybrid Fund(Formerly Known as Principal Hybrid Equity Fund)-Direct Plan - Monthly Income Distribution CUM Capital Withdrawal Option,149602
Sundaram Liquid Fund (Formerly Known as Principal Cash Management Fund) - Daily Income Distribution CUM Capital Withdrawal,149658
Sundaram Liquid Fund (Formerly Principal Cash Management Fund) - Weekly Income Distribution CUM Capital Withdrawal Option,149659
Sundaram Liquid Fund (Formerly Known as Principal Cash Management Fund) - Regular Plan IDCW,149660
Sundaram Liquid Fund (Formerly Known as Principal Cash Management Fund) -Growth Option,149661
Sundaram Liquid Fund (Formerly Known as Principal Cash Management Fund) -Direct Plan - IDCW,149662
Sundaram Liquid Fund (Formerly Known as Principal Cash Management Fund )- Direct Plan - Income Distribution CUM Capital Withdrawal Option - Daily,149663
Sundaram Liquid Fund (Formerly Known as Principal Cash Management Fund) - Direct Plan - Growth Option,149664
Sundaram Liquid Fund(Formerly Known as Principal Cash Management Fund)- Direct Plan - Income Distribution CUM Capital Withdrawal Option - Weekly,149665
Sundaram Multi Cap Fund (Formerly Known as Principal Multi Cap Growth Fund)- Income Distribution CUM Capital Withdrawal Option (IDCW),149666
Sundaram Multi Cap Fund (Formerly Known as Principal Multi Cap Growth Fund)-Growth Option,149667
Sundaram Multi Cap Fund (Formerly Known as Principal Multi Cap Growth Fund) - Direct Plan - Income Distribution CUM Capital Withdrawal Option (IDCW),149668
Sundaram Multi Cap Fund (Formerly Known as Principal Multi Cap Growth Fund)-Direct Plan - Growth Option,149669
Sundaram Equity Savings Fund (Formerly Known as Principal Equity Savings Fund) - Growth Option,149674
Sundaram Equity Savings Fund (Formerly Known as Principal Equity Savings Fund)- Income Distribution CUM Capital Withdrawal (IDCW),149675
Sundaram Equity Savings Fund (Formerly Known as Principal Equity Savings Fund) - Income Distribution CUM Capital Withdrawal (IDCW),149676
Sundaram Equity Savings Fund (Formerly Known as  Principal Equity Savings Fund) - Direct Plan - Income Distribution CUM Capital Withdrawal Option (IDCW),149677
Sundaram Equity Savings Fund (Formerly Known as Principal Equity Savings Fund)- Direct Plan - Income Distribution CUM Capital Withdrawal Option (IDCW),149678
Sundaram Equity Savings Fund (Formerly Known as Principal Equity Savings Fund) - Direct Plan - Growth Option,149679
Sundaram Dividend Yield Fund (Formerly Known as Principal Dividend Yield Fund)-Growth Plan,149697
Sundaram Dividend Yield Fund (Formerly Known as Principal Dividend Yield Fund)- Income Distribution CUM Capital Withdrawal Plan,149698
Sundaram Dividend Yield Fund (Formerly Known as Principal Dividend Yield Fund)- Direct Plan - Income Distribution CUM Capital Withdrawal Option,149699
Sundaram Dividend Yield Fund (Formerly Known as Principal Dividend Yield Fund) - Direct Plan - Growth Option,149700
Sundaram Balanced Advantage Fund (Formerly Known as Principal Balanced Advantage Fund) - Growth Option,149715
Sundaram Balanced Advantage Fund (Formerly Known as Principal Balanced Advantage Fund) - Monthly Income Distribution CUM Capital Withdrawal Option,149716
Sundaram Balanced Advantage Fund ( Formerly Known as Principal Balanced Advantage Fund) - Direct Plan - Growth Option,149717
Sundaram Balanced Advantage Fund (Formerly Known as Principal Balanced Advantage Fund) - Direct Plan - Monthly Income Distribution CUM Capital Withdrawal Option,149718
Sundaram Ultra Short Duration Fund (Formerly Known as Principal Ultra Short Term Fund)- Direct Plan IDCW Weekly,149719
Sundaram Ultra Short Duration Fund (Formerly Known as Principal Ultra Short Term Fund) Direct Plan Fortnightly IDCW,149720
Sundaram Ultra Short Duration Fund (Formerly Known as Principal Ultra Short Term Fund) Direct Plan IDCW Daily,149721
Sundaram Ultra Short Duration Fund (Formerly Known as Prinicpal Ultra Short Term Fund) Regular Plan Fortnightly IDCW,149722
Sundaram Ultra Short Duration Fund (Formerly Known as Prinicpal Ultra Short Term Fund) Regular Plan -IDCW,149723
Sundaram Ultra Short Duration Fund (Formerly Known as Principal Ultra Short Term Fund) Direct Plan -IDCW,149724
Sundaram Short Duration Fund (Formerly Known as Principal Short Term Debt Fund) Direct Plan IDCW,149726
Sundaram Short Duration Fund (Formerly Known as Principal Short Term Debt Fund) Direct Plan Fortnightly IDCW,149727
Sundaram Short Duration Fund (Formerly Known as Principal Short Term Debt Fund) - Direct Plan - IDCW,149728
Sundaram Short Duration Fund (Formerly Known as Principal Short Term Debt Fund) Direct Weekly IDCW,149729
Sundaram Short Duration Fund (Formerly Known as Principal Short Term Debt Fund) Regular - IDCW,149730
Sundaram Short Duration Fund (Formerly Known as Principal Short Term Debt Fund) - Regular - IDCW,149731
Sundaram Short Duration Fund (Formerly Known as Principal Short Term Debt Fund) Regular Weekly IDCW,149732
Sundaram Short Duration Fund (Formerly Known as Principal Short Term Debt Fund) Direct Plan - IDCW,149733
Sundaram Short Duration Fund (Formerly Known as Principal Short Term Debt Fund) Regular Fortnightly IDCW,149734
Sundaram Short Duration Fund (Formerly Known as Principal Short Term Debt Fund) Regular Plan IDCW,149735
Sundaram Short Duration Fund (Formerly Known as Principal Short Term Debt Fund) Regular Principal Units,149736
Sundaram Liquid Fund (Formerly Known as Principal Cash Management Fund) Direct Principal Units,149737
Sundaram Liquid Fund (Formerly Known as Principal Cash Management Fund) Direct Fortnightly IDCW,149738
Sundaram Liquid Fund (Formerly Known as Principal Cash Management Fund) Regular Fortnightly IDCW,149739
Sundaram Liquid Fund (Formerly Known as Principal Cash Management Fund) Regular IDCW,149740
Sundaram Liquid Fund (Formerly Known as  Principal Cash Management Fund) Regular Plan Principal Units,149742
Sundaram  Liquid Fund (Formerly Known as Principal Cash Management Fund) Direct IDCW,149744
Sundaram Liquid Fund (Formerly Known as Principal Cash Management Fund) Unclaimed Redemption More 3 Years,149745
Sundaram Low Duration Fund (Formerly Know as Principal Low Duation Fund) Regular Principal Units,149747
Sundaram Low Duration Fund (Formerly Known as Principal Low Duration Fund) Direct Fortnightly IDCW,149748
Sundaram Low Duration Fund(Formerly Known as Principal Low Duration Fund) Direct Plan - IDCW,149750
Sundaram Low Duration Fund (Formerly Known as Principal Low Duration Fund) Regular Fortnightly IDCW,149751
Sundaram Low Duration Fund (Formerly Known as Principal Low Duration Fund) Regular Plan IDCW,149752
Kotak Nifty Midcap 50 ETF,149757
Nippon India Silver ETF,149758
Nippon India Silver ETF FOF-Regular Plan- Growth Option,149759
Nippon India Silver ETF FOF- Direct Plan-Growth Option,149760
Nippon India Silver ETF FOF- Regular Plan-IDCW Option,149761
Nippon India Silver ETF FOF- Direct Plan-IDCW Option,149762
Invesco India Flexi Cap Fund - Direct Plan - Growth,149763
Invesco India Flexi Cap Fund - Regular Plan - IDCW,149764
Invesco India Flexi Cap Fund - Direct Plan - IDCW,149765
Invesco India Flexi Cap Fund - Regular Plan - Growth,149766
ICICI Prudential Silver ETF FOF - Direct Plan - Growth,149775
ICICI Prudential Silver ETF FOF - Direct Plan - IDCW,149776
ICICI Prudential Silver ETF FOF - Growth,149777
ICICI Prudential Silver ETF FOF - IDCW,149778
Aditya Birla Sun Life Silver ETF,149779
Aditya Birla Sun Life Silver ETF FOF-Direct Growth,149780
Aditya Birla Sun Life Silver ETF FOF-Direct IDCW,149781
Aditya Birla Sun Life Silver ETF FOF-Regular Growth,149783
Aditya Birla Sun Life Silver ETF FOF-Regular IDCW,149784
Mirae Asset Nifty India Manufacturing ETF,149786
Mirae Asset Nifty India Manufacturing ETF FOF - Direct Plan- IDCW,149787
Mirae Asset Nifty India Manufacturing ETF FOF - Regular Plan - Growth,149788
Mirae Asset Nifty India Manufacturing ETF FOF - Regular Plan - IDCW,149789
Mirae Asset Nifty India Manufacturing ETF FOF - Direct Plan - Growth,149790
Aditya Birla Sun Life Nifty SDL Apr 2027 Index Fund-Regular-IDCW Payout,149791
Aditya Birla Sun Life Nifty SDL Apr 2027 Index Fund-Regular Growth,149792
Aditya Birla Sun Life Nifty SDL Apr 2027 Index Fund-Direct IDCW Payout,149793
Aditya Birla Sun Life Nifty SDL Apr 2027 Index Fund-Direct Growth,149794
TRUST MF OVERNIGHT FUND-REGULAR-GROWTH,149795
TRUST MF OVERNIGHT FUND-DIRECT PLAN-DAILY IDCW REINVESTMENT,149796
TRUST MF OVERNIGHT FUND-DIRECT PLAN-GROWTH,149797
TRUST MF OVERNIGHT FUND-REGULAR PLAN-DAILY IDCW REINVESTMENT,149798
Motilal Oswal Nifty 200 Momentum 30 Index Fund-Regular Plan,149799
Motilal Oswal Nifty 200 Momentum 30 Index Fund-Direct Plan,149800
Motilal Oswal Nifty 200 Momentum 30 ETF,149801
UTI BSE Sensex Index Fund - Regular Plan  -Growth Option,149802
UTI BSE Sensex Index Fund - Direct Plan - Growth Option,149803
Navi Nifty Bank Index Fund- Direct Plan- Growth,149804
Navi Nifty Bank Index Fund- Regular Plan- Growth,149805
DSP Global Innovation Overseas Equity Omni FoF - Regular - IDCW,149814
DSP Global Innovation Overseas Equity Omni FoF - Direct - IDCW,149815
DSP Global Innovation Overseas Equity Omni FoF - Direct - Growth,149816
DSP Global Innovation Overseas Equity Omni FoF - Regular - Growth,149817
JM Overnight Fund - (Direct) - Unclaimed Redemption I.E.F. - Growth Plan,149826
JM Overnight Fund - (Direct) - Unclaimed IDCW I.E.F. - Growth Plan,149827
JM Overnight Fund - (Direct) - Unclaimed IDCW - Growth Plan,149828
JM Overnight Fund - (Direct) - Unclaimed Redemption - Growth Plan,149829
Navi Total Stock Market US Specific Equity Passive FoF- Direct Plan- Growth,149830
Navi Total Stock Market US Specific Equity Passive FoF- Regular Plan- Growth,149831
BANDHAN NIFTY 100 INDEX FUND - DIRECT PLAN - GROWTH,149832
BANDHAN NIFTY 100 INDEX FUND - REGULAR PLAN - GROWTH,149833
BANDHAN NIFTY 100 INDEX FUND - REGULAR PLAN - IDCW,149834
BANDHAN NIFTY 100 INDEX FUND - DIRECT PLAN - IDCW,149835
Aditya Birla Sun Life Nifty Next 50 Index Fund-Regular IDCW,149836
Aditya Birla Sun Life Nifty Next 50 Index Fund-Regular Growth,149837
Aditya Birla Sun Life Nifty Next 50 Index Fund-Direct Growth,149838
Aditya Birla Sun Life Nifty Next 50 Index Fund-Direct IDCW,149839
Kotak Manufacture in India Fund - Regular Plan Growth,149840
Kotak Manufacture in India Fund - Direct Plan Growth,149841
Kotak Manufacture in India Fund - Direct Plan IDCW Option,149842
Kotak Manufacture in India Fund - Regular Plan IDCW Option,149843
Axis Multi Factor Passive FoF - Regular Plan - Growth Option,149844
Axis Multi Factor Passive FoF - Regular Plan - IDCW,149845
Axis Multi Factor Passive FoF - Direct Plan - IDCW,149846
Axis Multi Factor Passive FoF - Direct Plan - Growth Option,149847
Kotak Nifty SDL Apr  2027 Top 12 Equal Weight Index Fund-Regular Plan- Growth,149852
Kotak Nifty SDL Apr  2027 Top 12 Equal Weight Index Fund-Regular Plan-IDCW Option,149853
Kotak Nifty SDL Apr 2027 Top 12 Equal Weight Index Fund-Direct Plan-IDCW Option,149854
Kotak Nifty SDL Apr  2027 Top 12 Equal Weight Index Fund-Direct Plan-Growth,149855
ICICI Prudential Nifty Bank Index Fund - Direct Plan Growth,149858
ICICI Prudential Nifty Bank Index Fund - Growth,149859
ICICI Prudential Nifty Bank Index Fund - IDCW,149860
ICICI Prudential Nifty Bank Index Fund - Direct Plan IDCW,149861
Kotak Nifty SDL Apr 2032 Top 12 Equal Weight Index Fund-Regular Plan-Growth,149862
Kotak Nifty SDL Apr 2032 Top 12 Equal Weight Index Fund-Direct Plan-IDCW Option,149864
Kotak Nifty SDL Apr 2032 Top 12 Equal Weight Index Fund-Direct Plan- Growth,149865
Kotak Nifty SDL Apr 2032 Top 12 Equal Weight Index Fund-Regular Plan-IDCW Option,149866
HDFC NIFTY 100 Index Fund - Direct Plan - Growth Option,149868
HDFC NIFTY 100 Index Fund - Growth Option,149869
HDFC Nifty 100 Equal Weight Index Fund - Direct Plan - Growth Option,149870
HDFC Nifty 100 Equal Weight Index Fund - Growth Option,149871
Axis CRISIL IBX SDL May 2027 Index Fund - Regular Plan - Growth,149872
Axis CRISIL IBX SDL May 2027 Index Fund - Direct Plan - Growth,149873
Axis CRISIL IBX SDL May 2027 Index Fund - Direct Plan - IDCW,149874
Axis CRISIL IBX SDL May 2027 Index Fund - Regular Plan - IDCW,149875
UTI BSE Low Volatility Index Fund - Regular Plan - Growth Option,149880
UTI BSE Low Volatility Index Fund - Direct Plan  - Growth Option,149881
SBI Multicap Fund- Direct Plan- Growth option,149882
SBI Multicap Fund- Regular Plan- Income Distribution cum Capital Withdrawal Option (IDCW),149883
SBI Multicap Fund- Regular Plan- Growth Option,149886
SBI Multicap Fund- Direct Plan - Income Distribution cum Capital Withdrawal Option (IDCW),149887
Navi Nifty Midcap 150 Index Fund Direct Plan- Growth,149892
Navi Nifty Midcap 150 Index Fund Regular Plan- Growth,149893
Axis Nifty Smallcap 50 Index Fund - Direct Plan - Growth Option,149894
Axis Nifty Smallcap 50 Index Fund - Direct Plan - IDCW,149895
Axis Nifty Smallcap 50 Index Fund - Regular Plan - Growth Option,149896
Axis Nifty Smallcap 50 Index Fund - Regular Plan - IDCW,149897
Navi NASDAQ100 US Specific Equity Passive FOF- Direct- Growth,149910
Navi NASDAQ100 US Specific Equity Passive FOF- Regular- Growth,149911
Mirae Asset Nifty Midcap 150 ETF,149918
Motilal Oswal BSE Low Volatility Index Fund-Direct plan,149919
Motilal Oswal BSE Low Volatility Index Fund-Regular plan,149920
Motilal Oswal BSE Low Volatility ETF,149921
ICICI Prudential Nifty 5 yr Benchmark G-SEC ETF,149928
Axis Nifty Midcap 50 Index Fund - Direct Plan - IDCW Option,149935
Axis Nifty Midcap 50 Index Fund - Direct Plan - Growth Option,149936
Axis Nifty Midcap 50 Index Fund - Regular Plan - IDCW Option,149937
Axis Nifty Midcap 50 Index Fund - Regular Plan - Growth Option,149938
Edelweiss CRISIL PSU Plus SDL 50:50 Oct 2025 Index Fund - Direct Plan - IDCW Payout,149945
Edelweiss CRISIL PSU Plus SDL 50:50 Oct 2025 Index Fund - Regular Plan - IDCW Payout,149947
Edelweiss CRISIL PSU Plus SDL 50:50 Oct 2025 Index Fund - Regular Plan Growth,149949
Edelweiss CRISIL PSU Plus SDL 50:50 Oct 2025 Index Fund - Direct Plan Growth,149950
Tata Nifty India Digital Exchange Traded Fund,149959
Invesco India - Invesco EQQQ Nasdaq-100 ETF Fund of Fund - Regular Plan - Growth,149960
Invesco India - Invesco EQQQ Nasdaq-100 ETF Fund of Fund - Direct Plan - Growth,149961
HSBC CRISIL IBX 50:50 Gilt Plus SDL Apr 2028 Index Fund - Direct - Payout of IDCW,149962
HSBC CRISIL IBX 50:50 Gilt Plus SDL Apr 2028 Index Fund - Regular - Growth,149963
HSBC CRISIL IBX 50:50 Gilt Plus SDL Apr 2028 Index Fund - Regular - payout of IDCW,149964
HSBC CRISIL IBX 50:50 Gilt Plus SDL Apr 2028 Index Fund - Direct - Growth,149966
DSP Nifty SDL Plus G-Sec Jun 2028 30:70 Index Fund - Regular - Growth,149968
DSP Nifty SDL Plus G-Sec Jun 2028 30:70 Index Fund - Regular - IDCW,149969
DSP Nifty SDL Plus G-Sec Jun 2028 30:70 Index Fund - Direct - Growth,149970
DSP Nifty SDL Plus G-Sec Jun 2028 30:70 Index Fund - Direct - IDCW,149971
Baroda BNP Paribas Overnight Fund - Plan C - Unclaimed IDCW - Greater than 3 years,149988
Baroda BNP Paribas Overnight Fund - Plan C - Unclaimed Redemption - Up to 3 years,149989
Baroda BNP Paribas Overnight Fund - Plan C - Unclaimed Redemption - Greater than 3 years,149990
Baroda BNP Paribas Overnight Fund - Plan C - Unclaimed IDCW - Up to 3 years,149991
ICICI Prudential Nifty SDL Sep 2027 Index Fund - Annual IDCW,149996
ICICI Prudential Nifty SDL Sep 2027 Index Fund - Direct Plan - Annual IDCW,149997
ICICI Prudential Nifty SDL Sep 2027 Index Fund - Growth,149998
ICICI Prudential Nifty SDL Sep 2027 Index Fund - Direct Plan - Growth,149999
Kotak Nifty 100 Low Volatility 30 ETF,150000
Nippon India Nifty AAA CPSE Bond Plus SDL - Apr 2027 Maturity 60:40 Index Fund - Direct Plan - IDCW Option,150008
Nippon India Nifty AAA CPSE Bond Plus SDL - Apr 2027 Maturity 60:40 Index Fund - Regular Plan - IDCW Option,150009
Nippon India Nifty AAA CPSE Bond Plus SDL - Apr 2027 Maturity 60:40 Index Fund - Regular Plan - Growth Option,150011
Nippon India Nifty AAA CPSE Bond Plus SDL - Apr 2027 Maturity 60:40 Index Fund - Direct Plan - Growth Option,150012
BARODA BNP PARIBAS ELSS Tax Saver Fund - Regular - Growth Option,150156
BARODA BNP PARIBAS ELSS Tax Saver Fund- Regular - IDCW Option,150157
BARODA BNP PARIBAS ELSS Tax Saver Fund - Direct Plan - IDCW Option,150158
BARODA BNP PARIBAS ELSS Tax Saver Fund - Direct Plan - Growth Option,150159
BARODA BNP PARIBAS LOW DURATION Fund-Defunct Plan-Growth Option,150160
BARODA BNP PARIBAS LOW DURATION Fund-Defunct Plan-Weekly IDCW Option,150161
BARODA BNP PARIBAS LOW DURATION Fund-Defunct Plan-Monthly IDCW Option,150162
BARODA BNP PARIBAS LOW DURATION Fund-Defunct Plan- Daily IDCW Option,150163
BARODA BNP PARIBAS LOW DURATION FUND - Regular Plan - DAILY IDCW OPTION,150164
BARODA BNP PARIBAS LOW DURATION FUND - Regular Plan - GROWTH OPTION,150165
BARODA BNP PARIBAS LOW DURATION FUND - Regular Plan - WEEKLY IDCW OPTION,150166
BARODA BNP PARIBAS LOW DURATION FUND - Regular Plan - MONTHLY IDCW OPTION,150167
BARODA BNP PARIBAS LOW DURATION Fund - Direct Plan - Daily IDCW Option,150168
BARODA BNP PARIBAS LOW DURATION Fund - Direct Plan - Growth Option,150169
BARODA BNP PARIBAS LOW DURATION Fund - Direct Plan - Monthly IDCW Option,150170
BARODA BNP PARIBAS LOW DURATION Fund - Direct Plan - Weekly IDCW Option,150171
Baroda BNP Paribas Dynamic Bond Fund-Defunct Plan - Growth Option,150172
Baroda BNP Paribas Dynamic Bond Fund - Regular Plan - Growth Option,150173
Baroda BNP Paribas Dynamic Bond Fund - Regular Plan - Daily IDCW Option,150174
Baroda BNP Paribas Dynamic Bond Fund - Regular Plan - Weekly IDCW Option,150175
Baroda BNP Paribas Dynamic Bond Fund - Regular Plan - Monthly IDCW Option,150176
Baroda BNP Paribas Dynamic Bond Fund - Regular Plan - Quarterly IDCW Option,150177
Baroda BNP Paribas Dynamic Bond Fund - Regular Plan - Half Yearly IDCW Option,150178
Baroda BNP Paribas Dynamic Bond Fund - Direct Plan - Daily IDCW Option,150179
Baroda BNP Paribas Dynamic Bond Fund - Direct Plan - Growth Option,150180
Baroda BNP Paribas Dynamic Bond Fund - Direct Plan - Half Yearly IDCW Option,150181
Baroda BNP Paribas Dynamic Bond Fund - Direct Plan - Monthly IDCW Option,150182
Baroda BNP Paribas Dynamic Bond Fund - Direct Plan - Quarterly IDCW Option,150183
Baroda BNP Paribas Dynamic Bond Fund - Direct Plan - Weekly IDCW Option,150184
BARODA BNP PARIBAS LARGE CAP Fund- Regular Plan - Growth Option,150185
BARODA BNP PARIBAS LARGE CAP Fund - Regular Plan - IDCW Option,150186
BARODA BNP PARIBAS LARGE CAP Fund - Direct Plan - Growth Option,150187
BARODA BNP PARIBAS LARGE CAP Fund - Direct Plan - IDCW Option,150188
BARODA BNP PARIBAS Conservative Hybrid Fund-Regular Plan-Growth Option,150203
BARODA BNP PARIBAS Conservative hybrid Fund-Regular Plan-Monthly IDCW Option,150204
BARODA BNP PARIBAS Conservative Hybrid Fund-Regular Plan-Quarterly IDCW Option,150205
BARODA BNP PARIBAS Conservative Hybrid Fund - Direct Plan - Growth Option,150206
BARODA BNP PARIBAS Conservative Hybrid Fund - Direct Plan - Monthly IDCW Option,150207
BARODA BNP PARIBAS Conservative Hybrid Fund - Direct Plan - Quarterly IDCW Option,150208
BARODA BNP PARIBAS Mid Cap Fund - Regular Plan - Growth Option,150209
BARODA BNP PARIBAS Mid Cap Fund - Regular Plan - IDCW Option,150210
BARODA BNP PARIBAS Mid Cap Fund - Direct Plan - IDCW Option,150211
BARODA BNP PARIBAS Mid Cap Fund - Direct Plan - Growth Option,150212
BARODA BNP PARIBAS Corporate Bond Fund - Defunct Plan - Quarterly-IDCW Option,150228
BARODA BNP PARIBAS Corporate Bond Fund - Defunct Plan - Growth Option,150229
BARODA BNP PARIBAS Corporate Bond Fund - Defunct Plan - Annual-IDCW Option,150230
BARODA BNP PARIBAS Corporate Bond Fund - Defunct Plan - Monthly-IDCW Option,150231
BARODA BNP PARIBAS CORPORATE BOND FUND - Regular Plan - QUARTERLY IDCW OPTION,150232
BARODA BNP PARIBAS CORPORATE BOND FUND - Regular Plan - ANNUAL IDCW OPTION,150233
BARODA BNP PARIBAS CORPORATE BOND FUND - Regular Plan - MONTHLY IDCW OPTION,150234
BARODA BNP PARIBAS CORPORATE BOND FUND - Regular Plan - GROWTH OPTION,150235
BARODA BNP PARIBAS Corporate Bond Fund - Direct Plan - Annual IDCW Option,150236
BARODA BNP PARIBAS Corporate Bond Fund - Direct Plan - Growth Option,150237
BARODA BNP PARIBAS Corporate Bond Fund - Direct Plan - Monthly IDCW Option,150238
BARODA BNP PARIBAS Corporate Bond Fund - Direct Plan - Quarterly IDCW Option,150239
BARODA BNP PARIBAS ARBITRAGE FUND- REGULAR PLAN- GROWTH OPTION,150250
BARODA BNP PARIBAS ARBITRAGE FUND-DIRECT PLAN-GROWTH OPTION,150251
BARODA BNP PARIBAS ARBITRAGE FUND -DIRECT PLAN - ADHOC IDCW OPTION,150252
BARODA BNP PARIBAS ARBITRAGE FUND-REGULAR PLAN- ADHOC IDCW OPTION,150253
BARODA BNP PARIBAS ARBITRAGE FUND REGULAR PLAN MONTHLY IDCW Option,150254
BARODA BNP PARIBAS ARBITRAGE FUND DIRECT PLAN MONTHLY IDCW Option,150255
BARODA BNP PARIBAS ARBITRAGE FUND DIRECT PLAN QUARTERLY IDCW Option,150256
BARODA BNP PARIBAS ARBITRAGE FUND REGULAR PLAN QUARTERLY IDCW Option,150257
Baroda BNP Paribas Aggressive Hybrid Fund- REGULAT PLAN -GROWTH OPTION,150258
Baroda BNP Paribas Aggressive Hybrid Fund -DIRECT PLAN- IDCW OPTION,150259
Baroda BNP Paribas Aggressive Hybrid Fund- DIRECT PLAN - GROWTH OPTION,150260
Baroda BNP Paribas Aggressive Hybrid Fund- REGULAR PLAN- IDCW OPTION,150261
BARODA BNP PARIBAS Focused Fund - Regular Plan - IDCW Option,150262
BARODA BNP PARIBAS Focused Fund - Regular Plan-Growth Option,150263
BARODA BNP PARIBAS Focused Fund - Direct Plan - Growth Option,150264
BARODA BNP PARIBAS Focused Fund - Direct Plan - IDCW Option,150265
BARODA BNP PARIBAS India Consumption Fund - Direct Plan - Growth Option,150266
BARODA BNP PARIBAS India Consumption Fund - Regular Plan - IDCW Option,150267
BARODA BNP PARIBAS India Consumption Fund - Regular Plan - Growth Option,150268
BARODA BNP PARIBAS India Consumption Fund - Direct Plan - IDCW Option,150269
Baroda BNP Paribas Aqua Fund of Fund - Regular Plan Growth,150284
Baroda BNP Paribas Aqua Fund of Fund - Direct Plan - Growth Option,150285
Baroda BNP Paribas Aqua Fund of Fund - Regular Plan - IDCW Option,150286
Baroda BNP Paribas Aqua Fund of Fund - Direct Plan - IDCW Option,150287
ICICI PRUDENTIAL HOUSING OPPORTUNITIES FUND - Growth,150308
ICICI PRUDENTIAL HOUSING OPPORTUNITIES FUND - IDCW,150309
ICICI PRUDENTIAL HOUSING OPPORTUNITIES FUND - Direct Plan Growth,150310
ICICI PRUDENTIAL HOUSING OPPORTUNITIES FUND - Direct Plan IDCW,150311
UTI Nifty Midcap 150 Quality 50 Index Fund - Regular Plan - Growth Option,150312
UTI Nifty Midcap 150 Quality 50 Index Fund - Direct Plan - Growth Option,150313
Tata Nifty SDL Plus AAA PSU Bond Dec 6040 Index Fund- Direct Plan-Growth,150326
Tata Nifty SDL Plus AAA PSU Bond Dec 6040 Index Fund-Direct Plan-IDCW Payout,150327
Tata Nifty SDL Plus AAA PSU Bond Dec 6040 Index Fund-Direct Plan- IDCW Reinvestment,150328
Tata Nifty SDL Plus AAA PSU Bond Dec 6040 Index Fund-Regular Plan- IDCW Reinvestment,150329
Tata Nifty SDL Plus AAA PSU Bond Dec 6040 Index Fund-Regular Plan -Growth,150330
Tata Nifty SDL Plus AAA PSU Bond Dec 6040 Index Fund -Regular Plan-IDCW Payout,150331
Tata Nifty India Digital ETF Fund of Fund-Direct Plan-IDCW Payout,150340
Tata Nifty India Digital ETF Fund of Fund-Direct Plan- IDCW Reinvestment,150341
Tata Nifty India Digital ETF Fund of Fund-Regular Plan-IDCW Payout,150342
Tata Nifty India Digital ETF Fund of Fund-Regular Plan-IDCW Reinvestment,150343
Tata Nifty India Digital ETF Fund of Fund-Direct Plan-Growth,150344
Tata Nifty India Digital ETF Fund of Fund -Regular Plan-Growth,150345
WhiteOak Capital Flexi Cap Fund Direct Plan-Growth,150346
WhiteOak Capital Flexi Cap Fund Regular Plan-Growth,150347
WhiteOak Capital Flexi Cap Fund Regular Plan IDCW,150348
WhiteOak Capital Flexi Cap Fund Direct Plan IDCW,150349
Aditya Birla Sun Life Crisil IBX 60:40 SDL+AAA PSU-Apr 2027 Index Fund-Regular IDCW,150350
Aditya Birla Sun Life Crisil IBX 60:40 SDL+AAA PSU-Apr 2027 Index Fund-Regular Growth,150351
Aditya Birla Sun Life Crisil IBX 60:40 SDL+AAA PSU-Apr 2027 Index Fund-Direct IDCW,150352
Aditya Birla Sun Life Crisil IBX 60:40 SDL+AAA PSU-Apr 2027 Index Fund-Direct Growth,150353
Mirae Asset Nifty SDL Jun 2027 Index Fund -Direct Plan - Growth,150358
Mirae Asset Nifty SDL Jun 2027 Index Fund - Direct Plan - IDCW,150359
Mirae Asset Nifty SDL Jun 2027 Index Fund - Regular Plan - Growth,150360
Mirae Asset Nifty SDL Jun 2027 Index Fund - Regular Plan - IDCW,150361
NJ Arbitrage Fund - Regular Plan - Growth Option,150366
NJ Arbitrage Fund - Direct Plan - Growth Option,150367
NJ Overnight Fund - Regular Plan - Growth Option,150368
NJ Overnight Fund - Direct Plan - Growth Option,150369
Edelweiss Focused Fund - Direct Plan - Growth,150376
Edelweiss Focused Fund - Regular Plan - Growth,150382
Edelweiss Focused Fund - Direct Plan - IDCW,150383
Edelweiss Focused Fund - Regular Plan - IDCW,150384
Baroda BNP Paribas Flexi Cap Fund - Regular Plan - Growth Option,150385
Baroda BNP Paribas Flexi Cap Fund - Regular Plan - IDCW Option,150386
Baroda BNP Paribas Flexi Cap Fund - Direct Plan - Growth Option,150387
Baroda BNP Paribas Flexi Cap Fund - Direct Plan - IDCW Option,150388
Quantum Nifty 50 ETF Fund of Fund - Regular Plan - Growth,150389
Quantum Nifty 50 ETF Fund of Fund - Direct Plan - Growth,150390
LIC MF Money Market Fund-Direct Plan-IDCW,150391
LIC MF Money Market Fund-Direct Plan-Growth,150392
LIC MF Money Market Fund-Regular Plan-Growth,150393
LIC MF Money Market Fund-Regular Plan-IDCW,150394
BANDHAN MIDCAP FUND - IDCW - DIRECT PLAN,150401
BANDHAN MIDCAP FUND - GROWTH - REGULAR PLAN,150402
BANDHAN MIDCAP FUND - IDCW - REGULAR PLAN,150403
BANDHAN MIDCAP FUND - GROWTH - DIRECT PLAN,150404
Union Gilt Fund - Regular Plan - Growth Option,150405
Union Gilt Fund - Regular Plan - Annual IDCW Option,150406
Union Gilt Fund - Direct Plan - Growth Option,150407
Union Gilt Fund - Direct Plan - Annual IDCW Option,150408
UTI Gilt Fund with 10 year Constant Duration - Regular Plan - Growth Option,150409
UTI Gilt Fund with 10 year Constant Duration - Direct Plan - Growth Option,150410
UTI Gilt Fund with 10 year Constant Duration - Regular Plan - Quarterly IDCW Option,150411
UTI Gilt Fund with 10 year Constant Duration - Direct Plan - Quarterly IDCW Option,150412
UTI Gilt Fund with 10 year Constant Duration - Direct Plan - Half Yearly IDCW Option,150415
UTI Gilt Fund with 10 year Constant Duration - Regular Plan - Half Yearly IDCW Option,150416
UTI Gilt Fund with 10 year Constant Duration - Regular Plan - Annual IDCW Option,150419
UTI Gilt Fund with 10 year Constant Duration - Regular Plan - Flexi IDCW Option,150420
UTI Gilt Fund with 10 year Constant Duration - Direct Plan - Annual IDCW Option,150423
UTI Gilt Fund with 10 year Constant Duration - Direct Plan - Flexi IDCW Option,150424
DSP Nifty Midcap 150 Quality 50 Index Fund - Regular - Growth,150427
DSP Nifty Midcap 150 Quality 50 Index Fund - Direct - Growth,150428
DSP Nifty Midcap 150 Quality 50 Index Fund - Direct - IDCW,150429
DSP Nifty Midcap 150 Quality 50 Index Fund - Regular - IDCW,150430
quant Large Cap Fund - IDCW Option - Direct Plan,150439
quant Large Cap Fund - Growth Option - Direct Plan,150440
quant Large Cap Fund - Growth Option - Regular Plan,150441
quant Large Cap Fund - IDCW Option - Regular Plan,150442
Motilal Oswal BSE Financials ex Bank 30 Index Fund Direct Growth,150443
Motilal Oswal BSE Financials ex Bank 30 Index Fund Regular Growth,150444
Motilal Oswal BSE Healthcare ETF,150445
ICICI Prudential Nifty 200 Momentum 30 Index Fund - IDCW,150451
ICICI Prudential Nifty 200 Momentum 30 Index Fund - Direct Plan - Growth,150452
ICICI Prudential Nifty 200 Momentum 30 Index Fund - Direct Plan - IDCW,150453
ICICI Prudential Nifty 200 Momentum 30 Index Fund - Growth,150454
ICICI Prudential Nifty 200 Momentum 30 ETF,150455
Union Gilt Fund - Direct Plan - Half-yearly IDCW Option,150456
Union Gilt Fund - Regular Plan - Half-yearly IDCW Option,150457
ICICI Prudential Nifty IT Index Fund - Growth,150466
ICICI Prudential Nifty IT Index Fund - IDCW,150467
ICICI Prudential Nifty IT Index Fund - Direct Plan - Growth,150468
ICICI Prudential Nifty IT Index Fund - Direct Plan - IDCW,150469
Mirae Asset Balanced Advantage Fund Direct Plan- Growth,150470
Mirae Asset Balanced Advantage Fund Direct Plan- IDCW,150471
Mirae Asset Balanced Advantage Fund Regular Plan- Growth,150473
Mirae Asset Balanced Advantage Fund Regular Plan IDCW,150474
HDFC NIFTY 100 ETF - Growth Option,150476
HDFC NIFTY NEXT 50 ETF - Growth Option,150477
Franklin India Balanced Advantage Fund- IDCW,150478
Franklin India Balanced Advantage Fund- IDCW- Direct,150479
Franklin India Balanced Advantage Fund- Growth,150480
Franklin India Balanced Advantage Fund- Growth- Direct,150481
Aditya Birla Sun Life Long Duration Fund-Regular Growth,150482
Aditya Birla Sun Life Long Duration Fund-Regular IDCW Payout,150483
Aditya Birla Sun Life Long Duration Fund-Direct Growth,150484
Aditya Birla Sun Life Long Duration Fund-Direct IDCW Payout,150485
Nippon India Nifty Alpha Low Volatility 30 Index Fund - Direct Plan - Growth Option,150487
Nippon India Nifty Alpha Low Volatility 30 Index Fund - Direct Plan - IDCW Option,150488
Nippon India Nifty Alpha Low Volatility 30 Index Fund - Regular Plan - Growth Option,150490
Nippon India Nifty Alpha Low Volatility 30 Index Fund - Regular Plan - IDCW Option,150491
Kotak Nifty India Consumption ETF,150492
Aditya Birla Sun Life Nifty 200 Quality 30 ETF,150497
Aditya Birla Sun Life Nifty 200 Momentum 30 ETF,150498
HSBC Overnight Fund - Unclaimed IDCW Below three years,150499
HSBC Overnight Fund - Unclaimed Redemption above three years,150500
HSBC Overnight Fund - Unclaimed IDCW Above three years,150501
HSBC Overnight Fund - Unclaimed Redemption Below three years,150502
Canara Robeco Banking and PSU Debt Fund- Regular Plan- Growth Option,150503
Canara Robeco Banking and PSU Debt Fund- Regular Plan- IDCW (Payout/ Reinvestment),150504
Canara Robeco Banking and PSU Debt Fund- Direct Plan- Growth Option,150505
Canara Robeco Banking and PSU Debt Fund- Direct Plan- IDCW Payout,150507
TRUSTMF MONEY MARKET FUND-REGULAR PLAN-GROWTH,150511
TRUSTMF MONEY MARKET FUND-REGULAR PLAN-MONTHLY IDCW,150512
TRUSTMF MONEY MARKET FUND-DIRECT PLAN-GROWTH,150513
TRUSTMF MONEY MARKET FUND-DIRECT PLAN-MONTHLY IDCW,150514
Navi Nifty India Manufacturing Index Fund- Direct Plan- Growth,150515
Navi Nifty India Manufacturing Index Fund- Regular Plan- Growth,150516
Motilal Oswal BSE Enhanced Value ETF,150517
Motilal Oswal BSE Enhanced Value Index Fund-Direct plan,150518
Motilal Oswal BSE Enhanced Value Index Fund-Regular plan,150519
Motilal Oswal BSE Quality ETF,150520
Motilal Oswal BSE Quality Index Fund-Direct plan,150521
Motilal Oswal BSE Quality Index Fund-Regular plan,150522
DSP Silver ETF,150523
ICICI Prudential Nifty Infrastructure ETF,150526
Kotak Nifty MNC ETF,150531
Tata Housing Opportunities Fund - Direct Plan - Growth,150532
Tata Housing Opportunities Fund - Direct Plan - IDCW Reinvestment,150533
Tata Housing Opportunities Fund - Direct Plan - IDCW Payout,150534
Tata Housing Opportunities Fund - Regular Plan - IDCW Payout,150535
Tata Housing Opportunities Fund - Regular Plan - IDCW Reinvestment,150536
Tata Housing Opportunities Fund - Regular Plan - Growth,150537
ICICI Prudential PSU Equity Fund - Growth,150538
ICICI Prudential PSU Equity Fund - Direct Plan - Growth,150539
ICICI Prudential PSU Equity Fund - IDCW,150540
ICICI Prudential PSU Equity Fund - Direct Plan - IDCW,150541
JM Short Duration Fund (Regular) - Growth,150542
JM Short Duration Fund (Regular) - IDCW,150543
JM Short Duration Fund (Direct) - IDCW,150544
JM Short Duration Fund (Direct) - Growth,150545
Union Retirement Fund - Regular Plan - Growth Option,150552
Union Retirement Fund - Regular Plan - IDCW Option,150553
Union Retirement Fund - Direct Plan - Growth Option,150554
Union Retirement Fund - Direct Plan - IDCW Option,150555
HDFC Silver ETF - Growth Option,150556
Shriram Overnight Fund - Regular Daily IDCW,150558
Shriram Overnight Fund - Regular Weekly IDCW,150559
Shriram Overnight Fund - Regular Monthly IDCW,150560
Shriram Overnight Fund - Direct Daily IDCW,150561
Shriram Overnight Fund -  Direct Growth,150562
Shriram Overnight Fund - Direct Fortnightly IDCW,150564
Shriram Overnight Fund - Regular Growth,150565
Shriram Overnight Fund -  Regular Fortnightly IDCW,150566
Shriram Overnight Fund - Direct Monthly IDCW,150567
Sundaram Flexicap Fund Regular Growth,150568
Sundaram Flexicap Fund Regular Plan IDCW Payout,150569
Sundaram Flexicap Fund Regular Plan IDCW Reinvestment,150570
Sundaram Flexicap Fund Direct Growth,150571
Sundaram Flexicap Fund Direct Plan IDCW Reinvestment,150572
Sundaram Flexicap Fund Direct Plan IDCW Payout,150573
Edelweiss Gold and Silver ETF FOF - Direct Plan - IDCW,150578
Edelweiss Gold and Silver ETF FOF - Regular Plan - Growth,150579
Edelweiss Gold and Silver ETF FOF - Regular Plan - IDCW,150580
Edelweiss Gold and Silver ETF FOF - Direct Plan - Growth,150581
WhiteOak Capital Mid Cap Fund Direct Plan IDCW,150582
WhiteOak Capital Mid Cap Fund Regular Plan Growth,150583
WhiteOak Capital Mid Cap Fund Direct Plan Growth,150584
WhiteOak Capital Mid Cap Fund Regular Plan IDCW,150585
WhiteOak Capital ELSS Tax Saver Fund Direct Plan IDCW,150586
WhiteOak Capital ELSS Tax Saver Fund Direct Plan Growth,150587
WhiteOak Capital ELSS Tax Saver Fund Regular Plan IDCW,150588
WhiteOak Capital ELSS Tax Saver Fund Regular Plan Growth,150589
BANDHAN NIFTY200 MOMENTUM 30 INDEX FUND - IDCW - DIRECT PLAN,150590
BANDHAN NIFTY200 MOMENTUM 30 INDEX FUND - GROWTH - DIRECT PLAN,150591
BANDHAN NIFTY200 MOMENTUM 30 INDEX FUND - GROWTH - REGULAR PLAN,150592
BANDHAN NIFTY200 MOMENTUM 30 INDEX FUND - IDCW - REGULAR PLAN,150593
Mirae Asset Global Electric & Autonomous Vehicles Equity Passive FOF - Regular Plan - Growth,150594
Mirae Asset Global Electric & Autonomous Vehicles Equity Passive FOF - Direct Plan - Growth,150595
Mirae Asset Global X Artificial Intelligence & Technology ETF Fund of Fund - Regular Plan - Growth,150596
Mirae Asset Global X Artificial Intelligence & Technology ETF Fund of Fund - Direct Plan- Growth,150597
Axis Silver ETF,150610
Axis Silver Fund of Fund- Direct Plan-Growth Option,150615
Axis Silver Fund of Fund- Direct Plan - IDCW Option,150616
Axis Silver Fund of Fund -Regular Plan- Growth Option,150617
Axis Silver Fund of Fund - Regular Plan - IDCW Option,150618
HDFC NIFTY 50 VALUE 20 ETF - Growth Option,150619
HDFC NIFTY100 QUALITY 30 ETF - Growth Option,150620
HDFC NIFTY GROWTH SECTORS 15 ETF - Growth Option,150621
Kotak Business Cycle Fund-Regular Plan-IDCW option,150622
Kotak Business Cycle - Direct Plan - Growth,150624
Kotak Business Cycle Fund-Direct Plan-IDCW option,150625
Kotak Business Cycle Fund-Regular Plan--Growth,150626
Samco Overnight Fund - Direct Plan - Growth Option,150631
Samco Overnight Fund - Regular Plan - Growth Option,150632
BANDHAN NIFTY100 LOW VOLATILITY 30 INDEX FUND - GROWTH - REGULAR PLAN,150633
BANDHAN NIFTY100 LOW VOLATILITY 30 INDEX FUND - IDCW - DIRECT PLAN,150634
BANDHAN NIFTY100 LOW VOLATILITY 30 INDEX FUND - IDCW - REGULAR PLAN,150635
BANDHAN NIFTY100 LOW VOLATILITY 30 INDEX FUND - GROWTH - DIRECT PLAN,150636
ICICI Prudential Nifty50 Equal Weight Index Fund- Growth,150637
ICICI Prudential Nifty50 Equal Weight Index Fund- IDCW,150638
ICICI Prudential Nifty50 Equal Weight Index Fund- Direct Plan - Growth,150639
ICICI Prudential Nifty50 Equal Weight Index Fund- Direct Plan - IDCW,150640
Motilal Oswal Gold and Silver Passive Fund of Funds(Regular Plan),150641
Motilal Oswal Gold and Silver Passive Fund of Funds(Direct Plan),150642
ICICI Prudential Nifty Auto Index Fund - Direct Plan - Growth,150643
ICICI Prudential Nifty Auto Index Fund - Direct Plan - IDCW,150644
ICICI Prudential Nifty Auto Index Fund - Growth,150645
ICICI Prudential Nifty Auto Index Fund - IDCW,150646
HDFC NIFTY200 MOMENTUM 30 ETF - Growth Option,150657
HDFC NIFTY100 Low Volatility 30 ETF - Growth Option,150658
LIC MF Multi Cap Fund-Direct Plan-Growth,150659
LIC MF Multi Cap Fund-Direct Plan-IDCW,150660
LIC MF Multi Cap Fund-Regular Plan-Growth,150661
LIC MF Multi Cap Fund-Regular Plan-IDCW,150662
Aditya Birla Sun Life Nifty SDL Sep 2025 Index Fund-Direct Growth,150663
Aditya Birla Sun Life Nifty SDL Sep 2025 Index Fund-Direct IDCW,150664
Aditya Birla Sun Life Nifty SDL SEP 2025 Index Fund-Regular Growth,150665
Aditya Birla Sun Life Nifty SDL Sep 2025 Index Fund-Regular IDCW,150667
Edelweiss CRISIL IBX 50:50 Gilt Plus SDL April 2037 Index Fund - Direct Plan - Growth,150671
SBI Nifty Midcap 150 Index Fund - Regular Plan - Growth,150672
SBI Nifty Midcap 150 Index Fund - Direct Plan - Growth,150673
SBI Nifty Midcap 150 Index Fund - Regular Plan - Income Distribution cum Capital Withdrawal Option (IDCW),150674
SBI Nifty Midcap 150 Index Fund - Direct Plan - Income Distribution cum Capital Withdrawal Option (IDCW),150675
SBI Nifty Smallcap 250 Index Fund - Regular Plan - Growth,150676
SBI Nifty Smallcap 250 Index Fund - Direct Plan - Growth,150677
SBI Nifty Smallcap 250 Index Fund - Direct Plan - Income Distribution cum Capital Withdrawal Option (IDCW),150678
SBI Nifty Smallcap 250 Index Fund - Regular Plan - Income Distribution cum Capital Withdrawal Option (IDCW),150679
SBI CRISIL IBX Gilt Index - June 2036 Fund - Regular Plan - Income Distribution cum Capital Withdrawal Option (IDCW),150680
SBI |CRISIL IBX Gilt Index - June 2036 Fund - Direct Plan - Growth,150681
SBI CRISIL IBX Gilt Index - June 2036 Fund - Direct Plan - Income Distribution cum Capital Withdrawal Option (IDCW),150682
SBI CRISIL IBX Gilt Index - June 2036 Fund - Regular Plan - Growth,150683
ICICI PRUDENTIAL TRANSPORTATION AND LOGISTICS FUND - Growth,150684
ICICI PRUDENTIAL TRANSPORTATION AND LOGISTICS FUND - Direct Plan - Growth,150685
ICICI PRUDENTIAL TRANSPORTATION AND LOGISTICS FUND - IDCW,150686
ICICI PRUDENTIAL TRANSPORTATION AND LOGISTICS FUND - Direct Plan - IDCW,150687
Aditya Birla Sun Life Multi-Asset Passive FOF-Direct Growth,150688
Aditya Birla Sun Life Multi-Asset Passive FOF-Direct IDCW,150689
Aditya Birla Sun Life Multi-Asset Passive FOF-Regular Growth,150690
Aditya Birla Sun Life Multi-Asset Passive FOF-Regular IDCW,150691
TATA CRISIL-IBX GILT INDEX - APRIL 2026 INDEX FUND - DIRECT PLAN - GROWTH,150692
TATA CRISIL-IBX GILT INDEX - APRIL 2026 INDEX FUND - DIRECT PLAN - IDCW PAYOUT,150693
TATA CRISIL-IBX GILT INDEX - APRIL 2026 INDEX FUND - REGULAR PLAN - GROWTH,150694
TATA CRISIL-IBX GILT INDEX - APRIL 2026 INDEX FUND - REGULAR PLAN - IDCW PAYOUT,150695
TATA CRISIL-IBX GILT INDEX - APRIL 2026 INDEX FUND - REGULAR PLAN - IDCW REINVESTMENT,150696
TATA CRISIL-IBX GILT INDEX - APRIL 2026 INDEX FUND - DIRECT PLAN - IDCW REINVESTMENT,150697
Aditya Birla Sun Life Crisil IBX Gilt-April 2026 Index Fund-Direct Growth,150698
Aditya Birla Sun Life Crisil IBX Gilt- April 2026 Index Fund-Direct IDCW,150699
Aditya Birla Sun Life Crisil IBX Gilt-April 2026 Index Fund-Regular IDCW,150700
Aditya Birla Sun Life Crisil IBX Gilt-April 2026 Index Fund-Regular Growth,150701
Aditya Birla Sun Life Crisil IBX 50:50 Gilt Plus SDL Apr 2028 Index Fund-Direct Growth,150702
Aditya Birla Sun Life Crisil IBX 50:50 Gilt Plus SDL Apr 2028 Index Fund-Regular Growth,150703
Aditya Birla Sun Life Crisil IBX 50:50 Gilt Plus SDL APR 2028 Index Fund-Direct IDCW,150704
Aditya Birla Sun Life Crisil IBX 50:50 Gilt Plus SDL Apr 2028 Index Fund-Regular IDCW,150705
SBI CRISIL IBX Gilt Index - April 2029 Fund - Direct Plan - Growth,150706
SBI CRISIL IBX Gilt Index - April 2029 Fund - Regular Plan - Growth,150707
SBI CRISIL IBX Gilt Index - April 2029 Fund - Direct Plan - Income Distribution cum Capital Withdrawal Option (IDCW),150708
SBI CRISIL IBX Gilt Index - April 2029 Fund - Regular Plan - Income Distribution cum Capital Withdrawal Option (IDCW),150709
SBI CRISIL IBX SDL Index - September 2027 Fund - Regular Plan - Income Distribution cum Capital Withdrawal Option (IDCW),150710
SBI CRISIL IBX SDL Index - September 2027 Fund - Direct Plan - Growth,150711
SBI CRISIL IBX SDL Index - September 2027 Fund - Regular Plan - Growth,150712
SBI CRISIL IBX SDL Index - September 2027 Fund - Direct Plan - Income Distribution cum Capital Withdrawal Option (IDCW),150713
UTI Gold ETF Fund of Fund - Direct Plan - Growth Option,150714
UTI Gold ETF Fund of Fund - Regular Plan - Growth Opton,150715
BANDHAN TRANSPORTATION AND LOGISTICS FUND - GROWTH - DIRECT PLAN,150716
BANDHAN TRANSPORTATION AND LOGISTICS FUND - GROWTH - REGULAR PLAN,150717
BANDHAN TRANSPORTATION AND LOGISTICS FUND - IDCW - REGULAR PLAN,150718
BANDHAN TRANSPORTATION AND LOGISTICS FUND - IDCW - DIRECT PLAN,150719
Edelweiss CRISIL IBX 50:50 Gilt Plus SDL April 2037 Index Fund - Regular Plan - Growth,150720
Edelweiss CRISIL IBX 50:50 Gilt Plus SDL April 2037 Index Fund - Regular Plan - IDCW Option,150721
Edelweiss CRISIL IBX 50:50 Gilt Plus SDL April 2037 Index Fund - Direct Plan - IDCW Option,150722
Kotak Nifty SDL Plus AAA PSU Bond Jul 2028 60:40 Index Fund Regular Plan - Growth,150723
Kotak Nifty SDL Plus AAA PSU Bond Jul 2028 60:40 Index Fund Regular Plan - IDCW,150724
Kotak Nifty SDL Plus AAA PSU Bond Jul 2028 60:40 Index Fund Direct Plan - Growth,150725
Kotak Nifty SDL Plus AAA PSU Bond Jul 2028 60:40 Index Fund Direct Plan - IDCW,150726
Edelweiss CRISIL IBX 50:50 Gilt Plus SDL June 2027 Index Fund - Direct Plan - Growth,150727
ICICI Prudential Nifty SDL Dec 2028 Index Fund - Growth,150728
ICICI Prudential Nifty SDL Dec 2028 Index Fund - Direct Plan - Growth,150729
ICICI Prudential Nifty SDL Dec 2028 Index Fund - Direct Plan - Annual IDCW,150730
ICICI Prudential Nifty SDL Dec 2028 Index Fund - Annual IDCW,150731
ICICI Prudential Nifty G-Sec Dec 2030 Index Fund - Growth,150732
ICICI Prudential Nifty G-Sec Dec 2030 Index Fund - Direct Plan - Growth,150733
ICICI Prudential Nifty G-Sec Dec 2030 Index Fund - Annual IDCW,150734
ICICI Prudential Nifty G-Sec Dec 2030 Index Fund - Direct Plan - Annual IDCW,150735
HDFC Silver ETF Fund of Fund - Growth Option,150736
HDFC Silver ETF Fund of Fund - Growth Option - Direct Plan,150737
Tata Nifty Midcap 150 Momentum 50 Index Fund - Growth - Direct Plan,150738
Tata Nifty Midcap 150 Momentum 50 Index Fund - IDCW Reinvestment - Direct Plan,150739
Tata Nifty Midcap 150 Momentum 50 Index Fund - IDCW Payout - Direct Plan,150740
Tata Nifty Midcap 150 Momentum 50 Index Fund - Growth - Regular Plan,150741
Tata Nifty Midcap 150 Momentum 50 Index Fund - IDCW Payout - Regular Plan,150742
Tata Nifty Midcap 150 Momentum 50 Index Fund - IDCW Reinvestment - Regular Plan,150743
BANDHAN CRISIL IBX GILT APRIL 2026 INDEX FUND - REGULAR PLAN - GROWTH,150744
BANDHAN CRISIL IBX GILT APRIL 2026 INDEX FUND - REGULAR PLAN - IDCW,150745
BANDHAN CRISIL IBX GILT APRIL 2026 INDEX FUND - DIRECT PLAN - GROWTH,150746
BANDHAN CRISIL IBX GILT APRIL 2026 INDEX FUND - DIRECT PLAN - IDCW,150747
Axis NASDAQ 100 US Specific Equity Passive FOF - Regular Plan - IDCW,150748
Axis NASDAQ 100 US Specific Equity Passive FOF - Direct Plan - IDCW,150749
Axis NASDAQ 100 US Specific Equity Passive FOF - Regular Plan - Growth,150750
Axis NASDAQ 100 US Specific Equity Passive FOF - Direct Plan - Growth,150751
Nippon India Nifty AAA PSU Bond Plus SDL - Sep 2026 Maturity 50:50 Index Fund-Regular Plan-Growth Option,150752
Nippon India Nifty AAA PSU Bond Plus SDL - Sep 2026 Maturity 50:50 Index Fund-Direct Plan-IDCW Option,150753
Nippon India Nifty AAA PSU Bond Plus SDL - Sep 2026 Maturity 50:50 Index Fund-Direct Plan-Growth Option,150754
Nippon India Nifty AAA PSU Bond Plus SDL - Sep 2026 Maturity 50:50 Index Fund-Regular Plan-IDCW Option,150755
Edelweiss CRISIL IBX 50:50 Gilt Plus SDL June 2027 Index Fund - Direct Plan - IDCW,150770
Edelweiss CRISIL IBX 50:50 Gilt Plus SDL June 2027 Index Fund - Regular Plan - Growth,150771
Edelweiss CRISIL IBX 50:50 Gilt Plus SDL June 2027 Index Fund - Regular Plan - IDCW,150772
Aditya Birla Sun Life Crisil IBX Gilt-Apr 2029 Index Fund-Regular Growth,150777
Aditya Birla Sun Life Crisil IBX Gilt-Apr-2029 Index Fund-Direct Growth,150778
Aditya Birla Sun Life Crisil IBX Gilt-Apr 2029 Index Fund-Regular IDCW,150779
Aditya Birla Sun Life Crisil IBX Gilt-Apr 2029 Index Fund-Direct IDCW,150780
Mirae Asset Nifty AAA PSU Bond Plus SDL Apr 2026 50:50 Index Fund - Regular Plan - IDCW,150785
Mirae Asset Nifty AAA PSU Bond Plus SDL Apr 2026 50:50 Index Fund - Regular Plan - Growth,150786
Mirae Asset Nifty AAA PSU Bond Plus SDL Apr 2026 50:50 Index Fund - Direct Plan - IDCW,150787
Mirae Asset Nifty AAA PSU Bond Plus SDL Apr 2026 50:50 Index Fund - Direct Plan - Growth,150788
Mirae Asset CRISIL IBX Gilt Index - April 2033 Index Fund - Direct Plan - IDCW,150789
Mirae Asset CRISIL IBX Gilt Index - April 2033 Index Fund - Regular Plan - Growth,150790
Mirae Asset CRISIL IBX Gilt Index - April 2033 Index Fund - Regular Plan - IDCW,150791
Mirae Asset CRISIL IBX Gilt Index - April 2033 Index Fund - Direct Plan - Growth,150792
WhiteOak Capital Large Cap Fund Direct Plan Growth,150797
WhiteOak Capital Large Cap Fund Direct Plan IDCW,150798
WhiteOak Capital Large Cap Fund Regular Plan Growth,150799
WhiteOak Capital Large Cap Fund Regular Plan IDCW,150800
HDFC NIFTY IT ETF - Growth option,150801
HDFC NIFTY Private Bank ETF - Growth Option,150802
HDFC Business Cycle Fund - Growth Option,150803
HDFC Business Cycle Fund - IDCW Option - Direct Plan,150804
HDFC Business Cycle Fund - Growth Option - Direct Plan,150805
HDFC Business Cycle Fund - IDCW Option,150806
Edelweiss CRISIL IBX 50:50 Gilt Plus SDL Sep 2028 Index Fund - Direct Plan - Growth,150807
JM Midcap Fund (Regular) - Growth,150812
JM Midcap Fund (Regular) - IDCW,150813
JM Midcap Fund (Direct) - IDCW,150814
JM Midcap Fund (Direct) - Growth,150815
Canara Robeco Mid Cap Fund- Regular Plan- Growth Option,150816
Canara Robeco Mid Cap Fund- Direct Plan- Growth Option,150817
Canara Robeco Mid Cap Fund- Direct Plan- IDCW,150818
Canara Robeco Mid Cap Fund- Regular Plan- IDCW,150819
Kotak Income Plus Arbitrage Omni  FOF-Regular Plan-Growth,150820
Kotak Income Plus Arbitrage Omni FOF-Regular Plan-IDCW,150821
Kotak Income Plus Arbitrage Omni FOF-Direct Plan-Growth,150822
Kotak Income Plus Arbitrage Omni FOF-Direct Plan-IDCW,150823
Nippon India Nifty SDL Plus G-Sec - Jun 2028 Maturity 70:30 Index Fund-Direct Plan-Growth Option,150824
Nippon India Nifty SDL Plus G-Sec - Jun 2028 Maturity 70:30 Index Fund-Regular Plan-Growth Option,150825
Nippon India Nifty SDL Plus G-Sec - Jun 2028 Maturity 70:30 Index Fund-Direct Plan-IDCW Option,150826
Nippon India Nifty SDL Plus G-Sec - Jun 2028 Maturity 70:30 Index Fund-Regular Plan IDCW Option,150827
Samco ELSS Tax Saver Fund - Direct Plan - Growth Option,150838
Samco ELSS Tax Saver Fund - Regular Plan - Growth Option,150839
HDFC Nifty G-Sec Dec 2026 Index Fund - Growth Option,150844
HDFC Nifty G-Sec Dec 2026 Index Fund - Growth Option - Direct Plan,150845
HDFC Nifty G-Sec July 2031 Index Fund - Growth Option,150846
HDFC Nifty G-Sec July 2031 Index Fund - Growth Option - Direct Plan,150847
Edelweiss CRISIL IBX 50:50 Gilt Plus SDL Sep 2028 Index Fund - Regular Plan - Growth,150848
Edelweiss CRISIL IBX 50:50 Gilt Plus SDL Sep 2028 Index Fund - Regular Plan - IDCW,150849
Edelweiss CRISIL IBX 50:50 Gilt Plus SDL Sep 2028 Index Fund - Direct Plan - IDCW,150850
Axis Nifty SDL September 2026 Debt Index Fund - Regular Plan - Growth,150851
Axis Nifty SDL September 2026 Debt Index Fund - Direct Plan - IDCW,150852
Axis Nifty SDL September 2026 Debt Index Fund - Regular Plan -  IDCW,150853
Axis Nifty SDL September 2026 Debt Index Fund - Direct Plan - Growth,150854
Union Multicap Fund - Regular Plan - Growth Option,150855
Union Multicap Fund - Regular Plan - IDCW Option,150856
Union Multicap Fund - Direct Plan - IDCW Option,150857
Union Multicap Fund - Direct Plan - Growth Option,150858
Baroda BNP Paribas Multi Asset Fund - Regular Plan - Growth Option,150863
Baroda BNP Paribas Multi Asset Fund - Regular Plan - IDCW Option,150864
Baroda BNP Paribas Multi Asset Fund - Direct Plan - Growth Option,150865
Baroda BNP Paribas Multi Asset Fund - Direct Plan - IDCW Option,150866
BANDHAN CRISIL IBX 90:10 SDL PLUS GILT - NOV 2026 INDEX FUND - DIRECT IDCW,150867
BANDHAN CRISIL IBX 90:10 SDL PLUS GILT - NOV 2026 INDEX FUND - DIRECT GROWTH,150868
BANDHAN CRISIL IBX 90:10 SDL PLUS GILT - NOV 2026 INDEX FUND - REGULAR GROWTH,150869
BANDHAN CRISIL IBX 90:10 SDL PLUS GILT - NOV 2026 INDEX FUND - REGULAR IDCW,150870
BANDHAN CRISIL IBX 90:10 SDL PLUS GILT APRIL 2032 INDEX FUND - DIRECT GROWTH,150871
BANDHAN CRISIL IBX 90:10 SDL PLUS GILT APRIL 2032 INDEX FUND - DIRECT IDCW,150872
BANDHAN CRISIL IBX 90:10 SDL PLUS GILT APRIL 2032 INDEX FUND - REGULAR GROWTH,150873
BANDHAN CRISIL IBX 90:10 SDL PLUS GILT APRIL 2032 INDEX FUND - REGULAR IDCW,150874
ICICI Prudential Nifty Financial Services Ex-BaNk ETF,150879
BANDHAN CRISIL IBX 90:10 SDL PLUS GILT - SEP27 INDEX FUND - DIRECT GROWTH,150888
BANDHAN CRISIL IBX 90:10 SDL PLUS GILT SEP27 INDEX FUND - DIRECT IDCW,150889
BANDHAN CRISIL IBX 90:10 SDL PLUS GILT SEP27 INDEX FUND - REGULAR GROWTH,150890
BANDHAN CRISIL IBX 90:10 SDL PLUS GILT SEP27 INDEX FUND - REGULAR IDCW,150891
Edelweiss Nifty Smallcap 250 Index Fund - Direct Plan - Growth,150892
Edelweiss Nifty Smallcap 250 Index Fund - Regular Plan - IDCW,150893
Edelweiss Nifty Smallcap 250 Index Fund - Regular Plan - Growth,150894
Edelweiss Nifty Smallcap 250 Index Fund - Direct Plan - IDCW,150895
Edelweiss Nifty Next 50 Index Fund - Direct Plan - IDCW,150896
Edelweiss Nifty Next 50 Index Fund - Regular Plan - Growth,150897
Edelweiss Nifty Next 50 Index Fund - Regular Plan - IDCW,150898
Edelweiss Nifty Next 50 Index Fund - Direct Plan - Growth,150899
Edelweiss Nifty Midcap150 Momentum 50 Index Fund - Regular Plan - Growth,150900
Edelweiss Nifty Midcap150 Momentum 50 Index Fund - Regular Plan - IDCW,150901
Edelweiss Nifty Midcap150 Momentum 50 Index Fund - Direct Plan - Growth,150902
Edelweiss Nifty Midcap150 Momentum 50 Index Fund - Direct Plan - IDCW,150903
Nippon India Nifty G-Sec Sep 2027 Maturity Index Fund-Regular Plan-Growth Option,150904
Nippon India Nifty G-Sec Sep 2027 Maturity Index Fund-Regular Plan-IDCW Option,150905
Nippon India Nifty G-Sec Sep 2027 Maturity Index Fund-Direct Plan-Growth Option,150906
Nippon India Nifty G-Sec Sep 2027 Maturity Index Fund-Direct Plan-IDCW Option,150907
Mahindra Manulife Small Cap Fund - Regular Plan - Growth,150912
Mahindra Manulife Small Cap Fund - Direct Plan - IDCW,150913
Mahindra Manulife Small Cap Fund - Regular Plan - IDCW,150914
Mahindra Manulife Small Cap Fund - Direct Plan - Growth,150915
Nippon India Nifty G-Sec Jun 2036 Maturity Index Fund-Direct Plan-Growth Option,150920
Nippon India Nifty G-Sec Jun 2036 Maturity Index fund-Direct Plan-IDCW Option,150921
Nippon India Nifty G-Sec Jun 2036 Maturity Index Fund-Regular Plan-IDCW Option,150922
Nippon India Nifty G-Sec Jun 2036 Maturity Index Fund-Regular Plan-Growth Option,150923
ICICI Prudential Nifty Pharma Index Fund - Direct Plan - IDCW,150928
ICICI Prudential Nifty Pharma Index Fund - Growth,150929
ICICI Prudential Nifty Pharma Index Fund - Direct Plan - Growth,150930
ICICI Prudential Nifty Pharma Index Fund - IDCW,150931
Aditya Birla Sun Life Crisil IBX 60:40 SDL+AAA PSU APR 2026 Index Fund-Regular Growth,150936
Aditya Birla Sun Life Crisil IBX 60:40 SDL+AAA PSU APR 2026 Index Fund-Regular IDCW Payout,150937
Aditya Birla Sun Life Crisil IBX 60:40 SDL + AAA PSU APR 2026 Index Fund-Direct Growth,150938
Aditya Birla Sun Life Crisil IBX 60:40 SDL+ AAA PSU APR 2026 Index Fund-Direct IDCW Payout,150939
Kotak Silver ETF,150948
BHARAT Bond ETF - April 2033,150987
BHARAT Bond ETF FOF - April 2033 - Regular Plan - IDCW,150988
BHARAT Bond ETF FOF - April 2033 - Direct Plan - Growth,150989
BHARAT Bond ETF FOF - April 2033 - Direct Plan - IDCW,150990
BHARAT Bond ETF FOF - April 2033 - Regular Plan - Growth,150991
HSBC Corporate Bond Fund - Regular Growth,150992
HSBC Corporate Bond Fund - Regular Quarterly IDCW,150993
HSBC Corporate Bond Fund - Regular Semi Annual IDCW,150994
HSBC Corporate Bond Fund -Regular Plan - Bonus,150995
HSBC Corporate Bond Fund - Direct Growth,150996
HSBC Corporate Bond Fund - Direct Semi Annual IDCW,150997
HSBC Corporate Bond Fund - Direct Quarterly IDCW,150998
HSBC Corporate Bond Fund - Direct Annual IDCW,151000
HSBC Corporate Bond Fund - Regular Annual IDCW,151001
HSBC Gilt Fund - Regular Quarterly IDCW,151012
HSBC Gilt Fund - Regular Growth,151013
HSBC Gilt Fund - Direct Growth,151014
HSBC Gilt Fund - Direct Quarterly IDCW,151015
HSBC Midcap Fund - Regular IDCW,151033
HSBC Midcap Fund - Regular Growth,151034
HSBC Midcap Fund - Direct IDCW,151035
HSBC Midcap Fund - Direct Growth,151036
HSBC Infrastructure Fund - Regular Growth,151037
HSBC Infrastructure Fund - Regular IDCW,151038
HSBC Infrastructure Fund - Direct IDCW,151039
HSBC Infrastructure Fund - Direct Growth,151040
HSBC Credit Risk Fund- Regular Plan - Bonus,151041
HSBC Credit Risk Fund - Regular IDCW,151042
HSBC Credit Risk Fund - Regular Growth,151043
HSBC Credit Risk Fund - Direct IDCW,151044
HSBC Credit Risk Fund - Direct Growth,151045
HSBC Credit Risk Fund - Regular Annual IDCW,151046
HSBC Credit Risk Fund - Direct Annual IDCW,151047
HSBC Money Market Fund - Regular Growth,151048
HSBC Money Market Fund - Regular Daily IDCW,151049
HSBC Money Market Fund - Regular Weekly IDCW,151050
HSBC Money Market Fund - Regular Monthly IDCW,151051
HSBC Money Market Fund - Direct Monthly IDCW,151052
HSBC Money Market Fund - Direct Weekly IDCW,151053
HSBC Money Market Fund - Direct Growth,151054
HSBC Money Market Fund - Direct Daily IDCW,151055
HSBC Equity Savings Fund - Regular Monthly IDCW,151056
HSBC Equity Savings Fund - Regular Quarterly IDCW,151057
HSBC Equity Savings Fund - Regular Growth,151058
HSBC Equity Savings Fund - Direct Quarterly IDCW,151059
HSBC Equity Savings Fund - Direct Growth,151060
HSBC Equity Savings Fund - Direct Monthly IDCW,151061
HSBC Short Duration Fund - Bonus,151062
HSBC Short Duration Fund -  Regular Plan - Monthly IDCW,151063
HSBC Short Duration Fund - Regular Quarterly IDCW,151064
HSBC Short Duration Fund - Regular Growth,151065
HSBC Short Duration Fund - Direct Growth,151067
HSBC Short Duration Fund - Direct Plan -  Monthly IDCW,151068
HSBC Short Duration Fund - Direct Quarterly IDCW,151069
HSBC Short Duration Fund - Direct Annual IDCW,151070
HSBC Short Duration Fund - Regular Annual IDCW,151071
HSBC ELSS Tax saver Fund - Regular Growth,151076
HSBC ELSS Tax saver Fund - Regular IDCW Payout,151077
HSBC ELSS Tax saver Fund - Direct Growth,151078
HSBC ELSS Tax saver Fund - Direct IDCW Payout,151079
HSBC Dynamic Bond Fund - Regular Growth,151084
HSBC Dynamic Bond Fund - Regular Monthly IDCW,151085
HSBC Dynamic Bond Fund - Direct Monthly IDCW,151086
HSBC Dynamic Bond Fund - Direct Growth,151087
HSBC Dynamic Bond Fund - Direct Annual IDCW,151088
HSBC Dynamic Bond Fund - Regular Annual IDCW,151089
HSBC Banking and PSU Debt Fund - Regular Daily IDCW,151102
HSBC Banking and PSU Debt Fund - Regular Weekly IDCW,151103
HSBC Banking and PSU Debt Fund - Regular Growth,151104
HSBC Banking and PSU Debt Fund - Regular Monthly IDCW,151105
HSBC Banking and PSU Debt Fund - Direct Monthly IDCW,151106
HSBC Banking and PSU Debt Fund - Direct Growth,151107
HSBC Banking and PSU Debt Fund - Direct Daily IDCW,151108
HSBC Banking and PSU Debt Fund - Direct Weekly IDCW,151109
HSBC Value Fund - Regular Growth,151110
HSBC Value Fund - Regular IDCW,151111
HSBC Value Fund - Direct IDCW,151112
HSBC Value Fund - Direct Growth,151113
HSBC Low Duration Fund - Regular Growth,151114
HSBC Low Duration Fund - Regular Monthly IDCW,151115
HSBC Low Duration Fund - Direct Monthly IDCW,151116
HSBC Low Duration Fund - Direct Growth,151117
HSBC Low Duration Fund - Direct Annual IDCW,151118
HSBC Low Duration Fund - Regular Annual IDCW,151119
HSBC Aggressive Hybrid Fund - Regular Growth,151120
HSBC Aggressive Hybrid Fund - Regular IDCW,151121
HSBC Aggressive Hybrid Fund - Direct Growth,151122
HSBC Aggressive Hybrid Fund - Direct IDCW,151123
HSBC Aggressive Hybrid Fund - Regular Annual IDCW,151124
HSBC Aggressive Hybrid Fund - Direct Annual IDCW,151125
HSBC Balanced Advantage Fund - Regular IDCW,151126
HSBC Balanced Advantage Fund - Regular Growth,151127
HSBC Balanced Advantage Fund - Direct IDCW,151128
HSBC Balanced Advantage Fund - Direct Growth,151129
HSBC Small Cap Fund - Direct Growth,151130
HSBC Small Cap Fund - Regular IDCW,151131
HSBC Small Cap Fund - Direct IDCW,151132
HSBC Small Cap Fund - Regular Growth,151133
HSBC Arbitrage Fund - Regular Growth,151134
HSBC Arbitrage Fund - Direct Monthly IDCW,151135
HSBC Arbitrage Fund - Direct Quarterly IDCW,151136
HSBC Arbitrage Fund - Regular Quarterly IDCW,151137
HSBC Arbitrage Fund - Direct Growth,151138
HSBC Arbitrage Fund - Regular Monthly IDCW,151140
HSBC Business Cycles Fund - Direct Growth,151142
HSBC Business Cycles Fund - Regular IDCW,151143
HSBC Business Cycles Fund - Regular Growth,151144
HSBC Business Cycles Fund - Direct IDCW,151145
HSBC Medium Duration Fund - Direct Growth,151146
HSBC Medium Duration Fund - Regular IDCW,151147
HSBC Medium Duration Fund - Direct IDCW,151148
HSBC Medium Duration Fund - Regular Growth,151149
HSBC Medium Duration Fund - Direct Annual IDCW,151150
HSBC Medium Duration Fund - Regular Annual IDCW,151151
HSBC NIFTY 50 INDEX FUND - Direct IDCW,151156
HSBC NIFTY 50 INDEX FUND - Direct Growth,151157
HSBC NIFTY 50 INDEX FUND - Regular Growth,151158
HSBC NIFTY 50 INDEX FUND - Regular IDCW,151159
HSBC NIFTY NEXT 50 INDEX FUND - Direct Growth,151160
HSBC NIFTY NEXT 50 INDEX FUND - Regular IDCW,151161
HSBC NIFTY NEXT 50 INDEX FUND - Regular Growth,151162
HSBC NIFTY NEXT 50 INDEX FUND - Direct IDCW,151163
360 ONE ELSS Tax Saver Nifty 50 Index Fund - Regular Plan - Growth,151164
360 ONE ELSS Tax Saver Nifty 50 Index Fund - Direct Plan - Growth,151165
360 ONE ELSS Tax Saver Nifty 50 Index Fund - Direct Plan - IDCW Payout,151166
360 ONE ELSS Tax Saver Nifty 50 Index Fund - Regular Plan - IDCW Payout,151167
Axis Long Duration Fund - Direct Plan -Daily IDCW,151176
Axis Long Duration Fund - Regular Plan - Daily IDCW,151177
Axis Long Duration Fund - Regular Plan - Growth,151178
Axis Long Duration Fund - Direct Plan - Growth,151179
HDFC Nifty G-Sec Jun 2027 Index Fund - Growth Option,151180
HDFC Nifty G-Sec Jun 2027 Index Fund - Growth Option - Direct Plan,151181
HDFC Nifty G-Sec Sep 2032 Index Fund - Growth Option,151182
HDFC Nifty G-Sec Sep 2032 Index Fund - Growth Option - Direct Plan,151183
UTI CRISIL SDL Maturity April 2033 Index Fund - Regular Plan - Growth Option,151184
UTI CRISIL SDL Maturity April 2033 Index Fund - Direct Plan - Growth Option,151185
quant Overnight Fund - Growth Option - Direct Plan,151190
quant Overnight Fund - IDCW Option - Regular Plan,151191
quant Overnight Fund - IDCW Option - Direct Plan,151193
quant Overnight Fund - Growth Option - Regular Plan,151195
ICICI Prudential Nifty 10 yr Benchmark G-sec ETF,151196
Axis Long Duration Fund - Regular Plan - Monthly IDCW,151201
Axis Long Duration Fund - Direct Plan - Monthly IDCW,151202
Axis Long Duration Fund - Regular Plan - Quarterly IDCW,151203
Axis Long Duration Fund - Direct Plan - Quarterly IDCW,151204
Axis Long Duration Fund - Direct Plan - Annual IDCW,151205
Axis Long Duration Fund - Regular Plan - Annual IDCW,151206
ICICI Prudential Nifty Commodities ETF,151207
ICICI Prudential Nifty SDL Sep 2026 Index Fund - Growth,151208
ICICI Prudential Nifty SDL Sep 2026 Index Fund - Annual IDCW,151209
ICICI Prudential Nifty SDL Sep 2026 Index Fund - Direct Plan - Annual IDCW,151210
ICICI Prudential Nifty SDL Sep 2026 Index Fund - Direct Plan - Growth,151211
SBI Long Duration Fund - Regular Plan - Growth,151212
SBI Long Duration Fund - Regular Plan - Income Distribution cum Capital Withdrawal Option (IDCW),151213
SBI Long Duration Fund - Direct Plan - Growth,151214
SBI Long Duration Fund - Direct Plan - Income Distribution cum Capital Withdrawal Option (IDCW),151215
Kotak Nifty SDL Jul 2026 Index Fund Regular Plan Growth,151216
Kotak Nifty SDL Jul 2026 Index Fund Regular Plan IDCW,151217
Kotak Nifty SDL Jul 2026 Index Fund Direct Plan Growth,151218
Kotak Nifty SDL Jul 2026 Index Fund Direct Plan IDCW,151219
quant Gilt Fund - Growth Option - Direct Plan,151228
quant Gilt Fund - IDCW Option - Direct Plan,151229
quant Gilt Fund - Growth Option - Regular Plan,151230
quant Gilt Fund - IDCW Option - Regular Plan,151231
Tata Multicap Fund - Direct Plan - Growth,151232
Tata Multicap Fund - Direct Plan - IDCW Reinvestment,151233
Tata Multicap Fund - Direct Plan - IDCW Payout,151234
Tata Multicap Fund - Regular Plan - Growth,151235
Tata Multicap Fund - Regular Plan - IDCW Reinvestment,151236
Tata Multicap Fund - Regular Plan - IDCW Payout,151237
UTI CRISIL SDL Maturity June 2027 Index Fund - Regular Plan - Growth Option,151238
UTI CRISIL SDL Maturity June 2027 Index Fund - Direct Plan - Growth Option,151239
DSP Nifty Bank ETF,151262
WhiteOak Capital Balanced Advantage Fund Direct Plan Growth,151267
WhiteOak Capital Balanced Advantage Fund Regular Plan Growth,151268
Tata Nifty G-Sec Dec 2029 Index Fund - Direct Plan - Growth,151273
Tata Nifty G-Sec Dec 2029 Index Fund - Direct Plan - IDCW Payout,151274
Tata Nifty G-Sec Dec 2029 Index Fund - Regular Plan - Growth,151275
Tata Nifty G-Sec Dec 2029 Index Fund - Regular Plan - IDCW Reinvestment,151276
Tata Nifty G-Sec Dec 2029 Index Fund - Regular Plan - IDCW Payout,151277
Tata Nifty G-Sec Dec 2029 Index Fund - Direct Plan - IDCW Reinvestment,151278
Baroda BNP Paribas Nifty SDL December 2026 Index Fund - Regular Plan - Growth Option,151279
Baroda BNP Paribas Nifty SDL December 2026 Index Fund - Regular Plan - IDCW Option,151280
Baroda BNP Paribas Nifty SDL December 2026 Index Fund - Direct Plan - IDCW Option,151281
Baroda BNP Paribas Nifty SDL December 2026 Index Fund - Direct Plan - Growth Option,151283
HSBC Multi Cap Fund - Regular - Growth,151289
HSBC Multi Cap Fund - Direct - Growth,151290
HSBC Multi Cap Fund - Direct - IDCW,151291
HSBC Multi Cap Fund - Regular - IDCW,151292
Axis CRISIL IBX 50:50 Gilt Plus SDL June 2028 Index Fund - Regular Plan - Growth,151297
Axis CRISIL IBX 50:50 Gilt Plus SDL June 2028 Index Fund - Regular Plan - IDCW,151298
Axis CRISIL IBX 50:50 Gilt Plus SDL June 2028 Index Fund - Direct Plan - IDCW,151299
Axis CRISIL IBX 50:50 Gilt Plus SDL June 2028 Index Fund - Direct Plan - Growth,151300
Tata Nifty G Sec Dec 2026 Index Fund-Direct Plan-Growth,151301
Tata Nifty G Sec Dec 2026 Index Fund-Direct Plan-IDCW Payout,151302
Tata Nifty G SEc Dec 2026 Index Fund-Regular Plan-IDCW Reinvestment,151303
Tata Nifty G Sec Dec 2026 Index Fund-Regular Plan-IDCW Payout,151304
Tata Nifty G Sec Dec 2026 Index Fund-Direct Plan-IDCW Reinvestment,151305
Tata Nifty G Sec Dec 2026 Index Fund-Regular Plan-Growth,151306
Aditya Birla Sun Life Multi Asset Allocation Fund-Direct Growth,151307
Aditya Birla Sun Life Multi Asset Allocation Fund-Direct IDCW,151308
Aditya Birla Sun Life Multi Asset Allocation Fund-Regular Growth,151309
Aditya Birla Sun Life Multi Asset Allocation Fund-Regular IDCW,151310
HDFC Long Duration Debt Fund - IDCW Option,151311
HDFC Long Duration Debt Fund - IDCW Option - Direct Plan,151312
HDFC Long Duration Debt Fund - Growth Option - Direct Plan,151313
HDFC Long Duration Debt Fund - Growth Option,151314
TRUSTMF CORPORATE BOND FUND-REGULAR PLAN-MONTHLY IDCW,151319
TRUSTMF CORPORATE BOND FUND-DIRECT PLAN-GROWTH,151320
TRUSTMF CORPORATE BOND FUND-DIRECT PLAN-MONTHLY IDCW,151321
TRUSTMF CORPORATE BOND FUND-REGULAR PLAN-GROWTH,151322
DSP CRISIL-IBX 50:50 Gilt Plus SDL - April 2033 Index Fund - Regular - Growth,151327
DSP CRISIL-IBX 50:50 Gilt Plus SDL - April 2033 Index Fund - Direct - IDCW,151328
DSP CRISIL-IBX 50:50 Gilt Plus SDL - April 2033 Index Fund - Direct - Growth,151329
DSP CRISIL-IBX 50:50 Gilt Plus SDL - April 2033 Index Fund - Regular - IDCW,151330
Kotak Nifty 1D Rate Liquid ETF,151358
UTI NIFTY SDL Plus AAA PSU Bond Apr 2026 75:25 Index Fund - Regular Plan - Growth Option,151363
UTI NIFTY SDL Plus AAA PSU Bond Apr 2026 75:25 Index Fund - Direct Plan - Growth Option,151364
Edelweiss CRISIL IBX 50:50 Gilt Plus SDL Short Duration Index fund - Direct Plan - Growth,151365
Axis Business Cycles Fund - Regular Plan - Growth,151366
Axis Business Cycles Fund - Regular Plan - IDCW,151367
Axis Business Cycles Fund - Direct Plan - Growth,151368
Axis Business Cycles Fund - Direct Plan - IDCW,151369
DSP Nifty SDL Plus G-Sec Sep 2027 50:50 Index Fund - Regular - Growth,151370
DSP Nifty SDL Plus G-Sec Sep 2027 50:50 Index Fund - Direct - IDCW,151371
DSP Nifty SDL Plus G-Sec Sep 2027 50:50 Index Fund - Regular - IDCW,151372
DSP Nifty SDL Plus G-Sec Sep 2027 50:50 Index Fund - Direct - Growth,151373
HDFC NIFTY Midcap 150 ETF - Growth Option,151374
HDFC NIFTY Smallcap 250 ETF - Growth Option,151375
HDFC BSE 500 ETF - Growth Option,151376
ITI Flexi Cap Fund- Regular Plan- Growth,151377
ITI Flexi Cap Fund- Regular Plan- IDCW,151378
ITI Flexi Cap Fund- Direct Plan- Growth,151379
ITI Flexi Cap Fund- Direct Plan- IDCW,151380
Kotak Banking & Financial Services Fund - Regular Plan - Growth,151381
Kotak Banking & Financial Services Fund - Regular Plan - IDCW Payout,151382
Kotak Banking & Financial Services Fund - Direct Plan - IDCW Payout,151383
Kotak Banking & Financial Services Fund - Direct Plan - Growth,151384
Nippon India Nifty SDL Plus G-Sec - Jun 2029 Maturity 70:30 Index Fund-Regular Plan-IDCW Option,151389
Nippon India Nifty SDL Plus G-Sec-Jun 2029 Maturity 70:30 Index Fund-Direct Plan-Growth Option,151390
Nippon India Nifty SDL Plus G-Sec-Jun 2029 Maturity 70:30 Index Fund-Direct Plan-IDCW Option,151391
Nippon India Nifty SDL Plus G-Sec-Jun 2029 Maturity 70:30 Index Fund-Regular Plan- Growth Option,151392
Edelweiss CRISIL IBX 50:50 Gilt Plus SDL Short Duration Index fund - Direct Plan - IDCW,151397
Edelweiss CRISIL IBX 50:50 Gilt Plus SDL Short Duration Index fund - Regular Plan - Growth,151398
Edelweiss CRISIL IBX 50:50 Gilt Plus SDL Short Duration Index fund - Regular Plan - IDCW,151399
"PGIM India CRISIL IBX Gilt Index - Apr 2028 Fund - Regular Plan, Growth Option",151404
"PGIM India CRISIL IBX Gilt Index - Apr 2028 Fund - Regular Plan, IDCW Option",151405
"PGIM India CRISIL IBX Gilt Index - Apr 2028 Fund - Direct Plan, IDCW Option",151406
"PGIM India CRISIL IBX Gilt Index - Apr 2028 Fund - Direct Plan, Growth Option",151407
BANDHAN CRISIL IBX GILT APRIL 2032 INDEX FUND - DIRECT GROWTH,151408
BANDHAN CRISIL IBX GILT APRIL 2032 INDEX FUND - REGULAR GROWTH,151409
BANDHAN CRISIL IBX GILT APRIL 2032 INDEX FUND - REGULAR IDCW,151410
BANDHAN CRISIL IBX GILT APRIL 2032 INDEX FUND - DIRECT IDCW,151411
Mirae Asset Flexi Cap Fund - Direct Plan - Growth,151412
Mirae Asset Flexi Cap Fund - Direct Plan -  IDCW,151413
Mirae Asset Flexi Cap Fund - Regular Plan - Growth,151414
Mirae Asset Flexi Cap Fund - Regular Plan - IDCW,151415
Mirae Asset Gold ETF,151416
Kotak Nifty SDL Jul 2033 Index Fund Regular Plan Growth Option,151417
Kotak Nifty SDL Jul 2033 Index Fund Direct Plan IDCW,151418
Kotak Nifty SDL Jul 2033 Index Fund Regular Plan IDCW,151419
Kotak Nifty SDL Jul 2033 Index Fund Direct Plan Growth Option,151420
Aditya Birla Sun Life CRISIL IBX SDL Jun 2032 INDEX FUND - Direct IDCW Payout,151425
Aditya Birla Sun Life CRISIL IBX SDL Jun 2032 INDEX FUND - Regular IDCW Payout,151426
Aditya Birla Sun Life CRISIL IBX SDL Jun 2032 INDEX FUND - Direct Growth,151427
Aditya Birla Sun Life CRISIL IBX SDL Jun 2032 INDEX FUND - Regular Growth,151428
AXIS CRISIL IBX 50:50 Gilt Plus SDL September 2027 Index Fund- REGULAR PLAN-GROWTH,151433
AXIS CRISIL IBX 50:50 Gilt Plus SDL September 2027 Index Fund- REGULAR PLAN-IDCW,151434
AXIS CRISIL IBX 50:50 Gilt Plus SDL September 2027 Index Fund- DIRECT PLAN-GROWTH,151435
AXIS CRISIL IBX 50:50 Gilt Plus SDL September 2027 Index Fund- DIRECT PLAN- IDCW,151436
Nippon India Nifty G-Sec Oct 2028 Maturity Index Fund-Regular Plan-Growth Option,151439
Nippon India Nifty G-Sec Oct 2028 Maturity Index Fund-Direct Plan-Growth Option,151440
Nippon India Nifty G-Sec Oct 2028 Maturity Index Fund-Regular Plan-IDCW Option,151441
Nippon India Nifty G-Sec Oct 2028 Maturity Index Fund-Direct Plan-IDCW Option,151442
Bank of India Multi Cap Fund Direct Plan - Growth,151443
Bank of India Multi Cap Fund Direct Plan - IDCW,151444
Bank of India Multi Cap Fund Regular Plan - Growth,151445
Bank of India Multi Cap Fund Regular Plan - IDCW,151446
HDFC Nifty SDL Oct 2026 Index Fund - Growth Option,151455
HDFC Nifty SDL Oct 2026 Index Fund - Growth Option - Direct Plan,151456
HDFC MNC Fund - Growth Option,151457
HDFC MNC Fund - Growth Option - Direct Plan,151458
HDFC MNC Fund - IDCW Option,151459
HDFC MNC Fund - IDCW Option - Direct Plan,151460
NAVI ELSS TAX SAVER NIFTY 50 INDEX FUND - DIRECT PLAN GROWTH,151471
NAVI ELSS TAX SAVER NIFTY 50 INDEX FUND - REGULAR PLAN GROWTH,151472
NAVI ELSS TAX SAVER NIFTY 50 INDEX FUND - DIRECT PLAN IDCW PAYOUT,151473
NAVI ELSS TAX SAVER NIFTY 50 INDEX FUND - REGULAR PLAN IDCW PAYOUT,151474
SBI Dividend Yield Fund - Direct Plan - Income Distribution cum Capital Withdrawal (IDCW) Option,151475
SBI Dividend Yield Fund - Regular Plan - Growth,151476
SBI Dividend Yield Fund - Regular Plan - Income Distribution cum Capital Withdrawal (IDCW) Option,151477
SBI Dividend Yield Fund - Direct Plan - Growth,151478
HSBC CRISIL IBX Gilt June 2027 Index Fund - Direct - Growth,151479
HSBC CRISIL IBX Gilt June 2027 Index Fund - Regular - Growth,151480
HSBC CRISIL IBX Gilt June 2027 Index Fund - Regular - IDCW,151481
HSBC CRISIL IBX Gilt June 2027 Index Fund - Direct - IDCW,151482
UTI NIFTY SDL Plus AAA PSU Bond Apr 2028- 75:25 Index Fund - Direct Plan - Growth Option,151487
UTI NIFTY SDL Plus AAA PSU Bond Apr 2028- 75:25 Index Fund - Regular Plan - Growth Option,151488
HDFC Nifty G-Sec Jun 2036 Index Fund - Growth Option - Direct Plan,151489
HDFC Nifty G-Sec Jun 2036 Index Fund - Growth Option,151490
HDFC Nifty G-Sec Apr 2029 Index Fund - Growth Option - Direct Plan,151495
HDFC Nifty G-Sec Apr 2029 Index Fund - Growth Option,151496
UTI Long Duration Fund - Direct Plan - Growth Option,151523
UTI Long duration Fund - Direct Plan - Quarterly IDCW Option,151524
UTI Long Duration Fund - Direct Plan - Annual IDCW Option,151525
UTI Long Duration Fund - Direct Plan - Flexi IDCW Option,151526
UTI Long Duration Fund - Regular Plan - Growth Option,151527
UTI Long Duration Fund - Regular Plan - Quarterly IDCW Option,151528
UTI Long Duration Fund - Regular Plan - Half Yearly IDCW Option,151529
UTI Long Duration Fund - Direct Plan - Half Yearly IDCW Option,151530
UTI Long Duration Fund - Regular Plan - Annual IDCW Option,151531
UTI Long Duration Fund - Regular Plan - Flexi IDCW Option,151532
Aditya Birla Sun Life CRISIL Liquid Overnight ETF - IDCW Daily Reinvestment with Weekly Payout,151533
Bandhan US Treasury Bond 0-1 year specific Debt Passive FOF - REGULAR PLAN - GROWTH,151546
Bandhan US Treasury Bond 0-1 year specific Debt Passive FOF- REGULAR PLAN- IDCW,151547
Bandhan US Treasury Bond 0-1 year specific Debt Passive FOF - DIRECT PLAN - GROWTH,151548
Bandhan US Treasury Bond 0-1 year specific Debt Passive FOF - DIRECT PLAN - IDCW,151549
Aditya Birla Sun Life Nifty SDL SEP 2027 Index Fund-Regular Growth,151560
Aditya Birla Sun Life Nifty SDL SEP 2027 Index Fund-Regular IDCW,151561
Aditya Birla Sun Life Nifty SDL SEP 2027 Index Fund-Direct Growth,151562
Aditya Birla Sun Life Nifty SDL SEP 2027 Index Fund-Direct IDCW,151563
HDFC NIFTY SDL Plus G-Sec Jun 2027 40:60 Index Fund - Growth Option - Direct Plan,151570
HDFC NIFTY SDL Plus G-Sec Jun 2027 40:60 Index Fund - Growth Option,151571
ICICI Prudential Nifty PSU Bank ETF,151572
Baroda BNP Paribas NIFTY SDL December 2028 Index Fund - Regular Plan - IDCW Option,151573
Baroda BNP Paribas NIFTY SDL December 2028 Index Fund - Direct Plan - Growth Option,151574
Baroda BNP Paribas NIFTY SDL December 2028 Index Fund - Direct Plan - IDCW Option,151575
Baroda BNP Paribas NIFTY SDL December 2028 Index Fund - Regular Plan - Growth Option,151576
Aditya Birla Sun Life Crisil IBX Gilt Apr 2028 Index Fund-Direct Growth,151577
ICICI Prudential Innovation Fund - Direct Plan - IDCW,151578
ICICI Prudential Innovation Fund - Growth,151579
ICICI Prudential Innovation Fund - Direct Plan - Growth,151580
ICICI Prudential Innovation Fund - IDCW,151581
Aditya Birla Sun Life Crisil IBX Gilt Apr 2028 Index Fund-Regular IDCW,151582
Aditya Birla Sun Life Crisil IBX Gilt Apr 2028 Index Fund-Regular Growth,151583
Aditya Birla Sun Life Crisil IBX Gilt Apr 2028 Index Fund-Direct IDCW,151584
Axis BSE Sensex ETF,151585
Invesco India Nifty G-sec Jul 2027 Index Fund - Regular Plan - Growth,151590
Invesco India Nifty G-sec Jul 2027 Index Fund - Regular Plan - IDCW Payout,151591
Invesco India Nifty G-sec Jul 2027 Index Fund - Direct Plan - IDCW Payout,151592
Invesco India Nifty G-sec Jul 2027 Index Fund - Direct Plan - Growth,151593
Invesco India Nifty G-sec Sep 2032 Index Fund - Regular Plan - Growth,151594
Invesco India Nifty G-sec Sep 2032 Index Fund - Regular Plan - IDCW Payout,151595
Invesco India Nifty G-sec Sep 2032 Index Fund - Direct Plan - IDCW Payout,151596
Invesco India Nifty G-sec Sep 2032 Index Fund - Direct Plan - Growth,151597
Kotak Silver ETF Fund of Fund - Regular Plan - Growth Option,151602
Kotak Silver ETF Fund of Fund - Direct Plan - Growth Option,151603
Mirae Asset Nifty 100 Low Volatility 30 ETF,151604
NJ ELSS Tax Saver Scheme Regular Growth,151609
NJ ELSS Tax Saver Scheme Regular IDCW,151610
NJ ELSS Tax Saver Scheme Direct Growth,151611
NJ ELSS Tax Saver Scheme Direct IDCW,151612
Kotak Nifty Smallcap 50 Index Fund - Regular Plan - Growth,151647
Kotak Nifty Smallcap 50 Index Fund - Regular Plan - IDCW,151648
Kotak Nifty Smallcap 50 Index Fund - Direct Plan - Growth,151649
Kotak Nifty Smallcap 50 Index Fund - Direct Plan - IDCW,151650
Mirae Asset Nifty SDL June 2028 Index Fund - Direct Plan - Growth,151691
Mirae Asset Nifty SDL June 2028 Index Fund - Direct Plan - IDCW,151692
Mirae Asset Nifty SDL June 2028 Index Fund - Regular Plan - IDCW,151693
Mirae Asset Nifty SDL June 2028 Index Fund -Regular Plan - Growth,151694
Mirae Asset Nifty 8-13 yr Gsec ETF,151695
quant Dynamic Asset Allocation Fund - IDCW Option - Direct Plan,151712
quant Dynamic Asset Allocation Fund - Growth Option - Direct Plan,151713
quant Dynamic Asset Allocation Fund - Growth Option - Regular Plan,151714
quant Dynamic Asset Allocation Fund - IDCW Option - Regular Plan,151715
HDFC NIFTY Midcap 150 Index Fund - Growth Option - Direct Plan,151724
HDFC NIFTY Midcap 150 Index Fund - Growth Option,151725
HDFC NIFTY Smallcap 250 Index Fund - Growth Option,151726
HDFC NIFTY Smallcap 250 Index Fund - Growth Option - Direct Plan,151727
HDFC BSE 500 Index Fund - Growth Option - Direct Plan,151728
HDFC BSE 500 Index Fund - Regular Plan - Growth Option,151729
UTI Silver Exchange Traded Fund,151730
UTI Silver ETF Fund of Fund - Direct Plan - Growth Option,151731
UTI Silver ETF Fund of Fund - Regular Plan - Growth Option,151732
DSP Gold ETF,151737
UTI Nifty 500 Value 50 Index Fund - Regular Plan - Growth Option,151738
UTI Nifty 500 Value 50 Index Fund - Direct Plan - Growth Option,151739
WhiteOak Capital Multi Asset Allocation Fund Direct Plan Growth,151745
WhiteOak Capital Multi Asset Allocation Fund Regular Plan Growth,151746
Baroda BNP Paribas Value Fund - Regular Plan - Growth option,151747
HDFC Defence Fund - IDCW Option,151748
HDFC Defence Fund - IDCW Option - Direct Plan,151749
HDFC Defence Fund - Growth Option - Direct Plan,151750
HDFC Defence Fund - Growth Option,151751
Samco Active Momentum Fund - Regular Plan - Growth Option,151752
Samco Active Momentum Fund - Direct Plan - Growth Option,151753
Baroda BNP Paribas Value Fund - Regular Plan - IDCW option,151754
Baroda BNP Paribas Value Fund - Direct Plan - Growth option,151755
Baroda BNP Paribas Value Fund - Direct Plan - IDCW option,151756
quant Business Cycle Fund - Growth Option - Direct Plan,151757
quant Business Cycle Fund - Growth Option - Regular Plan,151758
quant Business Cycle Fund - IDCW Option - Direct Plan,151759
quant Business Cycle Fund - IDCW Option - Regular Plan,151760
UTI Nifty50 Equal Weight Index Fund - Regular Plan - Growth Option,151761
UTI Nifty50 Equal Weight Index Fund - Direct Plan - Growth Option,151762
UTI BSE Housing Index Fund - Regular Plan - Growth Option,151763
UTI BSE Housing Index Fund - Direct Plan - Growth Option,151764
SBI BSE Sensex Index Fund - Regular Plan - Growth,151765
SBI BSE Sensex Index Fund - Regular Plan - IDCW,151766
SBI BSE Sensex Index Fund - Direct Plan - Growth,151769
SBI BSE Sensex Index Fund - Direct Plan - IDCW,151770
ITI Focused Fund - Regular Plan - IDCW,151775
ITI Focused Fund - Direct Plan - IDCW,151776
ITI Focused Fund - Direct Plan - Growth,151777
ITI Focused Fund - Regular Plan - Growth,151778
Mirae Asset Silver ETF,151779
Kotak Nifty 200 Momentum 30 Index Fund - Regular Plan - IDCW Payout,151780
Kotak Nifty 200 Momentum 30 Index Fund - Direct Plan - Growth Option,151781
Kotak Nifty 200 Momentum 30 Index Fund - Direct Plan - IDCW Payout,151782
Kotak Nifty 200 Momentum 30 Index Fund - Regular Plan - Growth Option,151783
Axis Nifty IT Index Fund - Regular Plan - IDCW,151784
Axis Nifty IT Index Fund - Direct Plan - Growth,151785
Axis Nifty IT Index Fund - Direct Plan - IDCW,151786
Axis Nifty IT Index Fund - Regular Plan - Growth,151787
quant BFSI Fund - Growth Option - Regular Plan,151788
quant BFSI Fund - IDCW Option - Regular Plan,151789
quant BFSI Fund - IDCW Option - Direct Plan,151790
quant BFSI Fund - Growth Option - Direct Plan,151791
Edelweiss Multi Asset Allocation Fund - Direct Plan - Growth,151792
Edelweiss Multi Asset Allocation Fund - Direct Plan - IDCW Option,151793
Edelweiss Multi Asset Allocation Fund - Regular Plan - IDCW Option,151794
Edelweiss Multi Asset Allocation Fund - Regular Plan - Growth,151795
360 ONE FLEXICAP FUND-DIRECT PLAN- GROWTH,151796
360 ONE FLEXICAP FUND-REGULAR PLAN- IDCW,151797
360 ONE FLEXICAP FUND-DIRECT PLAN- IDCW,151798
360 ONE FLEXICAP FUND-REGULAR PLAN- GROWTH,151799
HDFC Consumption Fund - IDCW Option,151802
HDFC Consumption Fund - Growth Option,151803
HDFC Consumption Fund - Growth Option - Direct Plan,151804
HDFC Consumption Fund - IDCW Option - Direct Plan,151805
Mirae Asset Multicap Fund - Direct Plan - Growth,151810
Mirae Asset Multicap Fund - Direct Plan - IDCW,151811
Mirae Asset Multicap Fund - Regular Plan - Growth,151812
Mirae Asset Multicap Fund - Regular Plan - IDCW,151813
Motilal Oswal Nifty Microcap 250 Index Fund- Direct- Growth Option,151814
Motilal Oswal Nifty Microcap 250 Index Fund- Regular- Growth Option,151815
BANDHAN FINANCIAL SERVICES FUND - DIRECT PLAN - GROWTH,151816
BANDHAN FINANCIAL SERVICES FUND - DIRECT PLAN - IDCW,151817
BANDHAN FINANCIAL SERVICES FUND - REGULAR PLAN - GROWTH,151818
BANDHAN FINANCIAL SERVICES FUND - REGULAR PLAN - IDCW,151819
DSP Nifty IT ETF,151820
Canara Robeco Multi Cap Fund - Regular Plan - Growth Option,151821
Canara Robeco Multi Cap Fund - Direct Plan - IDCW Option,151822
Canara Robeco Multi Cap Fund - Regular Plan - IDCW Option,151823
Canara Robeco Multi Cap Fund - Direct Plan - Growth Option,151824
Bajaj Finserv Liquid Fund - Direct Plan - Growth,151833
Bajaj Finserv Liquid Fund - Direct Plan - Weekly - IDCW,151834
Bajaj Finserv Liquid Fund - Direct Plan - Daily - IDCW,151835
Bajaj Finserv Liquid Fund - Direct Plan - Monthly - IDCW,151836
Bajaj Finserv Liquid Fund - Regular Plan - Growth,151837
Bajaj Finserv Liquid Fund - Direct Plan - Fortnightly - IDCW,151838
Bajaj Finserv Liquid Fund - Regular Plan - Daily - IDCW,151839
Bajaj Finserv Liquid Fund - Regular Plan - Weekly - IDCW,151840
Bajaj Finserv Liquid Fund - Regular Plan - Fortnightly - IDCW,151841
Bajaj Finserv Liquid Fund - Regular Plan - Monthly - IDCW,151842
Bajaj Finserv Overnight Fund - Direct Plan - Daily - IDCW,151843
Bajaj Finserv Overnight Fund - Direct Plan - Weekly - IDCW,151844
Bajaj Finserv Overnight Fund - Direct Plan - Monthly - IDCW,151845
Bajaj Finserv Overnight Fund - Regular Plan - Weekly - IDCW,151846
Bajaj Finserv Overnight Fund - Regular Plan - Fortnightly - IDCW,151847
Bajaj Finserv Overnight Fund - Regular Plan - Monthly - IDCW,151848
Bajaj Finserv Overnight Fund - Direct Plan - Growth,151849
Bajaj Finserv Overnight Fund - Direct Plan - Fortnightly - IDCW,151850
Bajaj Finserv Overnight Fund - Regular Plan - Growth,151851
Bajaj Finserv Overnight Fund - Regular Plan - Daily - IDCW,151852
quant Healthcare Fund - Growth Option - Direct Plan,151853
quant Healthcare Fund - IDCW Option - Direct Plan,151854
quant Healthcare Fund - Growth Option - Regular Plan,151855
quant Healthcare Fund - IDCW Option - Regular Plan,151856
Mirae Asset Nifty Bank ETF,151857
Kotak Quant Fund - Regular Plan - Growth Option,151878
Kotak Quant Fund - Regular Plan - IDCW Payout,151879
Kotak Quant Fund - Direct plan - IDCW Payout,151880
Kotak Quant Fund - Direct Plan - Growth Option,151881
UTI Balanced Advantage Fund - Regular Plan - Growth Option,151882
UTI Balanced Advantage Fund - Direct Plan - Payout of IDCW Option,151883
UTI Balanced Advantage Fund - Regular Plan - Payout of IDCW Option,151884
UTI Balanced Advantage Fund - Direct Plan - Growth Option,151885
DSP BSE Sensex ETF,151886
DSP Nifty Private Bank ETF,151887
DSP Nifty PSU Bank ETF,151888
Bajaj Finserv Money Market Fund-Direct Plan-Growth,151889
Bajaj Finserv Money Market Fund-Direct Plan-IDCW,151890
Bajaj Finserv Money Market Fund-Regular Plan-IDCW,151891
Bajaj Finserv Money Market Fund-Regular Plan-Monthly-IDCW,151892
Bajaj Finserv Money Market Fund-Regular Plan-Growth,151893
Bajaj Finserv Money Market Fund-Direct Plan-Monthly-IDCW,151894
Bajaj Finserv Flexi Cap Fund-Direct Plan-Growth,151895
Bajaj Finserv Flexi Cap Fund-Direct Plan-IDCW,151896
Bajaj Finserv Flexi Cap Fund-Regular Plan-IDCW,151897
Bajaj Finserv Flexi Cap Fund -Regular Plan-Growth,151898
HDFC Transportation and Logistics Fund - IDCW Option - Direct Plan,151899
HDFC Transportation and Logistics Fund - Growth Option,151900
HDFC Transportation and Logistics Fund - Growth Option - Direct Plan,151901
HDFC Transportation and Logistics Fund - IDCW Option,151902
Union Innovation & Opportunities Fund - Regular Plan - Growth Option,151903
Union Innovation & Opportunities Fund - Direct Plan - IDCW Option,151904
Union Innovation & Opportunities Fund - Direct Plan - Growth Option,151905
Union Innovation & Opportunities Fund - Regular Plan - IDCW Option,151906
ICICI Prudential Nifty 200 Quality 30 ETF,151907
Mirae Asset Nifty 1D Rate Liquid ETF-IDCW,151908
Kotak Nifty Financial Services Ex-Bank Index Fund - Regular Plan - Growth option,151909
Kotak Nifty Financial Services Ex-Bank Index Fund - Regular Plan - IDCW option,151910
Kotak Nifty Financial Services Ex-Bank Index Fund - Direct Plan - Growth option,151911
Kotak Nifty Financial Services Ex-Bank Index Fund - Direct Plan - IDCW option,151912
quant Manufacturing Fund - Growth Option - Regular Plan,151913
quant Manufacturing Fund - IDCW Option - Direct Plan,151914
quant Manufacturing Fund - IDCW Option - Regular Plan,151915
quant Manufacturing Fund - Growth Option - Direct Plan,151916
NJ Flexi Cap Fund - Direct Plan - Growth Option,151917
NJ Flexi Cap Fund - Direct Plan - IDCW Option,151918
NJ Flexi Cap Fund - Regular Plan - IDCW Option,151919
NJ Flexi Cap Fund - Regular Plan - Growth Option,151920
LIC MF Liquid Fund-Regular Plan-Weekly IDCW,151927
LIC MF Liquid Fund-Regular Plan-Monthly IDCW,151928
LIC MF Liquid Fund-Direct Plan-Monthly IDCW,151930
LIC MF Liquid Fund-Direct Plan-Weekly IDCW,151932
LIC MF Nifty Next 50 Index Fund-Regular Plan-Growth,151935
LIC MF Nifty Next 50 Index Fund-Regular Plan-IDCW,151936
LIC MF Nifty Next 50 Index Fund-Direct Plan-Growth,151937
LIC MF Nifty Next 50 Index Fund-Direct Plan-IDCW,151938
LIC MF Equity Savings Fund-Regular Plan-Monthly IDCW,151949
LIC MF Equity Savings Fund-Regular Plan-Growth,151950
LIC MF Equity Savings Fund-Regular Plan-Quarterly IDCW,151951
LIC MF Equity Savings Fund-Direct Plan-Growth,151952
LIC MF Equity Savings Fund-Direct Plan-Monthly IDCW,151953
LIC MF Equity Savings Fund-Direct Plan-Quarterly IDCW,151954
LIC MF Short Duration Fund-Regular Plan-Monthly IDCW,151955
LIC MF Short Duration Fund-Regular Plan-Weekly IDCW,151956
LIC MF Short Duration Fund-Direct Plan-Monthly IDCW,151959
LIC MF Short Duration Fund-Direct Plan-Weekly IDCW,151960
LIC MF Gold Exchange Traded Fund,151961
LIC MF Gold ETF Fund of Fund-Regular Plan-Growth,151973
LIC MF Gold ETF Fund of Fund-Direct Plan-Growth,151974
LIC MF Medium to Long Duration Fund-Regular Plan-Quarterly IDCW,151986
LIC MF Medium to Long Duration Fund-Direct Plan-Quarterly IDCW,151988
LIC MF Medium to Long Duration Fund-Regular Plan-Annual IDCW,151989
LIC MF Medium to Long Duration Fund-Direct Plan-Annual IDCW,151990
LIC MF Mid Cap Fund-Direct Plan-IDCW,151999
LIC MF Mid Cap Fund-Regular Plan-IDCW,152000
LIC MF Mid Cap Fund-Regular Plan-Growth,152001
LIC MF Mid Cap Fund-Direct Plan-Growth,152002
LIC MF Small Cap Fund-Regular Plan-Growth,152003
LIC MF Small Cap Fund-Direct Plan-Growth,152004
LIC MF Small Cap Fund-Direct Plan-IDCW,152005
LIC MF Small Cap Fund-Regular Plan-IDCW,152006
LIC MF Focused Fund-Regular Plan-IDCW,152007
LIC MF Focused Fund-Direct Plan-IDCW,152008
LIC MF Focused Fund-Regular Plan-Growth,152009
LIC MF Focused Fund-Direct Plan-Growth,152010
LIC MF Value Fund-Direct Plan-IDCW,152015
LIC MF Value Fund-Regular Plan-Growth,152016
LIC MF Value Fund-Regular Plan-IDCW,152017
LIC MF Value Fund-Direct Plan-Growth,152018
LIC MF Dividend Yield Fund-Regular Plan-Growth,152019
LIC MF Dividend Yield Fund-Regular Plan-IDCW,152020
LIC MF Dividend Yield Fund-Direct Plan-IDCW,152021
LIC MF Dividend Yield Fund-Direct Plan-Growth,152022
LIC MF Healthcare Fund-Direct Plan-IDCW,152023
LIC MF Healthcare Fund-Direct Plan-Growth,152024
LIC MF Healthcare Fund-Regular Plan-Growth,152025
LIC MF Healthcare Fund-Regular Plan-IDCW,152026
HSBC Consumption Fund - Regular Growth,152027
HSBC Consumption Fund - Direct IDCW,152028
HSBC Consumption Fund - Regular IDCW,152030
HSBC Consumption Fund - Direct Growth,152032
Nippon India Innovation Fund-Direct Plan-Growth Option,152033
Nippon India Innovation Fund-Regular Plan-Growth Option,152034
Nippon India Innovation Fund-Direct Plan-IDCW Option,152035
Nippon India Innovation Fund-Regular Plan-IDCW Option,152036
Kotak BSE Housing Index Fund - Direct Plan - IDCW Option,152037
Kotak  BSE Housing Index Fund - Regular Plan - Growth Option,152038
Kotak BSE Housing Index Fund - Direct Plan - Growth Option,152039
Kotak  BSE Housing Index Fund - Regular Plan - IDCW Option,152040
Bandhan Nifty IT Index Fund - Direct Plan - Growth,152041
Bandhan Nifty IT Index Fund - Direct Plan - IDCW,152042
Bandhan Nifty IT Index Fund - Regular Plan - Growth,152043
Bandhan Nifty IT Index Fund - Regular Plan - IDCW,152044
Mahindra Manulife Business Cycle Fund - Direct Plan - Growth,152045
Mahindra Manulife Business Cycle Fund-  Regular Plan - Growth,152046
Mahindra Manulife Business Cycle Fund - Regular Plan - IDCW,152047
Mahindra Manulife Business Cycle Fund - Direct Plan - IDCW,152048
UTI Nifty Midcap 150 Exchange Traded Fund,152050
Shriram Multi Asset Allocation Fund - Direct Growth,152051
Shriram Multi Asset Allocation Fund - Regular Growth,152052
DSP Multi Asset Allocation Fund - Regular - Growth,152053
DSP Multi Asset Allocation Fund - Regular - IDCW,152054
DSP Multi Asset Allocation Fund - Direct - IDCW,152055
DSP Multi Asset Allocation Fund - Direct - Growth,152056
HDFC Technology Fund - IDCW Option,152057
HDFC Technology Fund - Growth Option,152058
HDFC Technology Fund - Growth Option - Direct Plan,152059
HDFC Technology Fund - IDCW Option - Direct Plan,152060
NAVI BSE SENSEX INDEX FUND - REGULAR PLAN - GROWTH,152061
NAVI BSE SENSEX INDEX FUND - DIRECT PLAN - GROWTH,152062
Kotak Multi Asset Allocation Fund - Direct Plan - IDCW Option,152063
Kotak Multi Asset Allocation Fund - Direct Plan - Growth Option,152064
Kotak Multi Asset Allocation Fund - Regular Plan - Growth Option,152065
Kotak Multi Asset Allocation Fund - Regular Plan - IDCW Option,152066
quant Teck Fund - Growth Option - Direct Plan,152067
quant Teck Fund - IDCW Option - Direct Plan,152068
quant Teck Fund - IDCW Option - Regular Plan,152069
quant Teck Fund - Growth Option - Regular Plan,152070
WhiteOak Capital Multi Cap Fund Direct Plan Growth,152071
WhiteOak Capital Multi Cap Fund Regular Plan Growth,152072
360 ONE Balanced Hybrid Fund - Direct Plan - IDCW,152073
360 ONE Balanced Hyrbrid fund - Regular Plan - IDCW,152074
360 ONE Balanced Hybrid Fund - Regular Plan - Growth,152075
360 ONE Balanced Hybrid Fund- Direct Plan - Growth,152076
Bajaj Finserv Arbitrage Fund-Direct Plan-Growth,152077
Bajaj Finserv Arbitrage Fund- Regular Plan-Growth,152078
Bajaj Finserv Arbitrage Fund-Regular Plan-IDCW,152079
Bajaj Finserv Arbitrage Fund- Direct Plan-IDCW,152080
HDFC Pharma and Healthcare Fund - IDCW Option - Direct Plan,152081
HDFC Pharma and Healthcare Fund - Growth Option - Direct Plan,152082
HDFC Pharma and Healthcare Fund - IDCW Option,152083
HDFC Pharma and Healthcare Fund - Growth Option,152084
UTI Innovation Fund - Regular Plan - Growth Option,152086
UTI Innovation Fund - Direct Plan - Growth Option,152087
UTI Innovation Fund - Regular Plan - Payout of IDCW Option,152088
UTI Innovation Fund - Direct Plan - Payout of IDCW Option,152089
Motilal Oswal Developed Market Ex US ETFs Fund of Funds Direct Plan Growth,152090
Motilal Oswal Developed Market Ex US ETFs Fund of Funds Regular Plan Growth,152091
Groww Nifty Total Market Index Fund - Direct Plan - Growth,152092
Edelweiss Multi Cap Fund - Direct Plan - IDCW,152093
Edelweiss Multi Cap Fund - Direct Plan - Growth,152094
Edelweiss Multi Cap Fund - Regular Plan - Growth,152095
Edelweiss Multi Cap Fund - Regular Plan - IDCW,152096
Mirae Asset BSE Sensex ETF,152097
Kotak Nifty G-Sec July 2033 Index Fund - Direct Plan - Growth,152098
Kotak Nifty G-Sec July 2033 Index Fund - Direct Plan - IDCW Payout,152099
Kotak Nifty G-Sec July 2033 Index Fund - Regular Plan - Growth,152100
Kotak Nifty G-Sec July 2033 Index Fund - Regular Plan - IDCW Payout,152101
Bandhan Retirement Fund - Direct Plan - Growth,152102
Bandhan Retirement Fund - Regular Plan - Growth,152103
Bandhan Retirement Fund - Direct Plan - IDCW,152104
Bandhan Retirement Fund - Regular Plan - IDCW,152105
Motilal Oswal Nifty 500 ETF,152106
QUANTUM SMALL CAP FUND - DIRECT PLAN GROWTH OPTION,152107
QUANTUM SMALL CAP FUND - REGULAR PLAN GROWTH OPTION,152108
Parag Parikh Arbitrage Fund - Direct Plan Growth,152109
Parag Parikh Arbitrage Fund - Regular Plan Growth,152110
PGIM India Money Market Fund - Segregated Portfolio 1 - Direct Plan - Annual IDCW option,152111
PGIM India Money Market Fund - Segregated Portfolio 1 - Direct Plan - Monthly IDCW Option,152112
PGIM India Money Market Fund - Segregated Portfolio 1 - Direct Plan - Quarterly IDCW option,152113
PGIM India Money Market Fund - Segregated Portfolio 1 - Direct Plan - Growth Option,152114
NJ Overnight Fund - Unclaimed Redemption Plan - Upto 3 Years,152116
PGIM India Money Market Fund - Segregated Portfolio 1 - Regular Plan - Monthly IDCW option,152119
PGIM India Money Market Fund - Segregated Portfolio 1 - Regular Plan - Annual IDCW Option,152120
PGIM India Money Market Fund - Segregated Portfolio 1 - Regular Plan - Quarterly IDCW Option,152121
PGIM India Money Market Fund - Segregated Portfolio 1 - Regular plan - Growth option,152122
Groww Nifty Total Market Index Fund - Direct Plan - IDCW,152125
Groww Nifty Total Market Index Fund - Regular Plan - IDCW,152126
Groww Nifty Total Market Index Fund - Regular Plan - Growth,152127
Baroda BNP Paribas Small Cap Fund - Direct Plan - Growth option,152128
Baroda BNP Paribas Small Cap Fund - Direct Plan - IDCW option,152129
Baroda BNP Paribas Small Cap Fund - Regular Plan - Growth option,152130
Baroda BNP Paribas Small Cap Fund - Regular Plan - IDCW option,152131
WhiteOak Capital Balanced Hybrid Fund Direct Plan Growth,152132
WhiteOak Capital Balanced Hybrid Fund Regular Plan Growth,152133
Mirae Asset Nifty 200 Alpha 30 ETF,152134
Helios Flexi Cap Fund - Direct Plan - Growth Option,152135
Helios Flexi Cap Fund - Regular Plan - Growth Option,152136
Helios Flexi Cap Fund - Regular Plan - IDCW Option,152137
Helios Flexi Cap Fund - Direct Plan - IDCW Option,152138
Aditya Birla Sun Life US Treasury 1-3 Year Bond ETFs Fund Of Funds-Direct IDCW Payout,152139
Aditya Birla Sun Life US Treasury 1-3 Year Bond ETFs Fund Of Funds-Direct Growth,152140
Aditya Birla Sun Life US Treasury 1-3 Year Bond ETFs Fund Of Funds-Regular Growth,152142
Aditya Birla Sun Life US Treasury 1-3 Year Bond ETFs Fund Of Funds-Regular IDCW,152144
Aditya Birla Sun Life US Treasury 3-10 Year Bond ETFs Fund Of Funds-Direct IDCW,152145
Aditya Birla Sun Life US Treasury 3-10 Year Bond ETFs Fund Of Funds-Regular Growth,152147
Aditya Birla Sun Life US Treasury 3-10 Year Bond ETFs Fund Of Funds-Regular IDCW,152149
Aditya Birla Sun Life US Treasury 3-10 Year Bond ETFs Fund Of Funds-Direct Growth,152150
Helios Overnight Fund - Direct Plan - Daily IDCW Option,152151
Helios Overnight Fund - Direct Plan - Growth Option,152152
Helios Overnight Fund - Regular Plan - Growth Option,152153
Helios Overnight Fund - Regular Plan - Daily IDCW Option,152154
Mirae Asset Nifty IT ETF,152155
Zerodha Nifty LargeMidcap 250 Index Fund - Direct Plan - Growth option,152156
Zerodha ELSS Tax Saver Nifty LargeMidcap 250 Index Fund - Direct Plan - Growth option,152157
Aditya Birla Sun Life Transportation and Logistics Fund-Direct Growth,152158
Aditya Birla Sun Life Transportation and Logistics Fund-Direct IDCW,152159
Aditya Birla Sun Life Transportation and Logistics Fund-Regular IDCW,152160
Aditya Birla Sun Life Transportation and Logistics Fund-Regular Growth,152161
Bajaj Finserv Banking and PSU Fund-Direct Plan- Growth,152162
Bajaj Finserv Banking and PSU Fund- Direct Plan- IDCW,152163
Bajaj Finserv Banking and PSU Fund-  Direct Plan-Monthly- IDCW,152164
Bajaj Finserv Banking and PSU Fund- Regular Plan- Growth,152165
Bajaj Finserv Banking and PSU Fund- Regular Plan- IDCW,152166
Bajaj Finserv Banking and PSU Fund-Regular Plan-Monthly-IDCW,152167
SBI NIFTY 1D Rate Liquid ETF - IDCW,152168
Kotak Consumption Fund - Direct plan - Growth Option,152169
Kotak Consumption Fund - Regular plan - Growth Option,152170
Kotak Consumption Fund - Regular plan - IDCW Option,152171
Kotak Consumption Fund - Direct plan - IDCW Option,152172
Bandhan Nifty Alpha 50 Index Fund - Direct Plan - Growth,152177
Bandhan Nifty Alpha 50 Index Fund - Direct Plan - IDCW,152178
Bandhan Nifty Alpha 50 Index Fund - Regular Plan - Growth,152179
Bandhan Nifty Alpha 50 Index Fund - Regular Plan - IDCW,152180
DSP Gold ETF Fund of Fund - Regular - IDCW,152181
DSP Gold ETF Fund of Fund - Regular - Growth,152182
DSP Gold ETF Fund of Fund - Direct - Growth,152183
DSP Gold ETF Fund of Fund - Direct - IDCW,152184
Samco Dynamic Asset Allocation Fund - Regular Plan - IDCW Option,152185
Samco Dynamic Asset Allocation Fund - Direct Plan - IDCW Option,152186
Samco Dynamic Asset Allocation Fund - Regular Plan - Growth Option,152187
Samco Dynamic Asset Allocation Fund - Direct Plan - Growth Option,152188
quant Momentum Fund - Growth Option - Direct Plan,152189
quant Momentum Fund - Growth Option - Regular Plan,152190
quant Momentum Fund - IDCW Option - Regular Plan,152191
quant Momentum Fund - IDCW Option - Direct Plan,152192
Edelweiss Gold ETF,152193
Bajaj Finserv Balanced Advantage Fund-Direct Plan-Growth,152194
Bajaj Finserv Balanced Advantage Fund-Direct Plan-IDCW,152195
Bajaj Finserv Balanced Advantage Fund-Regular Plan-Growth,152196
Bajaj Finserv Balanced Advantage Fund-Regular Plan-IDCW,152197
Franklin India Money Market Fund Wkly IDCW R,152199
Franklin India Money Market Fund - DP - Wkly IDCW R,152200
Axis India Manufacturing Fund - Direct Plan - Growth,152202
Axis India Manufacturing Fund - Regular Plan - IDCW,152203
Axis India Manufacturing Fund - Direct Plan - IDCW,152204
Axis India Manufacturing Fund - Regular Plan - Growth,152205
DSP Banking & Financial Services Fund - Direct - Growth,152206
DSP Banking & Financial Services Fund - Direct - IDCW,152207
DSP Banking & Financial Services Fund - Regular - Growth,152208
DSP Banking & Financial Services Fund - Regular - IDCW,152209
Edelweiss Silver ETF,152212
Kotak Healthcare Fund - Regular Plan - IDCW Option,152213
Kotak Healthcare Fund - Direct Plan - Growth Option,152214
Kotak Healthcare Fund - Direct Plan - IDCW Option,152215
Kotak Healthcare Fund - Regular Plan - Growth Option,152216
Union Children's Fund - Regular Plan - Growth Option,152217
Union Children's Fund - Regular Plan - IDCW Option,152218
Union Children's Fund - Direct Plan - Growth Option,152219
Union Children's Fund - Direct Plan - IDCW Option,152220
Whiteoak Capital Large & Mid Cap Fund Regular Plan Growth,152225
Whiteoak Capital Large & Mid Cap Fund Direct Plan Growth,152226
Baroda BNP Paribas Gold ETF,152231
Motilal Oswal Small Cap Fund - Regular - Growth,152232
Motilal Oswal Small Cap Fund - Regular - IDCW,152234
Motilal Oswal Small Cap Fund - Direct IDCW,152235
Motilal Oswal Small Cap Fund - Direct - Growth,152237
Axis US Specific Treasury Dynamic Debt Passive FOF - Regular Plan - IDCW Option,152238
Axis US Specific Treasury Dynamic Debt Passive FOF - Regular Plan - Growth Option,152239
Axis US Specific Treasury Dynamic Debt Passive FOF - Direct Plan - Growth Option,152240
Axis US Specific Treasury Dynamic Debt Passive FOF - Direct Plan - IDCW Option,152241
DSP Nifty Smallcap250 Quality 50 Index Fund - Regular - IDCW,152242
DSP Nifty Smallcap250 Quality 50 Index Fund - Direct - Growth,152243
DSP Nifty Smallcap250 Quality 50 Index Fund - Direct - IDCW,152244
DSP Nifty Smallcap250 Quality 50 Index Fund - Regular - Growth,152245
Groww Banking & Financial Services Fund - Direct Plan - Growth,152254
quant Commodities Fund - Growth Option - Direct Plan,152255
quant Commodities Fund - Growth Option - Regular Plan,152256
quant Commodities Fund - IDCW Option - Direct Plan,152257
quant Commodities Fund - IDCW Option - Regular Plan,152258
BANDHAN Nifty Smallcap 250 Index Fund - Direct Plan - IDCW,152263
BANDHAN Nifty Smallcap 250 Index Fund - Direct Plan - Growth,152264
BANDHAN Nifty Smallcap 250 Index Fund - Regular Plan - IDCW,152265
BANDHAN Nifty Smallcap 250 Index Fund - Regular Plan - Growth,152266
Aditya Birla Sun Life Crisil IBX Gilt Apr 2033 Index Fund-Direct Growth,152267
Aditya Birla Sun Life Crisil IBX Gilt Apr 2033 Index Fund-Regular Growth,152268
Aditya Birla Sun Life Crisil IBX Gilt Apr 2033 Index Fund-Regular IDCW payout,152269
Aditya Birla Sun Life Crisil IBX Gilt Apr 2033 Index Fund-Direct IDCW Payout,152270
Groww Banking & Financial Services Fund-IDCW,152273
Groww Banking & Financial Services Fund - Regular - Growth,152274
Groww Banking & Financial Services Fund - Regular Plan - IDCW,152276
Tata Gold Exchange Traded Fund,152284
Tata Silver Exchange Traded Fund,152285
Tata Gold ETF Fund of Fund Regular Plan IDCW Payout Option,152286
Tata Gold ETF Fund of Fund Direct Plan Growth Option,152287
Tata Gold ETF Fund of Fund Direct Plan IDCW Payout Option,152288
Tata Gold ETF Fund of Fund Direct Plan IDCW Reinvestment Option,152289
Tata Gold ETF Fund of Fund Regular Plan Growth Option,152290
Tata Gold ETF Fund of Fund Regular Plan IDCW Reinvestment Option,152291
Tata Silver ETF Fund of Fund Regular Plan IDCW Reinvestment Option,152292
Tata Silver ETF Fund of Fund Direct Plan Growth Option,152293
Tata Silver ETF Fund of Fund Direct Plan IDCW Payout Option,152294
Tata Silver ETF Fund of Fund Direct Plan IDCW Reinvestment Option,152295
Tata Silver ETF Fund of Fund Regular Plan IDCW Payout Option,152296
Tata Silver ETF Fund of Fund Regular Plan Growth Option,152297
Quantum Liquid Fund - Unclaimed IDCW Plan Below 3 years,152298
Quantum Liquid Fund - Unclaimed IDCW Plan Above 3 years,152299
Quantum Liquid Fund - Unclaimed Redemption Plan Below 3 years,152300
Quantum Liquid Fund - Unclaimed Redemption Plan Above 3 years,152301
DSP Nifty Healthcare ETF,152306
DSP Multicap Fund - Regular - Growth,152307
DSP Multicap Fund - Regular - IDCW,152308
DSP Multicap Fund - Direct - IDCW,152309
DSP Multicap Fund - Direct - Growth,152310
Sundaram Multi Asset Allocation Fund Regular Plan Growth,152311
Sundaram Multi Asset Allocation Fund Direct Plan IDCW Reinvestment,152312
Sundaram Multi Asset Allocation Fund Regular Plan IDCW Reinvestment,152313
Sundaram Multi Asset Allocation Fund Direct Plan Growth,152314
Sundaram Multi Asset Allocation Fund Regular Plan IDCW Payout,152315
Sundaram Multi Asset Allocation Fund Direct Plan IDCW Payout,152316
WhiteOak Capital Banking & Financial Services Fund - Direct Growth,152321
WhiteOak Capital Banking & Financial Services Fund - Regular Growth,152322
Bandhan Multi Asset Allocation Fund - Direct Plan - IDCW,152323
Bandhan Multi Asset Allocation Fund - Direct Plan - Growth,152324
Bandhan Multi Asset Allocation Fund - Regular Plan - IDCW,152325
Bandhan Multi Asset Allocation Fund - Regular Plan - Growth,152326
Zerodha Nifty 1D Rate Liquid ETF - Growth Option,152327
Baroda BNP Paribas Nifty 50 Index Fund - Regular Plan - IDCW option,152328
Baroda BNP Paribas Nifty 50 Index Fund - Direct Plan - Growth option,152329
Baroda BNP Paribas Nifty 50 Index Fund - Direct Plan - IDCW option,152330
Baroda BNP Paribas Nifty 50 Index Fund - Regular Plan - Growth option,152331
quant Consumption Fund - Growth Option - Direct Plan,152336
quant Consumption Fund - IDCW Option - Regular Plan,152337
quant Consumption Fund - Growth Option - Regular Plan,152338
quant Consumption Fund - IDCW Option - Direct Plan,152339
Mirae Asset Multi Asset Allocation Fund - Direct Plan - Growth,152344
Mirae Asset Multi Asset Allocation Fund - Direct Plan - IDCW,152345
Mirae Asset Multi Asset Allocation Fund - Regular Plan - IDCW,152346
Mirae Asset Multi Asset Allocation Fund - Regular Plan - Growth,152347
WhiteOak Capital Pharma and Heathcare Fund Regular Plan Growth,152348
WhiteOak Capital Pharma and Heathcare Fund Direct Plan Growth,152349
HDFC NIFTY PSU BANK ETF,152350
Motilal Oswal Large Cap Direct Plan IDCW,152351
Motilal Oswal Large Cap Regular Plan Growth,152352
Motilal Oswal Large Cap Regular Plan IDCW,152353
Motilal Oswal Large Cap Direct Plan Growth,152354
UTI Nifty IT ETF,152355
Bajaj Finserv Nifty 50 ETF,152356
Bajaj Finserv Nifty Bank ETF,152357
Old Bridge Focused Fund - Direct Growth,152358
Old Bridge Focused Fund - Direct IDCW,152359
Old Bridge Focused Fund - Regular Growth,152361
Old Bridge Focused Fund - Regular IDCW,152363
ICICI Prudential Nifty50 Value 20 Index Fund - IDCW,152364
ICICI Prudential Nifty50 Value 20 Index Fund - Direct Plan - Growth,152365
ICICI Prudential Nifty50 Value 20 Index Fund - Growth,152366
ICICI Prudential Nifty50 Value 20 Index Fund - Direct Plan - IDCW,152367
UTI Nifty 5 yr Benchmark G-Sec ETF,152368
UTI Nifty 10 yr Benchmark G-Sec ETF,152369
SBI Nifty50 Equal Weight Index Fund - Direct Plan - Growth,152370
SBI Nifty50 Equal Weight Index Fund - Direct Plan - Income Distribution Cum Capital Withdrawal Option,152371
SBI Nifty50 Equal Weight Index Fund - Regular Plan - Growth,152372
SBI Nifty50 Equal Weight Index Fund - Regular Plan - Income Distribution Cum Capital Withdrawal Option,152373
HSBC Multi Asset Allocation Fund - Regular - Growth,152378
HSBC Multi Asset Allocation Fund - Regular - IDCW,152379
HSBC Multi Asset Allocation Fund - Direct - Growth,152380
HSBC Multi Asset Allocation Fund - Direct - IDCW,152381
PGIM India Large and Midcap Fund - Direct Plan - Growth Option,152382
PGIM India Large and Midcap Fund - Regular Plan - Growth Option,152383
PGIM India Large and Midcap Fund - Direct Plan - IDCW option,152384
PGIM India Large and Midcap Fund - Regular Plan - IDCW Option,152385
Nippon India Nifty Bank Index Fund - Direct Plan - IDCW Option,152386
Nippon India Nifty Bank Index Fund - Regular Plan - Growth Option,152387
Nippon India Nifty Bank Index Fund - Regular Plan - IDCW Option,152388
Nippon India Nifty Bank Index Fund - Direct Plan - Growth Option,152389
Nippon India Nifty IT Index Fund - Direct Plan - IDCW Option,152390
Nippon India Nifty IT Index Fund - Regular Plan - Growth Option,152391
Nippon India Nifty IT Index Fund - Direct Plan - Growth Option,152392
Nippon India Nifty IT Index Fund - Regular Plan - IDCW Option,152393
Bank of India Multi Asset Allocation Fund-Regular Plan-IDCW,152395
Bank of India Multi Asset Allocation Fund-Direct Plan-Growth,152396
Bank of India Multi Asset Allocation Fund-Regular Plan-Growth,152398
Bank of India Multi Asset Allocation Fund-Direct Plan-IDCW,152399
LIC MF Nifty Midcap 100 ETF,152404
Bajaj Finserv Large and Mid Cap Fund- Direct Plan- IDCW,152405
Bajaj Finserv Large and Mid Cap Fund- Regular Plan- Growth,152406
Bajaj Finserv Large and Mid Cap Fund- Regular Plan- IDCW,152407
Bajaj Finserv Large and Mid Cap Fund- Direct Plan- Growth,152408
Union Business Cycle Fund - Direct Plan - Growth Option,152409
Union Business Cycle Fund - Direct Plan - IDCW Option,152410
Union Business Cycle Fund - Regular Plan - Growth Option,152411
Union Business Cycle Fund - Regular Plan - IDCW Option,152412
quant PSU Fund - Growth Option - Regular Plan,152413
quant PSU Fund - IDCW Option - Regular Plan,152414
quant PSU Fund - Growth Option - Direct Plan,152415
quant PSU Fund - IDCW Option - Direct Plan,152416
SBI Energy Opportunities Fund - Direct Plan - Growth,152417
SBI Energy Opportunities Fund - Regular Plan - Growth,152418
SBI Energy Opportunities Fund - Regular Plan - Income Distribution Cum Capital Withdrawal Option,152419
SBI Energy Opportunities Fund - Direct Plan - Income Distribution Cum Capital Withdrawal Option,152420
Axis BSE Sensex Index Fund - Regular Plan - Growth,152421
Axis BSE Sensex Index Fund - Direct Plan - Growth,152422
Axis BSE Sensex Index Fund - Regular Plan - IDCW,152423
Axis BSE Sensex Index Fund - Direct Plan - IDCW,152424
HDFC NIFTY200 Momentum 30 Index Fund - Regular Plan,152429
HDFC NIFTY200 Momentum 30 Index Fund - Direct Plan,152430
Groww Nifty Smallcap 250 Index Fund - Direct Plan - Growth,152431
Groww Nifty Smallcap 250 Index Fund - Regular Plan - Growth,152433
Groww Nifty Smallcap 250 Index Fund - Regular Plan - Regular Plan - IDCW,152434
Groww Nifty Smallcap 250 Index Fund - Direct Plan - IDCW,152436
Edelweiss Technology Fund - Direct Plan - Growth,152437
Edelweiss Technology Fund - Direct Plan - IDCW,152438
Edelweiss Technology Fund - Regular Plan - Growth,152439
Edelweiss Technology Fund - Regular Plan - IDCW,152440
Mahindra Manulife Multi Asset Allocation Fund- Regular Plan - Growth,152441
Mahindra Manulife Multi Asset Allocation Fund- Direct Plan - Growth,152443
Mahindra Manulife Multi Asset allocation Fund - Regular Plan - IDCW,152444
Mahindra Manulife Multi Asset Allocation Fund - Direct Plan - IDCW,152445
Canara Robeco Manufacturing Fund - Regular Plan - Growth Option,152447
Canara Robeco Manufacturing Fund -Regular Plan - IDWC Option,152448
Canara Robeco Manufacturing Fund - Direct Plan - IDWC Option,152449
Canara Robeco Manufacturing Fund - Direct Plan - Growth Option,152450
Mirae Asset Nifty Smallcap 250 Momentum Quality 100 ETF,152455
Mirae Asset Nifty Smallcap 250 Momentum Quality 100 ETF Fund of Fund - Direct Plan - IDCW,152456
Mirae Asset Nifty Smallcap 250 Momentum Quality 100 ETF Fund of Fund - Regular Plan - Growth,152457
Mirae Asset Nifty Smallcap 250 Momentum Quality 100 ETF Fund of Fund - Regular Plan - IDCW,152458
Mirae Asset Nifty Smallcap 250 Momentum Quality 100 ETF Fund of Fund - Direct Plan - Growth,152459
Kotak Technology Fund - Regular Plan - Growth Option,152460
Kotak Technology Fund - Regular Plan - IDCW Option,152461
Kotak Technology Fund - Direct Plan - Growth Option,152462
Kotak Technology Fund - Direct Plan - IDCW Option,152463
Parag Parikh Dynamic Asset Allocation Fund - Regular Plan Growth,152464
Parag Parikh Dynamic Asset Allocation Fund - Regular Plan - Monthly IDCW Reinvestment,152467
Parag Parikh Dynamic Asset Allocation Fund - Direct Plan Growth,152468
Parag Parikh Dynamic Asset Allocation Fund - Direct Plan - Monthly IDCW Reinvestment,152469
Baroda BNP Paribas Innovation Fund Direct plan - Growth Option,152470
Baroda BNP Paribas Innovation Fund Direct plan - IDCW Option,152471
Baroda BNP Paribas Innovation Fund Regular plan - Growth Option,152472
Baroda BNP Paribas Innovation Fund Regular plan - IDCW Option,152473
Quantum Multi Asset Allocation Fund - Direct Plan Growth Option,152474
Quantum Multi Asset Allocation Fund - Regular Plan Growth Option,152475
Zerodha Gold ETF,152476
ICICI Prudential Nifty LargeMidcap 250 Index Fund - Growth,152481
ICICI Prudential Nifty LargeMidcap 250 Index Fund - Direct Plan - Growth,152482
ICICI Prudential Nifty LargeMidcap 250 Index Fund - Direct Plan - IDCW,152483
ICICI Prudential Nifty LargeMidcap 250 Index Fund - IDCW,152484
Kotak Long Duration Fund - Regular Plan - Growth,152489
Kotak Long Duration Fund - Regular Plan - IDCW,152490
Kotak Long Duration Fund - Direct Plan - Growth,152491
Kotak Long Duration Fund - Direct Plan - IDCW,152492
Helios Balanced Advantage Fund- Direct Plan- Growth Option,152509
Helios Balanced Advantage Fund- Regular Plan-IDCW Option,152510
Helios Balanced Advantage Fund- Direct Plan-IDCW Option,152511
Helios Balanced Advantage Fund- Regular Plan- Growth Option,152512
Bandhan Long Duration Fund - Regular Plan - IDCW,152517
Bandhan Long Duration Fund - Regular Plan - Growth,152518
Bandhan Long Duration Fund - Direct Plan - IDCW,152519
Bandhan Long Duration Fund - Direct Plan - Growth,152520
HDFC NIFTY Realty Index Fund - Direct Plan,152521
HDFC NIFTY Reality Index Fund - Regular Plan,152522
DSP US Specific Debt Passive FoF - Regular - Growth,152527
DSP US Specific Debt Passive FoF - Direct - Growth,152528
DSP US Specific Debt Passive FoF - Direct - IDCW,152529
DSP US Specific Debt Passive FoF - Regular - IDCW,152530
Navi NiftyIT Index Fund - Direct Plan- Growth,152535
Navi NiftyIT Index Fund - Regular Plan -Growth,152536
PGIM India Retirement Fund - Direct Plan - Growth Option,152537
PGIM India Retirement Fund - Regular Plan - Growth Option,152538
PGIM India Retirement Fund - Direct Plan - IDCW Payout Option,152539
PGIM India Retirement Fund - Regular Plan - IDCW Payout Option,152540
Motilal Oswal Nifty Realty ETF,152541
Motilal Oswal Nifty Smallcap 250 ETF,152546
DSP BSE Liquid Rate ETF,152555
Tata Nifty Auto Index Fund - Regular Plan - IDCW Reinvestment,152556
Tata Nifty Auto Index Fund - Direct Plan - Growth,152557
Tata Nifty Auto Index Fund - Direct Plan - IDCW Reinvestment,152558
Tata Nifty Auto Index Fund - Direct Plan - IDCW payout,152559
Tata Nifty Auto Index Fund - Regular Plan - Growth,152560
Tata Nifty Auto Index Fund - Regular Plan - IDCW Payout,152561
Tata Nifty MidSmall Healthcare Index Fund - Regular Plan - IDCW Payout,152562
Tata Nifty MidSmall Healthcare Index Fund - Regular Plan - IDCW Reinvestment,152563
Tata Nifty MidSmall Healthcare Index Fund - Direct Plan - Growth,152564
Tata Nifty MidSmall Healthcare Index Fund - Direct Plan - IDCW Payout,152565
Tata Nifty MidSmall Healthcare Index Fund - Direct Plan - IDCW Reinvestment,152566
Tata Nifty MidSmall Healthcare Index Fund - Regular Plan - Growth,152567
Tata Nifty Realty Index Fund - Regular Plan - IDCW Payout,152568
Tata Nifty Realty Index Fund - Regular Plan - IDCW Reinvestment,152569
Tata Nifty Realty Index Fund - Direct Plan - Growth,152570
Tata Nifty Realty Index Fund - Direct Plan - IDCW Payout,152571
Tata Nifty Realty Index Fund - Direct Plan - IDCW Reinvestment,152572
Tata Nifty Realty Index Fund - Regular Plan - Growth,152573
Tata Nifty Financial Services Index Fund - Regular Plan - Growth,152574
Tata Nifty Financial Services Index Fund - Regular Plan - IDCW Payout,152575
Tata Nifty Financial Services Index Fund - Regular Plan - IDCW Reinvestment,152576
Tata Nifty Financial Services Index Fund - Direct Plan - Growth,152577
Tata Nifty Financial Services Index Fund - Direct Plan - IDCW Reinvestment,152578
Tata Nifty Financial Services Index Fund - Direct Plan - IDCW Payout,152579
Invesco India Money Market Fund - Weekly IDCW (Payout / Reinvestment),152580
Invesco India Money Market Fund - Direct Plan - Weekly IDCW (Payout / Reinvestment),152581
TRUSTMF Flexi Cap Fund-Regular Plan- Growth,152582
TRUSTMF Flexi Cap Fund-Regular Plan- IDCW,152583
TRUSTMF Flexi Cap Fund-Direct Plan- Growth,152584
TRUSTMF Flexi Cap Fund-Direct Plan- IDCW,152585
Samco Special Opportunities Fund - Direct Plan - Growth,152586
Samco Special Opportunities Fund - Regular Plan - Growth,152587
Tata Nifty500 Multicap India Manufacturing 50:30:20 Index Fund -Direct Plan-Growth,152588
Tata Nifty500 Multicap India Manufacturing 50:30:20 Index Fund -Direct Plan-IDCW-Payout,152589
Tata Nifty500 Multicap India Manufacturing 50:30:20 Index Fund -Regular Plan-Growth,152590
Tata Nifty500 Multicap India Manufacturing 50:30:20 Index Fund -Regular Plan-IDCW Payout,152591
Tata Nifty500 Multicap India Manufacturing 50:30:20 Index Fund -Regular Plan -IDCW-Reinvestment,152592
Tata Nifty500 Multicap India Manufacturing 50:30:20 Index Fund -Direct Plan-IDCW-Reinvestment,152593
Tata Nifty500 Multicap Infrastructure 50:30:20 Index Fund - Direct Plan - IDCW Reinvestment,152594
Tata Nifty500 Multicap Infrastructure 50:30:20 Index Fund - Direct Plan - Growth,152595
Tata Nifty500 Multicap Infrastructure 50:30:20 Index Fund - Regular Plan - Growth,152596
Tata Nifty500 Multicap Infrastructure 50:30:20 Index Fund - Regular Plan - IDCW Payout,152597
Tata Nifty500 Multicap Infrastructure 50:30:20 Index Fund - Direct Plan - IDCW Payout,152598
Tata Nifty500 Multicap Infrastructure 50:30:20 Index Fund - Regular Plan - IDCW Reinvestment,152599
HDFC Manufacturing fund - Growth Option - Direct Plan,152600
HDFC Manufacturing fund - IDCW - Regular Plan,152601
HDFC Manufacturing fund - Growth Option - Regular Plan,152602
HDFC Manufacturing fund - IDCW - Direct Plan,152603
Bandhan Innovation Fund - Direct Plan - IDCW,152604
Bandhan Innovation Fund - Regular Plan - IDCW,152605
Bandhan Innovation Fund - Regular Plan - Growth,152606
Bandhan Innovation Fund - Direct Plan - Growth,152607
JM Small Cap Fund (Regular) - Growth Option,152612
JM Small Cap Fund (Regular) - IDCW Option,152613
JM Small Cap Fund (Direct) - Growth Option,152614
JM Small Cap Fund (Direct) - IDCW Option,152615
Edelweiss Nifty Alpha Low Volatility 30 Index Fund - Direct Plan - Growth,152616
Edelweiss Nifty Alpha Low Volatility 30 Index Fund - Regular Plan - Growth,152617
Edelweiss Nifty Alpha Low Volatility 30 Index Fund - Regular Plan - IDCW Payout,152618
Edelweiss Nifty Alpha Low Volatility 30 Index Fund - Direct Plan - IDCW Payout,152619
Aditya Birla Sun Life Nifty PSE ETF,152620
Baroda BNP Paribas Retirement Fund - Regular plan - Growth option,152625
Baroda BNP Paribas Retirement Fund - Direct plan - IDCW option,152626
Baroda BNP Paribas Retirement Fund - Regular plan - IDCW option,152627
Baroda BNP Paribas Retirement Fund - Direct plan - Growth option,152628
Axis Nifty Bank Index Fund - Direct Plan - Growth Option,152629
Axis Nifty Bank Index Fund - Regular Plan - IDCW Option,152630
Axis Nifty Bank Index Fund - Direct Plan - IDCW Option,152631
Axis Nifty Bank Index Fund - Regular Plan - Growth Option,152632
Groww Nifty Non-Cyclical Consumer Index Fund - Regular Plan - Growth,152633
Mirae Asset Nifty MidSmallcap400 Momentum Quality 100 ETF,152634
Groww Nifty Non-Cyclical Consumer Index Fund - IDCW,152635
Groww Nifty Non-Cyclical Consumer Index Fund - Direct Plan - IDCW,152636
Groww Nifty Non-Cyclical Consumer Index Fund - Direct Plan Growth,152637
Bajaj Finserv Nifty 1D Rate Liquid ETF,152638
Bajaj Finserv Multi Asset Allocation Fund - Direct Growth,152639
Bajaj Finserv Multi Asset Allocation Fund - Regular IDCW,152640
Bajaj Finserv Multi Asset Allocation Fund - Direct IDCW,152641
Bajaj Finserv Multi Asset Allocation Fund - Regular Growth,152642
WhiteOak Capital Special Opportunities Fund - Regular Growth,152643
WhiteOak Capital Special Opportunities Fund - Direct Growth,152644
Mirae Asset Nifty MidSmallcap400 Momentum Quality 100 ETF Fund of Fund - Direct Plan - Growth,152645
Mirae Asset Nifty MidSmallcap400 Momentum Quality 100 ETF Fund of Fund - Direct Plan - IDCW,152646
Mirae Asset Nifty MidSmallcap400 Momentum Quality 100 ETF Fund of Fund - Regular Plan - Growth,152647
Mirae Asset Nifty MidSmallcap400 Momentum Quality 100 ETF Fund of Fund - Regular Plan - IDCW,152648
Motilal Oswal Multi Cap Fund Regular Plan IDCW,152649
Motilal Oswal Multi Cap Fund Regular Plan Growth,152650
Motilal Oswal Multi Cap Fund-Direct Plan Growth,152651
Motilal Oswal Multi Cap Fund-Direct Plan IDCW,152652
DSP Nifty Bank Index Fund - Regular - Growth,152653
DSP Nifty Bank Index Fund - Direct - Growth,152654
SBI Automotive Opportunities Fund - Direct Plan - Income Distribution Cum Capital Withdrawal Option,152655
SBI Automotive Opportunities Fund - Regular Plan - Income Distribution Cum Capital Withdrawal Option,152656
SBI Automotive Opportunities Fund - Direct Plan - Growth,152657
SBI Automotive Opportunities Fund - Regular Plan - Growth,152658
Aditya Birla Sun Life Crisil IBX Gilt June 2027 Index Fund-Direct Growth,152659
Aditya Birla Sun Life Crisil IBX Gilt June 2027 Index Fund-Regular Growth,152660
Aditya Birla Sun Life Crisil IBX Gilt June 2027 Index Fund-Regular IDCW Payout,152661
Aditya Birla Sun Life Crisil Ibx Gilt June 2027 Index Fund-Direct IDCW Payout,152662
Kotak NIFTY 100 Low Volatility 30 Index Fund - Direct plan - Growth option,152663
Kotak NIFTY 100 Low Volatility 30 Index Fund - Regular plan - Growth option,152664
Kotak NIFTY 100 Low Volatility 30 Index Fund - Direct plan - IDCW option,152665
Kotak NIFTY 100 Low Volatility 30 Index Fund - Regular plan - IDCW option,152666
Zerodha Nifty 100 ETF,152667
Zerodha Nifty Midcap 150 ETF,152668
Mahindra Manulife Manufacturing Fund - Regular Plan - IDCW,152669
Mahindra Manulife Manufacturing Fund - Direct Plan - IDCW,152670
Mahindra Manulife Manufacturing Fund - Regular Plan - Growth,152671
Mahindra Manulife Manufacturing Fund - Direct Plan - Growth,152672
Sundaram Business Cycle Fund Direct Plan IDCW Reinvestment,152673
Sundaram Business Cycle Fund Regular Plan IDCW Payout,152674
Sundaram Business Cycle Fund Regular Plan IDCW Reinvestment,152675
Sundaram Business Cycle Fund Direct Plan IDCW Payout,152676
Sundaram Business Cycle Fund Direct Plan Growth,152677
Sundaram Business Cycle Fund Regular Plan Growth,152678
Helios Financial Services Fund - Direct Plan - Growth Option,152679
Helios Financial Services Fund - Direct Plan - IDCW Option,152680
Helios Financial Services Fund - Regular Plan - IDCW Option,152681
Helios Financial Services Fund - Regular Plan - Growth Option,152682
Baroda BNP Paribas Nifty Bank ETF,152683
Aditya Birla Sun Life Quant Fund - Direct Growth,152684
Aditya Birla Sun Life Quant Fund - Direct IDCW Payout,152685
Aditya Birla Sun Life Quant Fund - Regular Growth,152686
Aditya Birla Sun Life Quant Fund - Regular IDCW Payout,152687
Canara Robeco Balanced Advantage Fund - Direct Plan - Growth Option,152688
Canara Robeco Balanced Advantage Fund - Direct Plan - IDCW Option,152689
Canara Robeco Balanced Advantage Fund - Regular Plan - Growth Option,152690
Canara Robeco Balanced Advantage Fund - Regular Plan - IDCW Option,152691
Motilal Oswal Quant Fund - Regular - Growth,152692
Motilal Oswal Quant Fund - Regular - IDCW,152693
Motilal Oswal Quant Fund - Direct - Growth,152694
Motilal Oswal Quant Fund - Direct - IDCW,152695
Baroda BNP Paribas Manufacturing Fund - Regular Plan - Growth Option,152696
Baroda BNP Paribas Manufacturing Fund - Direct Plan - Growth Option,152697
Baroda BNP Paribas Manufacturing Fund - Direct Plan - IDCW Option,152698
Baroda BNP Paribas Manufacturing Fund - Regular Plan - IDCW Option,152699
Kotak Special Opportunities Fund - Regular Plan - IDCW Option,152700
Kotak Special Opportunities Fund - Direct Plan - Growth Option,152702
Kotak Special Opportunities Fund - Regular Plan - Growth Option,152703
Kotak Special Opportunities Fund - Direct Plan - IDCW Payout Option,152704
Edelweiss Business Cycle Fund - Direct Plan - Growth,152710
Motilal Oswal Nifty India Defence Index Fund Regular Plan Growth,152711
Motilal Oswal Nifty India Defence Index Fund Direct Plan Growth,152712
HDFC NIFTY100 Low Volatility 30 Index Fund - Direct Plan,152713
HDFC NIFTY100 Low Volatility 30 Index Fund - Regular Plan,152714
Mirae Asset Nifty EV and New Age Automotive ETF,152715
Bandhan Nifty Total Market Index Fund - Direct Plan - Growth,152716
Bandhan Nifty Total Market Index Fund - Regular Plan - Growth,152717
Mirae Asset Nifty200 Alpha 30 ETF Fund of Fund - Direct Plan - Growth,152718
Mirae Asset Nifty200 Alpha 30 ETF Fund of Fund - Direct Plan - IDCW,152719
Mirae Asset Nifty200 Alpha 30 ETF Fund of Fund - Regular Plan - Growth,152720
Mirae Asset Nifty200 Alpha 30 ETF Fund of Fund - Regular Plan - IDCW,152721
Edelweiss Business Cycle Fund - Regular Plan - IDCW Option,152722
Edelweiss Business Cycle Fund - Direct Plan - IDCW Option,152723
Edelweiss Business Cycle Fund - Regular Plan - Growth,152724
SBI Silver ETF,152725
ICICI PRUDENTIAL ENERGY OPPORTUNITIES FUND - Growth,152726
ICICI PRUDENTIAL ENERGY OPPORTUNITIES FUND - IDCW,152727
ICICI PRUDENTIAL ENERGY OPPORTUNITIES FUND - Direct Plan - Growth,152728
ICICI PRUDENTIAL ENERGY OPPORTUNITIES FUND - Direct Plan - IDCW,152729
Axis Nifty 500 Index Fund - Regular Plan - Growth Option,152730
Axis Nifty 500 Index Fund - Direct Plan - Growth Option,152731
ADITYA BIRLA SUN LIFE CRISIL BROAD BASED GILT ETF,152732
SBI Silver ETF Fund of Fund- Regular Plan - Growth,152733
SBI Silver ETF FOF- Regular Plan - Income Distribution Cum Capital Withdrawal Option (IDCW),152734
SBI Silver ETF Fund of Fund- Direct Plan - Growth,152735
SBI Silver ETF Fund of Fund- Direct Plan - Income Distribution Cum Capital Withdrawal Option (IDCW),152736
Franklin India Multi Cap Fund - Direct - IDCW,152737
Franklin India Multi Cap Fund - Growth,152738
Franklin India Multi Cap Fund - Direct - Growth,152739
Franklin India Multi Cap Fund - IDCW,152740
Shriram Nifty 1D Rate Liquid ETF - Growth,152741
Tata Nifty India Tourism Index Fund - Direct - Growth,152742
Tata Nifty India Tourism Index Fund - Direct - IDCW Reinvestment,152743
Tata Nifty India Tourism Index Fund - Direct - IDCW Payout,152744
Tata Nifty India Tourism Index Fund - Regular - IDCW Payout,152745
Tata Nifty India Tourism Index Fund - Regular - Growth,152746
Tata Nifty India Tourism Index Fund - Regular - IDCW Reinvestment,152747
ICICI Prudential Nifty Oil & Gas ETF,152748
SBI Nifty50 Equal Weight ETF,152749
NAVI NIFTY 500 MULTICAP 50-25-25 REGULAR PLAN,152750
NAVI NIFTY 500 MULTICAP 50-25-25 DIRECT PLAN,152751
Kotak BSE PSU Index Fund - Regular Plan - Growth,152752
Kotak BSE PSU Index Fund - Regular Plan - IDCW Payout and Reinvestment,152753
Kotak BSE PSU Index Fund - Direct Plan - IDCW Payout and Reinvestment,152754
Kotak BSE PSU Index Fund - Direct Plan - Growth,152755
Invesco India Manufacturing Fund - Direct Plan - Growth,152756
Invesco India Manufacturing Fund - Direct Plan - IDCW,152757
Invesco India Manufacturing Fund - Regular Plan - Growth,152758
Invesco India Manufacturing Fund - Regular Plan - IDCW,152759
Motilal Oswal Manufacturing Fund - Direct Plan- Growth,152760
Motilal Oswal Manufacturing Fund - Regular Plan - IDCW,152761
Motilal Oswal Manufacturing Fund - Direct Plan - IDCW,152762
Motilal Owsal Manufacturing Fund - Regular Plan - Growth,152763
GROWW NIFTY EV & NEW AGE AUTOMOTIVE ETF,152764
KOTAK NIFTY MIDCAP 50 INDEX FUND-REGULAR PLAN-GROWTH,152765
KOTAK NIFTY MIDCAP 50 INDEX FUND-REGULAR PLAN-IDCW PAYOUT AND REINVESTMENT,152766
KOTAK NIFTY MIDCAP 50 INDEX FUND-DIRECT PLAN- GROWTH,152767
KOTAK NIFTY MIDCAP 50 INDEX FUND-DIRECT PLAN-IDCW PAYOUT AND REINVESTMENT,152768
ICICI Prudential Nifty Metal ETF,152769
Groww Nifty EV & New Age Automotive ETF FOF- Direct Plan - Growth,152770
Groww Nifty EV & New Age Automotive ETF FOF - Direct Plan - IDCW,152771
Groww Nifty EV & New Age Automotive ETF FOF - Regular Plan - IDCW,152772
Groww Nifty EV & New Age Automotive ETF FOF - Regular Plan - Growth,152773
SBI Innovative Opportunities Fund - Regular Plan - Growth,152774
SBI Innovative Opportunities Fund - Regular Plan - Income Distribution Cum Capital Withdrawal Option,152775
SBI Innovative Opportunities Fund - Direct Plan - Growth,152776
SBI Innovative Opportunities Fund - Direct Plan - Income Distribution Cum Capital Withdrawal Option,152777
HDFC NIFTY500 Multicap 50:25:25 Index Fund - Direct Plan,152778
HDFC NIFTY500 Multicap 50:25:25 index Fund - Regular Plan,152779
BAJAJ FINSERV LARGE CAP FUND - REGULAR PLAN - GROWTH,152780
BAJAJ FINSERV LARGE CAP FUND - DIRECT PLAN - IDCW,152781
BAJAJ FINSERV LARGE CAP FUND - REGULAR PLAN - IDCW,152782
BAJAJ FINSERV LARGE CAP FUND - DIRECT PLAN - GROWTH,152783
Union Multi Asset Allocation Fund- Direct Plan - IDCW Option,152784
Union Multi Asset Allocation Fund- Regular Plan - IDCW Option,152785
Union Multi Asset Allocation Fund- Regular Plan - Growth Option,152786
Union Multi Asset Allocation Fund- Direct Plan - Growth Option,152787
Bank of India Business Cycle Fund - Direct Plan - Dividend,152788
Bank of India Business Cycle Fund - Direct Plan - Growth,152789
Bank of India Business Cycle Fund - Regular Plan - Growth,152790
Bank of India Business Cycle Fund - Regular Plan - Dividend,152791
Bandhan Nifty Bank Index Fund - Regular Plan - Growth,152792
Bandhan Nifty Bank Index Fund - Direct Plan - Growth,152793
Motilal Oswal Business Cycle Fund-Regular Plan-Growth,152794
Motilal Oswal Business Cycle Fund-Regular Plan-IDCW,152795
Motilal Oswal Business Cycle Fund - Direct Plan- Growth,152796
Motilal Oswal Business Cycle Fund - Direct Plan- IDCW,152797
Aditya Birla Sun Life Nifty India Defence Index Fund-Direct Growth,152798
Aditya Birla Sun Life Nifty India Defence Index Fund-Direct IDCW Payout,152799
Aditya Birla Sun Life Nifty India Defence Index Fund-Regular-Growth,152800
Aditya Birla Sun Life Nifty India Defence Index Fund-Regular IDCW Payout,152801
Aditya Birla Sun Life Crisil 10 Year Gilt ETF,152802
Axis Consumption Fund Direct Plan - IDCW,152803
Axis Consumption Fund Regular Plan - Growth,152804
Axis Consumption Fund Direct Plan - Growth,152805
Axis Consumption Fund Regular Plan - IDCW,152806
Baroda BNP Paribas Dividend Yield Fund - Regular Plan - Growth Option,152807
Baroda BNP Paribas Dividend Yield Fund - Regular Plan - IDCW Option,152808
Baroda BNP Paribas Dividend Yield Fund - Direct Plan - IDCW Option,152809
Baroda BNP Paribas Dividend Yield Fund - Direct Plan - Growth Option,152810
Mirae Asset Nifty500 Multicap 50:25:25 ETF,152811
DSP Nifty Top 10 Equal Weight ETF,152812
DSP Nifty Top 10 Equal Weight Index Fund - Regular - Growth,152813
DSP Nifty Top 10 Equal Weight Index Fund - Direct - Growth,152814
PGIM India Multi Cap Fund - Direct Plan - Growth Option,152815
PGIM India Multi Cap Fund - Regular Plan - Growth Option,152816
PGIM India Multi Cap Fund - Direct Plan - IDCW Option,152817
PGIM India Multi Cap Fund - Regular Plan - IDCW Option,152818
ITI Large & Midcap Fund - Direct Plan - Growth,152821
ITI Large & Midcap Fund - Regular Plan - IDCW Option,152822
ITI Large & Midcap Fund - Direct Plan - IDCW Option,152823
ITI Large & Midcap Fund - Regular Plan - Growth,152824
Franklin India Ultra Short Duration Fund - Direct - Growth,152825
Franklin India Ultra Short Duration Fund - IDCW,152826
Franklin India Ultra Short Duration Fund - Direct - IDCW,152827
Franklin India Ultra Short Duration Fund - Growth,152828
HSBC India Export Opportunities Fund - Direct Growth,152829
HSBC India Export Opportunities Fund - Regular Growth,152830
HSBC India Export Opportunities Fund - Direct IDCW,152831
HSBC India Export Opportunities Fund - Regular IDCW,152832
Tata Nifty200 Alpha 30 Index Fund - Direct - IDCW Reinvestment,152833
Tata Nifty200 Alpha 30 Index Fund - Regular -Growth,152834
Tata Nifty200 Alpha 30 Index Fund - Regular - IDCW Payout,152835
Tata Nifty200 Alpha 30 Index Fund - Direct -Growth,152836
Tata Nifty200 Alpha 30 Index Fund - Direct - IDCW Payout,152837
Tata Nifty200 Alpha 30 Index Fund - Regular - IDCW Reinvestment,152838
Nippon India Nifty 500 Equal Weight Index Fund - Direct Plan - IDCW Option,152839
Nippon India Nifty 500 Equal Weight Index Fund - Regular Plan - Growth Option,152840
Nippon India Nifty 500 Equal Weight Index Fund - Regular Plan - IDCW Option,152841
Nippon India Nifty 500 Equal Weight Index Fund - Direct Plan - Growth Option,152842
Bandhan BSE Healthcare Index Fund Regular Plan - Growth,152843
Bandhan BSE Healthcare Index Fund Direct Plan - Growth,152844
Groww Nifty India Defence ETF,152845
Motilal Oswal Nifty India Defence ETF,152846
Samco Multi Cap Fund - Direct Plan - Growth,152847
Samco Multi Cap Fund - Regular Plan - Growth,152848
WhiteOak Capital Arbitrage Fund Direct Plan Growth,152849
WhiteOak Capital Arbitrage Fund Regular Plan Growth,152850
Franklin India Medium to Long Duration Fund - Direct Growth,152851
Franklin India Medium to Long Duration Fund - Direct - IDCW,152852
Franklin India Medium to Long Duration Fund - Growth,152853
Franklin India Medium to Long Duration Fund - IDCW,152854
Bandhan Nifty Midcap 150 Index Fund-Direct Plan-Growth,152855
Bandhan Nifty Midcap 150 Index Fund-Regular Plan-Growth,152856
Edelweiss Nifty Bank ETF - Growth,152857
UTI Nifty 200 Quality 30 Index Fund - Regular Plan - Growth Option,152858
UTI Nifty 200 Quality 30 Index Fund - Direct Plan - Growth Option,152859
Invesco India Technology Fund - Direct Plan - IDCW,152860
Invesco India Technology Fund - Regular Plan - IDCW,152861
Invesco India Technology Fund - Regular Plan - Growth,152862
Invesco India Technology Fund - Direct Plan - Growth,152863
UTI Nifty Private Bank Index Fund - Direct Plan - Growth Option,152864
UTI Nifty Private Bank Index Fund - Regular Plan - Growth Option,152865
Kotak CRISIL -IBX AAA Financial Services Index Sep-2027 Fund-REGULAR PLAN-GROWTH,152866
Kotak CRISIL-IBX AAA Financial Services Index Sep-2027 Fund-REGULAR PLAN-IDCW,152867
Kotak CRISIL -IBX AAA Financial Services Index Sep-2027 Fund-DIRECT PLAN-IDCW,152868
Kotak CRISIL -IBX AAA Financial Services Index Sep-2027 Fund-DIRECT PLAN-GROWTH Option,152869
Kotak Nifty India Tourism Index Fund-Direct-Growth Option,152870
Kotak Nifty India Tourism Index Fund-Regular Plan-IDCW Option,152871
Kotak Nifty India Tourism Index Fund-Regular plan-Growth,152872
Kotak Nifty India Tourism Index Fund-Direct Plan-IDCW Option,152873
Motilal Oswal Nifty 500 Momentum 50 ETF,152874
Motilal Oswal Nifty 500 Momentum 50 Index Fund-Direct Plan-Growth,152875
Motilal Oswal Nifty 500 Momentum 50 Index Fund-Regular Plan-Growth,152876
Bandhan Business Cycle Fund - Regular Plan - Growth,152877
Bandhan Business Cycle Fund - Direct Plan - Growth,152878
Bandhan Business Cycle Fund - Direct Plan - IDCW,152879
Bandhan Business Cycle Fund - Regular Plan - IDCW,152880
Nippon India Nifty 500 Momentum 50 Index Fund - Direct Plan - Growth Option,152881
Nippon India Nifty 500 Momentum 50 Index Fund - Regular Plan - IDCW Option,152882
Nippon India Nifty 500 Momentum 50 Index Fund - Regular Plan - Growth Option,152883
Nippon India Nifty 500 Momentum 50 Index Fund - Direct Plan - IDCW Option,152884
Axis CRISIL-IBX AAA Bond NBFC - Jun 2027 Index Fund - Regular Plan - IDCW Option,152885
Axis CRISIL-IBX AAA Bond NBFC - Jun 2027 Index Fund - Regular Plan - Growth Option,152886
Axis CRISIL-IBX AAA Bond NBFC - Jun 2027 Index Fund - Direct Plan - Growth Option,152887
Axis CRISIL-IBX AAA Bond NBFC - Jun 2027 Index Fund - Direct Plan - IDCW Option,152888
HDFC NIFTY LargeMidcap 250 Index Fund - Growth Option - Direct,152889
HDFC NIFTY LargeMidcap 250 Index Fund - Growth Option,152890
Groww Nifty 1D Rate Liquid ETF,152891
Baroda BNP Paribas Credit risk fund -Defunct -Growth option -Seg-Portfolio 2 (erstwhile BBNPP Medium Duration Fund-Defunct Growth Option Seg.Portfolio1),152892
Baroda BNP Paribas Credit Risk Fund-Defunct -Daily IDCW option - seg Portfolio 2 (erstwhile BBNPP Medium Duration fund Defunct Daily IDCW daily option Seg Portfolio 1),152893
Baroda BNP Paribas Credit Risk fund -Defunct -Weekly IDCW option -Seg. Portfolio 2 (erstwhile BBNPP Medium Duration Fund Defunct-Weekly IDCW option Seg. Portfolio 1),152894
Baroda BNP Paribas Credit Risk fund -Direct -Weekly IDCW option -Seg. Portfolio 2 (erstwhile BBNPP Medium Duration Fund Direct-weekly IDCW option Seg. Portfolio 1),152895
Baroda BNP Paribas Credit Risk fund -Direct -Quarterly IDCW option -Seg. Portfolio 2 (erstwhile BBNPP Medium Duration Fund Direct-Quarterly IDCW option Seg. Portfolio 1),152896
Baroda BNP Paribas Credit Risk fund -Direct -Monthly IDCW option -Seg. Portfolio 2 (erstwhile BBNPP Medium Duration Fund Direct-Monthly IDCW option Seg. Portfolio 1),152897
Baroda BNP Paribas Credit Risk fund -Direct - Growth option -Seg. Portfolio 2 (erstwhile BBNPP Medium Duration Fund Direct-Growth option Seg. Portfolio 1),152898
Baroda BNP Paribas Credit Risk fund -Defunct -Monthly IDCW option -Seg. Portfolio 2 (erstwhile BBNPP Medium Duration Fund Defunct-Monthly IDCW option Seg. Portfolio 1),152899
Baroda BNP Paribas Credit Risk fund -Direct-Daily IDCW option -Seg. Portfolio 2 (erstwhile BBNPP Medium Duration Fund Direct-daily-IDCW option Seg. Portfolio 1),152900
Baroda BNP Paribas Credit Risk fund -Regular -Daily-IDCW option -Seg. Portfolio 2 (erstwhile BBNPP Medium Duration Fund Regular-Daily-IDCW option Seg. Portfolio 1),152901
Baroda BNP Paribas Credit Risk fund -Regular -Monthly IDCW option -Seg. Portfolio 2 (erstwhile BBNPP Medium Duration Fund Regular-Monthly IDCW option Seg. Portfolio 1),152902
Baroda BNP Paribas Credit Risk fund - Regular-Quarterly- IDCW option -Seg. Portfolio 2 (erstwhile BBNPP Medium Duration Fund Regular-Quarterly IDCW option Seg. Portfolio 1),152903
Baroda BNP Paribas Credit Risk fund -Regular-Growth -Seg. Portfolio 2 (erstwhile BBNPP Medium Duration Fund Regular Growth Seg. Portfolio 1),152904
Baroda BNP Paribas Credit Risk fund - Regular-Weekly-IDCW option -Seg. Portfolio 2 (erstwhile BBNPP Medium Duration Fund Regular-Weekly IDCW option Seg. Portfolio 1),152905
SBI Nifty 500 Index Fund- Regular Plan- Growth,152906
SBI Nifty 500 Index Fund- Regular Plan- Income Distribution Cum Capital Withdrawal (IDCW),152907
SBI Nifty 500 Index Fund- Direct Plan- Growth,152908
SBI Nifty 500 Index Fund- Direct Plan- Income Distribution Cum Capital Withdrawal (IDCW),152909
Kotak MNC Fund-Direct Plan-Growth,152910
Kotak MNC Fund-Direct Plan-IDCW Option,152911
KotaK MNC Fund-Regular Plan-IDCW OPTION,152912
Kotak MNC Fund-Regular Plan- Growth,152913
WhiteOak Capital Digital Bharat Fund Regular Plan Growth,152914
WhiteOak Capital Digital Bharat Fund Direct Plan Growth,152915
Kotak Nifty Midcap 150 Momentum 50 Index Fund-Direct Plan-Growth,152916
Kotak Nifty Midcap 150 Momentum 50 Index Fund-Direct Plan-IDCW option,152917
Kotak Nifty Midcap 150 Momentum 50 Index Fund-Regular Plan-Growth,152918
Kotak Nifty Midcap 150 Momentum 50 Index Fund-Regular plan-IDCW option,152919
LIC MF Manufacturing Fund-Direct Plan-Growth,152920
LIC MF Manufacturing Fund-Direct Plan-IDCW,152921
LIC MF Manufacturing Fund-Regular Plan-Growth,152922
LIC MF Manufacturing Fund-Regular Plan-IDCW,152923
Mirae Asset Nifty Metal ETF,152924
Groww Nifty India Defence ETF FOF - Direct Growth,152925
Groww Nifty India Defence ETF FOF - Direct - IDCW,152926
Groww Nifty India Defence ETF FOF - Regular - Growth,152927
Groww Nifty India Defence ETF FOF - Regular - IDCW,152928
Mirae Asset Nifty PSU Bank ETF,152929
Baroda BNP Paribas Nifty200 Momentum 30 Index Fund - Regular Plan - Growth Option,152930
Baroda BNP Paribas Nifty200 Momentum 30 Index Fund - Direct Plan - Growth Option,152931
ICICI Prudential Nifty200 Value 30 ETF,152932
ICICI Prudential Nifty200 Value 30 Index Fund - Direct Plan - IDCW,152933
ICICI Prudential Nifty200 Value 30 Index Fund - Growth,152934
ICICI Prudential Nifty200 Value 30 Index Fund - IDCW,152935
ICICI Prudential Nifty200 Value 30 Index Fund - Direct Plan - Growth,152936
TRUSTMF SMALL CAP FUND -DIRECT PLAN-IDCW,152937
TRUSTMF SMALL CAP FUND -REGULAR PLAN- IDCW,152938
TRUSTMF SMALL CAP FUND -DIRECT PLAN-GROWTH,152939
TRUSTMF SMALL CAP FUND -REGULAR PLAN-GROWTH,152940
Helios Large & Mid Cap Fund - Direct Plan - Growth Option,152941
Helios Large & Mid Cap Fund - Direct Plan - IDCW Option,152942
Helios Large & Mid Cap Fund - Regular Plan - Growth Option,152943
Helios Large & Mid Cap Fund - Regular Plan - IDCW Option,152944
Aditya Birla Sun Life Crisil-IBX AAA NBFC-HFC Index-Sep 2026 Fund-Regular Growth,152945
Aditya Birla Sun Life Crisil-IBX AAA NBFC-HFC Index-Sep 2026 Fund-Regular IDCW Payout,152946
Aditya Birla Sun Life Crisil-IBX AAA NBFC-HFC Index-Sep 2026 Fund-Direct Growth,152947
Aditya Birla Sun Life Crisil-IBX AAA NBFC-HFC INDEX-Sep 2026 Fund-Direct IDCW Payout,152948
Axis Nifty500 Value 50 Index Fund - Direct Plan - Growth Option,152949
Axis Nifty500 Value 50 Index Fund - Regular Plan - Growth Option,152950
Tata Nifty Capital Markets Index Fund - Direct Plan Growth Option,152951
Tata Nifty Capital Markets Index Fund - Direct Plan IDCW Reinvestment Option,152952
Tata Nifty Capital Markets Index Fund - Direct Plan IDCW Payout Option,152953
Tata Nifty Capital Markets Index Fund - Regular Plan Growth Option,152954
Tata Nifty Capital Markets Index Fund - Regular Plan IDCW Reinvestment Option,152955
Tata Nifty Capital Markets Index Fund - Regular Plan IDCW Payout Option,152956
Groww Gold ETF,152957
WhiteOak Capital ESG Best-In-Class Strategy Fund Direct Plan Growth,152962
WhiteOak Capital ESG Best-In-Class Strategy Fund Regular Plan Growth,152963
Motilal Oswal Digital India Fund - Direct Plan - Growth,152964
Motilal Oswal Digital India Fund - Direct Plan- IDCW,152965
Motilal Oswal Digital India Fund - Regular Plan- Growth,152966
Motilal Oswal Digital India Fund - Regular Plan - IDCW,152967
Mirae Asset Nifty Total Market Index Fund - Direct Plan - Growth,152968
Mirae Asset Nifty Total Market Index Fund - Direct Plan - IDCW,152969
Mirae Asset Nifty Total Market Index Fund - Regular Plan - Growth,152970
Mirae Asset Nifty Total Market Index Fund - Regular Plan - IDCW,152971
Mirae Asset Nifty 50 Index Fund - Direct Plan - Growth,152972
Mirae Asset Nifty 50 Index Fund - Direct Plan - IDCW,152973
Mirae Asset Nifty 50 Index Fund - Regular Plan - Growth,152974
Mirae Asset Nifty 50 Index Fund - Regular Plan - IDCW,152975
Mirae Asset Nifty LargeMidcap 250 Index Fund - Direct Plan - Growth,152976
Mirae Asset Nifty LargeMidcap 250 Index Fund - Direct Plan - IDCW,152977
Mirae Asset Nifty LargeMidcap 250 Index Fund - Regular Plan - Growth,152978
Mirae Asset Nifty LargeMidcap 250 Index Fund - Regular Plan - IDCW,152979
Groww Gold ETF FOF - DIRECT - GROWTH,152980
Edelweiss Nifty500 Multicap Momentum Quality 50 ETF - Growth,152981
Edelweiss Nifty500 Multicap Momentum Quality 50 Index Fund - Direct - IDCW - Payout,152982
Edelweiss Nifty500 Multicap Momentum Quality 50 Index Fund - Regular - IDCW - Payout,152983
Edelweiss Nifty500 Multicap Momentum Quality 50 Index Fund - Direct - Growth,152985
Edelweiss Nifty500 Multicap Momentum Quality 50 Index Fund - Regular - Growth,152988
Bandhan Nifty 500 Value 50 Index Fund Direct Plan - Growth,152990
Bandhan Nifty 500 Value 50 Index Fund Regular Plan - Growth,152991
Nippon India CRISIL - IBX AAA Financial Services - Dec 2026 Index Fund - Direct Plan - Growth Option,152992
Nippon India CRISIL - IBX AAA Financial Services - Dec 2026 Index Fund - Direct Plan - IDCW Option,152993
Nippon India CRISIL - IBX AAA Financial Services - Dec 2026 Index Fund - Regular Plan - Growth Option,152994
Nippon India CRISIL - IBX AAA Financial Services - Dec 2026 Index Fund - Regular Plan - IDCW Option,152995
Nippon India CRISIL - IBX AAA Financial Services - Jan 2028 Index Fund - Direct Plan - Growth Option,152996
Nippon India CRISIL - IBX AAA Financial Services - Jan 2028 Index Fund - Direct Plan - IDCW Option,152997
Nippon India CRISIL - IBX AAA Financial Services - Jan 2028 Index Fund - Regular Plan - Growth Option,152998
Nippon India CRISIL - IBX AAA Financial Services - Jan 2028 Index Fund - Regular Plan - IDCW Option,152999
Baroda BNP Paribas Nifty Midcap 150 Index Fund - Direct Plan - Growth Option,153000
Baroda BNP Paribas Nifty Midcap 150 Index Fund - Regular Plan - Growth Option,153001
Bandhan Nifty 500 Momentum 50 Index Fund Regular Plan-Growth,153002
Bandhan Nifty 500 Momentum 50 Index Fund Direct Plan-Growth,153003
Groww Gold ETF FOF - DIRECT - IDCW,153004
Groww Gold ETF FOF - REGULAR - IDCW,153005
Groww Gold ETF FOF - REGULAR - GROWTH,153006
Mirae Asset Gold ETF Fund of Fund - Direct Plan - Growth,153007
Mirae Asset Gold ETF Fund of Fund - Direct Plan - IDCW,153008
Mirae Asset Gold ETF Fund of Fund - Regular Plan - Growth,153009
Mirae Asset Gold ETF Fund of Fund - Regular Plan - IDCW,153010
Zerodha Gold ETF FoF-Direct Plan - Growth Option,153011
SBI Nifty India Consumption Index Fund- Regular Plan- Growth,153012
SBI Nifty India Consumption Index Fund- Regular Plan- IDCW Payout,153013
SBI Nifty India Consumption Index Fund- Direct Plan- IDCW Payout,153014
SBI Nifty India Consumption Index Fund- Direct Plan- Growth,153015
Samco Overnight Fund - Unclaimed Redemption Upto 3 years,153021
Motilal Oswal Nifty MidSmall Healthcare Index Fund-Regular Plan-Growth,153022
Motilal Oswal Nifty MidSmall Healthcare Index Fund- Direct Plan-Growth,153023
Motilal Oswal Nifty MidSmall India Consumption Index Fund-Regular Plan-Growth,153024
Motilal Oswal Nifty MidSmall India Consumption Index Fund - Direct Plan- Growth,153025
Motilal Oswal Nifty MidSmall Financial Services Index Fund-Regular Plan-Growth,153026
Motilal Oswal Nifty MidSmall Financial Services Index Fund - Direct Plan- Growth,153027
Motilal Oswal Nifty MidSmall IT and Telecom Index Fund-Regular Plan-Growth,153028
Motilal Oswal Nifty MidSmall IT and Telecom Index Fund - Direct Plan- Growth,153029
Aditya Birla Sun Life Crisil-IBX AAA Financial Services Index-Sep 2027 Fund-Direct Growth,153030
Aditya Birla Sun Life Crisil-IBX AAA Financial Services Index-Sep 2027 Fund-Direct IDCW Payout,153031
Aditya Birla Sun Life Crisil-IBX AAA Financial Services Index-Sep 2027 Fund-Regular IDCW Payout,153032
Aditya Birla Sun Life Crisil-IBX AAA Financial Services Index-Sep 2027 Fund-Regular Growth,153033
Groww Multicap Fund - Direct - Growth,153034
Shriram Liquid Fund - Direct Plan Growth Option,153035
Shriram Liquid Fund - Regular Plan Growth Option,153036
PGIM India Healthcare Fund - Direct Plan - IDCW Option,153037
PGIM India Healthcare Fund - Regular Plan - IDCW Option,153038
PGIM India Healthcare Fund - Direct Plan - Growth Option,153039
PGIM India Healthcare Fund - Regular Plan - Growth Option,153040
Franklin India Arbitrage Fund - Direct - IDCW,153041
Franklin India Arbitrage Fund - Growth,153042
Franklin India Arbitrage Fund - Direct - Growth,153043
Franklin India Arbitrage Fund - IDCW,153044
Mirae Asset Nifty 1D Rate Liquid ETF - Growth,153045
Invesco India Multi Asset Allocation Fund - Regular Plan - Growth,153046
Invesco India Multi Asset Allocation Fund - Direct Plan - Growth,153047
Invesco India Multi Asset Allocation Fund - Regular Plan - IDCW,153048
Invesco India Multi Asset Allocation Fund - Direct Plan - IDCW,153049
Axis CRISIL-IBX AAA Bond Financial Services - Sep 2027 Index Fund - Regular Plan - Growth Option,153050
Axis CRISIL-IBX AAA Bond Financial Services - Sep 2027 Index Fund - Direct Plan - Growth Option,153051
Axis CRISIL-IBX AAA Bond Financial Services - Sep 2027 Index Fund - Direct Plan - IDCW Option,153052
Axis CRISIL-IBX AAA Bond Financial Services - Sep 2027 Index Fund - Regular Plan - IDCW Option,153053
Tata India Innovation Fund- Regular IDCW payout,153054
Tata India Innovation Fund- Direct Growth,153055
Tata India Innovation Fund- Direct IDCW Reinvestment,153056
Tata India Innovation Fund- Direct IDCW payout,153057
Tata India Innovation Fund- Regular IDCW Reinvestment,153058
Tata India Innovation Fund- Regular Growth,153059
Nippon India Nifty Realty Index Fund-Direct Plan- Growth Option,153060
Nippon India Nifty Realty Index Fund-Regular Plan- Growth Option,153061
Nippon India Nifty Realty Index Fund-Regular Plan- IDCW Option,153062
Nippon India Nifty Realty Index Fund-Direct Plan- IDCW Option,153063
Nippon India Nifty Auto Index Fund - Direct Plan- Growth Option,153064
Nippon India Nifty Auto Index Fund - Regular Plan- IDCW Option,153065
Nippon India Nifty Auto Index Fund - Regular Plan- Growth Option,153066
Nippon India Nifty Auto Index Fund - Direct Plan- IDCW Option,153067
ICICI Prudential Equity Minimum Variance Fund - IDCW,153068
ICICI Prudential Equity Minimum Variance Fund - Growth,153069
ICICI Prudential Equity Minimum Variance Fund - Direct Plan - Growth,153070
ICICI Prudential Equity Minimum Variance Fund - Direct Plan - IDCW,153071
BAJAJ FINSERV CONSUMPTION FUND - REGULAR - GROWTH,153072
BAJAJ FINSERV CONSUMPTION FUND - REGULAR - IDCW,153073
BAJAJ FINSERV CONSUMPTION FUND - DIRECT - IDCW,153074
BAJAJ FINSERV CONSUMPTION FUND - DIRECT - GROWTH,153075
Shriram Multi Sector Rotation Fund - Direct Plan Growth Option,153076
Shriram Multi Sector Rotation Fund - Regular Plan Growth Option,153077
Aditya Birla Sun Life BSE India Infrastructure Index Fund-Direct IDCW Payout,153078
Aditya Birla Sun Life BSE India Infrastructure Index Fund-Regular IDCW Payout,153079
Aditya Birla Sun Life BSE India Infrastructure Index Fund-Regular Growth,153080
Aditya Birla Sun Life BSE India Infrastructure Index Fund-Direct Growth,153081
Axis Momentum Fund - Regular Plan - IDCW Option,153082
Axis Momentum Fund - Direct Plan - Growth Option,153083
Axis Momentum Fund - Direct Plan - IDCW Option,153084
Axis Momentum Fund - Regular Plan - Growth Option,153085
UTI Nifty Alpha Low-Volatility 30 Index Fund - Direct Plan - Growth Option,153086
UTI Nifty Alpha Low-Volatility 30 Index Fund - Regular Plan - Growth Option,153087
UTI Nifty Midcap 150 Index Fund - Regular Plan - Growth Option,153088
UTI Nifty Midcap 150 Index Fund - Direct Plan - Growth Option,153089
Samco Arbitrage Fund - Direct Plan - Growth,153090
Samco Arbitrage Fund - Regular Plan - Growth,153091
Samco Multi Asset Allocation Fund - Direct Plan - Growth,153092
Samco Multi Asset Allocation Fund - Regular Plan - Growth,153093
Quantum Ethical Fund - Direct Plan Growth Option,153094
Quantum Ethical Fund - Regular Plan Growth Option,153095
HDFC Nifty India Digital Index Fund - Growth Option - Regular,153096
HDFC Nifty India Digital Index Fund - Growth Option - Direct,153097
Groww Multicap Fund - Direct - IDCW,153098
Groww Multicap Fund - Regular - IDCW,153099
Groww Multicap Fund - Regular - Growth,153100
Franklin India Long Duration Fund - IDCW,153101
Franklin India Long Duration Fund - Direct - Growth,153102
Franklin India Long Duration Fund - Direct - IDCW,153103
Franklin India Long Duration Fund - Growth,153104
Mirae Asset Long Duration Fund - Direct Plan - Growth,153105
Mirae Asset Long Duration Fund - Direct Plan - IDCW,153106
Mirae Asset Long Duration Fund - Regular Plan - Growth,153107
Mirae Asset Long Duration Fund - Regular Plan - IDCW,153108
Union Active Momentum Fund - Direct Plan - Growth Option,153109
Union Active Momentum Fund - Direct Plan - IDCW Option,153110
Union Active Momentum Fund - Regular Plan - Growth Option,153111
Union Active Momentum Fund - Regular Plan - IDCW Option,153112
Bandhan Nifty 200 Quality 30 Index Fund - Regular Plan - Growth,153113
Bandhan Nifty 200 Quality 30 Index Fund - Direct Plan - Growth,153114
Edelweiss CRISIL IBX AAA Financial Services - Jan 2028 Index Fund - Direct - Growth,153115
Kotak Transportation & Logistics Fund-Regular-Growth,153116
Kotak Transportation & Logistics Fund-Direct -IDCW-PAYOUT & REINVESTMENT,153117
Kotak Transportation & Logistics Fund-Direct Growth,153118
Kotak Transportation & Logistics Fund-Regular-IDCW Payout & Reinvestment,153119
DSP Business Cycle Fund - Regular - IDCW,153120
DSP Business Cycle Fund - Direct - Growth,153121
DSP Business Cycle Fund - Regular - Growth,153122
DSP Business Cycle Fund - Direct - IDCW,153123
Aditya Birla Sun Life Conglomerate Fund-Direct Growth,153124
Aditya Birla Sun Life Conglomerate Fund-Direct IDCW Payout,153125
Aditya Birla Sun Life Conglomerate Fund-Regular IDCW Payout,153126
Aditya Birla Sun Life Conglomerate Fund-Regular Growth,153127
Edelweiss CRISIL IBX AAA Financial Services - Jan 2028 Index Fund - Direct - IDCW - Payout,153128
Edelweiss CRISIL IBX AAA Financial Services - Jan 2028 Index Fund - Regular - IDCW - Payout,153129
Edelweiss CRISIL IBX AAA Financial Services - Jan 2028 Index Fund - Regular - Growth,153130
Tata BSE Select Business Groups Index Fund - Direct IDCW Payout,153131
Tata BSE Select Business Groups Index Fund - Direct Growth,153132
Tata BSE Select Business Groups Index Fund - Regular IDCW Payout,153133
Tata BSE Select Business Groups Index Fund - Regular Growth,153134
Tata BSE Select Business Groups Index Fund - Direct IDCW Reinvestment,153135
Tata BSE Select Business Groups Index Fund - Regular IDCW Reinvestment,153136
Motilal Oswal Nifty Capital Market Index Fund - Regular Plan - Growth,153137
Motilal Oswal Nifty Capital Market Index Fund - Direct Plan - Growth,153138
Bank of India Consumption Fund - Direct - Growth,153139
Bank of India Consumption Fund - Regular - Growth,153140
Bank of India Consumption Fund - Regular - IDCW,153141
Bank of India Consumption Fund - Direct - IDCW,153142
Kotak Nifty 100 Equal Weight index Fund - Direct Plan - IDCW Option,153143
Kotak Nifty 100 Equal Weight Index Fund - Regular Plan - IDCW Option,153144
Kotak Nifty 100 Equal Weight Index Fund - Regular Plan - Growth,153145
Kotak Nifty 100 Equal Weight Index Fund - Direct Plan - Growth,153146
Kotak Nifty 50 Equal Weight Index Fund - Direct Plan - IDCW Option,153147
Kotak Nifty 50 Equal Weight Index Fund - Regular Plan - Growth,153148
Kotak Nifty 50 Equal Weight Index Fund - Regular Plan - IDCW Option,153149
Kotak Nifty 50 Equal Weight Index Fund - Direct Plan - Growth,153150
SBI Quant Fund- Direct Plan- Income Distribution cum Capital Withdrawal Option (IDCW),153151
SBI Quant Fund- Regular Plan- Income Distribution Cum Capital Withdrawal Option (IDCW),153152
SBI Quant Fund- Regular Plan- Growth,153153
SBI Quant Fund- Direct Plan- Growth,153154
BAJAJ FINSERV HEALTHCARE FUND - REGULAR - GROWTH,153155
BAJAJ FINSERV HEALTHCARE FUND - DIRECT - IDCW,153156
BAJAJ FINSERV HEALTHCARE FUND - DIRECT - GROWTH,153157
BAJAJ FINSERV HEALTHCARE FUND - REGULAR - IDCW,153158
ICICI Prudential Nifty 500 Index Fund - Direct Plan - IDCW,153159
ICICI Prudential Nifty 500 Index Fund - IDCW,153160
ICICI Prudential Nifty 500 Index Fund - Direct Plan - Growth,153161
ICICI Prudential Nifty 500 Index Fund - Growth,153162
Baroda BNP Paribas Children's Fund - Regular Plan - IDCW Option,153169
Baroda BNP Paribas Children's Fund - Regular Plan - Growth Option,153170
Baroda BNP Paribas Children's Fund - Direct Plan - Growth Option,153171
Axis CRISIL-IBX AAA Bond NBFC-HFC - Jun 2027 Index Fund - Direct Plan - Growth option,153172
Axis CRISIL-IBX AAA Bond NBFC-HFC - Jun 2027 Index Fund - Direct Plan - IDCW option,153173
Axis CRISIL-IBX AAA Bond NBFC-HFC - Jun 2027 Index Fund - Regular Plan - Growth option,153174
Axis CRISIL-IBX AAA Bond NBFC-HFC - Jun 2027 Index Fund - Regular Plan - IDCW option,153175
Aditya Birla Sun Life Crisil-IBX Financial Services 3 to 6 months Debt Index Fund-Direct IDCW Payout,153176
Aditya Birla Sun Life Crisil-IBX Financial Services 3 to 6 Months Debt Index Fund-Regular Growth,153177
Aditya Birla Sun Life Crisil-IBX Financial Services 3 to 6 Months  Debt Index Fund-Regular IDCW Payout,153178
Aditya Birla Sun Life Crisil-IBX financial Services 3 to 6 months Debt Index Fund-Direct Growth,153179
Edelweiss BSE Capital Markets & Insurance  ETF - Growth,153180
ICICI Prudential Rural Opportunities Fund - Growth,153181
ICICI Prudential Rural Opportunities Fund - Direct Plan - IDCW,153182
ICICI Prudential Rural Opportunities Fund - IDCW,153183
ICICI Prudential Rural Opportunities Fund - Direct Plan - Growth,153184
Motilal Oswal Arbitrage Fund-Direct Plan-IDCW,153185
Motilal Oswal Arbitrage Fund-Regular Plan-IDCW,153186
Motilal Oswal Arbitrage Fund-Direct Plan-Growth,153187
Motilal Oswal Arbitrage Fund-Regular Plan-Growth,153188
WhiteOak Capital Quality Equity Fund Direct Plan Growth,153189
WhiteOak Capital Quality Equity Fund Regular Plan Growth,153190
Mirae Asset Nifty India New Age Consumption ETF,153191
Mirae Asset Nifty India New Age Consumption ETF Fund of Fund - Direct Plan - Growth,153192
Mirae Asset Nifty India New Age Consumption ETF Fund of Fund - Direct Plan - IDCW,153193
Mirae Asset Nifty India New Age Consumption ETF Fund of Fund - Regular Plan - Growth,153194
Mirae Asset Nifty India New Age Consumption ETF Fund of Fund - Regular Plan - IDCW,153195
Mirae Asset Small Cap Fund - Direct Plan - Growth,153196
Mirae Asset Small Cap Fund - Direct Plan - IDCW,153197
Mirae Asset Small Cap Fund - Regular Plan - Growth,153198
Mirae Asset Small Cap Fund - Regular Plan - IDCW,153199
BAJAJ FINSERV ELSS TAX SAVER FUND - REGULAR - IDCW,153200
BAJAJ FINSERV ELSS TAX SAVER FUND - DIRECT - GROWTH,153201
BAJAJ FINSERV ELSS TAX SAVER FUND - REGULAR - GROWTH,153202
BAJAJ FINSERV ELSS TAX SAVER FUND - DIRECT - IDCW,153203
UTI Quant Fund - Direct Plan - Growth Option,153204
UTI Quant Fund - Regular Plan - Growth Option,153205
Bajaj Finserv Gilt Fund - Direct - Growth,153206
Bajaj Finserv Gilt Fund - Direct - IDCW,153207
Bajaj Finserv Gilt Fund - Regular - IDCW,153209
Bajaj Finserv Gilt Fund - Regular - Growth,153211
Bandhan Nifty Alpha Low Volatility 30 Index Fund - Regular Plan - Growth,153212
Bandhan Nifty Alpha Low Volatility 30 Index Fund - Direct Plan - Growth,153213
Edelweiss Consumption Fund - Direct - Growth,153214
Edelweiss Consumption Fund - Regular - IDCW - Payout,153215
DSP BSE SENSEX Next 30 Index Fund - Regular - Growth,153216
DSP BSE SENSEX Next 30 Index Fund - Regular - IDCW,153217
DSP BSE SENSEX Next 30 Index Fund - Direct - IDCW,153218
DSP BSE SENSEX Next 30 Index Fund - Direct - Growth,153219
Kotak Nifty SmallCap 250 Index Fund - Direct - IDCW,153220
Kotak Nifty SmallCap 250 Index Fund- Regular - Growth,153221
Kotak Nifty SmallCap 250 Index Fund- Regular - IDCW,153222
Kotak Nifty SmallCap 250 Index Fund- Direct - Growth,153223
Baroda BNP Paribas Energy Opportunities Fund - Regular Plan - ICDW Option,153224
Baroda BNP Paribas Energy Opportunities Fund - Direct Plan - Growth Option,153225
Baroda BNP Paribas Energy Opportunities Fund - Regular Plan - Growth Option,153226
Baroda BNP Paribas Energy Opportunities Fund - Direct Plan - IDCW Option,153227
DSP BSE SENSEX Next 30 ETF,153228
Groww Nifty India Railways PSU ETF,153229
Groww Nifty India Railways PSU Index Fund - Direct Plan - Growth,153230
Groww Nifty India Railways PSU Index Fund - Direct Plan - IDCW,153231
Groww Nifty India Railways PSU Index Fund - Regular Plan - Growth,153232
Groww Nifty India Railways PSU Index Fund - Regular Plan - IDCW,153233
ICICI Prudential CRISIL-IBX AAA Bond Financial Services Index -Dec 2026 Fund - Growth,153234
ICICI Prudential CRISIL-IBX AAA Bond Financial Services Index -Dec 2026 Fund - Annual IDCW,153235
ICICI Prudential CRISIL-IBX AAA Bond Financial Services Index -Dec 2026 Fund- Direct Plan - Growth,153236
ICICI Prudential CRISIL-IBX AAA Bond Financial Services Index -Dec 2026 Fund- Direct Plan - Annual IDCW,153237
Samco Large Cap Fund - Regular Plan - Growth Option,153238
Samco Large Cap Fund - Direct Plan - Growth Option,153239
Union Short Duration Fund - Regular Plan - Growth Option,153240
Union Short Duration Fund - Regular Plan - IDCW Option,153241
Union Short Duration Fund - Direct Plan - Growth Option,153242
Union Short Duration Fund - Direct Plan - IDCW Option,153243
Axis Nifty500 Momentum 50 Index Fund - Direct Plan - Growth Option,153244
Axis Nifty500 Momentum 50 Index Fund - Regular Plan - Growth Option,153245
LIC MF Multi Asset Allocation Fund-Direct Plan-Growth,153246
LIC MF Multi Asset Allocation Fund-Direct Plan-IDCW,153247
LIC MF Multi Asset Allocation Fund-Regular Plan-Growth,153248
LIC MF Multi Asset Allocation Fund-Regular Plan-IDCW,153249
SBI Nifty Bank Index Fund-Direct Plan- Growth,153250
SBI Nifty Bank Index Fund- Regular Plan- Income Distribution Cum Capital Withdrawal Option,153251
SBI Nifty Bank Index Fund-Direct Plan- Income Distribution Cum Capital Withdrawal Option,153252
SBI Nifty Bank Index Fund-Regular Plan- Growth,153253
Edelweiss Consumption Fund - Direct - IDCW - Payout,153254
Edelweiss Consumption Fund - Regular - Growth,153255
Motilal Oswal Innovation Opportunities Fund- Regular Plan- Growth,153256
Motilal Oswal Innovation Opportunities Fund- Regular Plan- IDCW,153257
Motilal Oswal Innovation Opportunities Fund - Direct Plan- Growth,153258
Motilal Oswal Innovation Opportunities Fund - Direct Plan- IDCW,153259
ITI Bharat Consumption Fund - Direct Plan - Growth,153260
ITI Bharat Consumption Fund - Direct Plan - IDCW Option,153261
ITI Bharat Consumption Fund - Regular Plan - IDCW Option,153262
ITI Bharat Consumption Fund - Regular Plan Plan - Growth,153263
HDFC Nifty100 Quality 30 Index Fund - Direct Plan,153264
HDFC Nifty100 Quality 30 Index Fund - Regular Plan,153265
HSBC Financial Services Fund - Direct Growth,153266
HSBC Financial Services Fund - Regular Growth,153267
HSBC Financial Services Fund - Regular IDCW,153268
HSBC Financial Services Fund - Direct IDCW,153269
UTI Nifty India Manufacturing Index Fund - Direct Plan - Growth Option,153270
UTI Nifty India Manufacturing Index Fund - Regular Plan - Growth Option,153271
UTI Nifty Midsmallcap 400 Momentum Quality 100 Index Fund - Direct Plan - Growth Option,153272
UTI Nifty Midsmallcap 400 Momentum Quality 100 Index Fund - Regular Plan - Growth Option,153273
Nippon India Active Momentum Fund-Direct Plan - Growth Option,153274
Nippon India Active Momentum Fund - Regular Plan- Growth Option,153276
Nippon India Active Momentum Fund- Direct Plan IDCW Option,153277
Nippon India Active Momentum Fund- Regular Plan- IDCW Option,153278
Shriram Unclaimed Redemption Liquid Fund,153280
Shriram Unclaimed Redemption Stable Scheme Liquid Fund,153281
Shriram Unclaimed IDCW Liquid Fund,153282
Shriram Unclaimed IDCW Stable Scheme Liquid Fund,153283
Kotak BSE Sensex Index Fund - Regular - Growth,153284
Kotak BSE Sensex Index Fund - Regular - IDCW,153285
Kotak BSE Sensex Index Fund- Direct - Growth,153286
Kotak BSE Sensex Index Fund- Direct - IDCW,153287
Invesco India Business Cycle Fund - Regular Plan - Growth,153288
Invesco India Business Cycle Fund - Regular Plan - IDCW,153289
Invesco India Business Cycle Fund - Direct Plan - IDCW,153290
Invesco India Business Cycle Fund - Direct Plan - Growth,153291
Bank of India Money Market Fund - Regular - Growth,153293
Bank of India Money Market Fund - Direct - Growth,153294
Bank of India Money Market Fund - Direct - Monthly IDCW,153295
Bank of India Money Market Fund - Direct - Daily IDCW,153296
Bank of India Money Market Fund - Regular - Daily IDCW,153298
Bank of India Money Market Fund - Regular - Monthly IDCW,153299
Bank of India Money Market Fund - Regular - Weekly IDCW,153301
Mahindra Manulife Value Fund - Regular Plan - IDCW,153302
Mahindra Manulife Value Fund - Direct Plan - Growth,153303
Mahindra Manulife Value Fund - Regular Plan - Growth,153304
Mahindra Manulife Value Fund - Direct Plan - IDCW,153305
BAJAJ FINSERV MULTI CAP FUND - DIRECT - IDCW,153306
BAJAJ FINSERV MULTI CAP FUND - REGULAR - GROWTH,153307
BAJAJ FINSERV MULTI CAP FUND - REGULAR - IDCW,153308
BAJAJ FINSERV MULTI CAP FUND - DIRECT - GROWTH,153309
Kotak CRISIL - IBX AAA Bond Financial Services Index Dec 2026 Fund - Regular - IDCW,153310
Kotak CRISIL - IBX AAA Bond Financial Services Index Dec 2026 Fund - Regular - Growth,153311
Kotak CRISIL - IBX AAA Bond Financial Services Index Dec 2026 Fund - Direct - IDCW,153312
Kotak CRISIL - IBX AAA Bond Financial Services Index Dec 2026 Fund - Direct - Growth,153313
Kotak MSCI India ETF,153314
Kotak Nifty 100 Equal Weight ETF,153315
SBI Nifty IT Index Fund - Direct Plan - Growth,153320
SBI Nifty IT Index Fund - Direct Plan - Income Distribution Cum Withdrawal Option (IDCW),153321
SBI Nifty IT Index Fund - Regular Plan - Income Distribution Cum Capital Withdrawal Option (IDCW),153322
SBI Nifty IT Index Fund - Regular Plan - Growth,153323
Helios Mid Cap Fund - Direct Plan - IDCW Option,153324
Helios Mid Cap Fund - Regular Plan - IDCW Option,153325
Helios Mid Cap Fund - Direct Plan - Growth Option,153326
Helios Mid Cap Fund - Regular Plan - Growth Plan,153327
Groww Nifty 200 ETF FOF - Direct - Growth,153328
Groww Nifty 200 ETF,153329
ANGEL ONE NIFTY TOTAL MARKET INDEX FUND DIRECT PLAN GROWTH OPTION,153330
ANGEL ONE NIFTY TOTAL MARKET INDEX FUND REGULAR PLAN GROWTH OPTION,153331
ANGEL ONE NIFTY TOTAL MARKET ETF,153332
Edelweiss CRISIL IBX AAA Bond NBFC HFC Jun 2027 Index Fund - Direct Plan - IDCW Option,153333
Edelweiss CRISIL IBX AAA Bond NBFC HFC Jun 2027 Index Fund - Regular Plan - Growth Option,153334
Edelweiss CRISIL IBX AAA Bond NBFC HFC Jun 2027 Index Fund - Direct Plan - Growth Option,153335
Edelweiss CRISIL IBX AAA Bond NBFC HFC Jun 2027 Index Fund - Regular Plan - IDCW Option,153336
Union Gold ETF,153337
Union Gold ETF Fund of Fund - Regular Plan - Growth Option,153338
Union Gold ETF Fund of Fund - Direct Plan - IDCW Option,153339
Union Gold ETF Fund of Fund - Direct Plan - Growth Option,153340
Union Gold ETF Fund of Fund - Regular Plan - IDCW Option,153341
Groww Nifty 200 ETF FOF - Regular - Growth,153342
Groww Nifty 200 ETF FOF - Direct - IDCW,153343
Groww Nifty 200 ETF FOF - Regular - IDCW,153344
DSP Nifty Private Bank Index Fund - Direct - IDCW,153345
DSP Nifty Private Bank Index Fund - Regular - IDCW,153346
DSP Nifty Private Bank Index Fund - Regular - Growth,153347
DSP Nifty Private Bank Index Fund - Direct - Growth,153348
Bandhan Nifty Next 50 Index Fund - Regular Plan - Growth,153349
Bandhan Nifty Next 50 Index Fund - Direct Plan - Growth,153350
KOTAK NIFTY COMMODITIES INDEX FUND-REGULAR GROWTH,153351
KOTAK NIFTY COMMODITIES INDEX FUND-REGULAR-IDCW-PAYOUT & REINVESTMENT,153352
Kotak Nifty Commodities Index Fund-Direct Growth,153353
KOTAK NIFTY COMMODITIES INDEX FUND-DIRECT-IDCW-PAYOUT & REINVESTMENT,153354
WhiteOak Capital Equity Savings Fund Direct Plan Growth,153355
WhiteOak Capital Equity Savings Fund Regular Plan Growth,153356
360 ONE Gold ETF,153357
Navi Nifty Smallcap 250 Momentum quality index fund- Direct Plan,153362
Navi Nifty Smallcap 250 Momentum quality index fund- Regular Plan,153363
Motilal Oswal Active Momentum Fund- Direct-Growth,153364
Motilal Oswal Active Momentum Fund- Regular- Growth,153365
Motilal Oswal Active Momentum Fund - Regular- IDCW,153366
Motilal Oswal Active Momentum Fund- Direct-IDCW,153367
Franklin India Low Duration Fund-Direct-Growth,153368
Franklin India Low Duration Fund-Direct-IDCW,153369
Franklin India Low Duration Fund-IDCW,153370
Franklin India Low Duration Fund-Growth,153371
Kotak CRISIL-IBX Financial Services 3-6 Months Debt Index Fund-Direct-Growth,153372
Kotak CRISIL-IBX Financial Services 3-6 Months Debt Index Fund-Direct-IDCW,153373
Kotak CRISIL-IBX Financial Services 3-6 Months Debt Index Fund-Regular-IDCW,153374
Kotak CRISIL-IBX Financial Services 3-6 Months Debt Index Fund-Regular-Growth,153375
Unifi Dynamic Asset Allocation Fund - Direct Growth,153376
Unifi Dynamic Asset Allocation Fund - Regular Growth,153377
ICICI Prudential BSE Liquid Rate ETF - Growth,153378
Mirae Asset BSE 200 Equal Weight ETF,153379
Mirae Asset BSE 200 Equal Weight ETF Fund of Fund - Direct Plan - Growth,153380
Mirae Asset BSE 200 Equal Weight ETF Fund of Fund - Direct Plan - IDCW,153381
Mirae Asset BSE 200 Equal Weight ETF Fund of Fund - Regular Plan - Growth,153382
Mirae Asset BSE 200 Equal Weight ETF Fund of Fund - Regular Plan - IDCW,153383
Mirae Asset BSE Select IPO ETF,153384
Mirae Asset BSE Select IPO ETF Fund of Fund - Direct Plan - Growth,153385
Mirae Asset BSE Select IPO ETF Fund of Fund - Direct Plan - IDCW,153386
Mirae Asset BSE Select IPO ETF Fund of Fund - Regular Plan - Growth,153387
Mirae Asset BSE Select IPO ETF Fund of Fund - Regular Plan - IDCW,153388
Bandhan CRISIL-IBX 10:90 Gilt Plus SDL Index - Dec 2029 Fund-Direct Plan-Growth,153389
Bandhan CRISIL-IBX 10:90 Gilt Plus SDL Index - Dec 2029 Fund-Direct Plan-IDCW,153390
Bandhan CRISIL-IBX 10:90 Gilt Plus SDL Index - Dec 2029 Fund-Regular Plan-Growth,153391
Bandhan CRISIL-IBX 10:90 Gilt Plus SDL Index - Dec 2029 Fund-Regular Plan-IDCW,153392
ICICI Prudential Nifty EV & New Age Automotive ETF FOF - IDCW,153393
ICICI Prudential Nifty EV & New Age Automotive ETF FOF - Direct Plan - Growth,153394
ICICI Prudential Nifty EV & New Age Automotive ETF FOF - Direct Plan - IDCW,153395
ICICI Prudential Nifty EV & New Age Automotive ETF FOF - Growth,153396
ICICI Prudential Nifty EV & New Age Automotive ETF,153397
Kotak Nifty Midcap 150 ETF,153398
KOTAK NIFTY MIDCAP 150 INDEX FUND-REGULAR PLAN-GROWTH,153399
KOTAK NIFTY MIDCAP 150 INDEX FUND-REGULAR PLAN-IDCW PAYOUT AND REINVESTMENT,153400
KOTAK NIFTY MIDCAP 150 INDEX FUND-DIRECT PLAN-GROWTH,153401
KOTAK NIFTY MIDCAP 150 INDEX FUND-DIRECT PLAN-IDCW-PAYOUT AND REINVESTMENT,153402
HDFC NIFTY 1D RATE LIQUID ETF GROWTH,153403
HDFC Nifty Top 20 Equal Weight Index Fund - Regular Growth,153404
HDFC Nifty Top 20 Equal Weight Index Fund - Direct,153405
Motilal Oswal Nifty Capital Market ETF,153406
Bandhan CRISIL-IBX Financial Services 3-6 Months Debt Index Fund - Direct Plan - Growth,153407
Bandhan CRISIL-IBX Financial Services 3-6 Months Debt Index Fund - Regular Plan - Growth,153408
ICICI Prudential CRISIL-IBX Financial Services 3-6 Months Debt Index Fund - Growth,153409
ICICI Prudential CRISIL-IBX Financial Services 3-6 Months Debt Index Fund - Direct Plan - Annual IDCW,153410
ICICI Prudential CRISIL-IBX Financial Services 3-6 Months Debt Index Fund - Direct Plan - Growth,153411
ICICI Prudential CRISIL-IBX Financial Services 3-6 Months Debt Index Fund - Annual IDCW,153412
Zerodha Silver ETF,153413
Axis Nifty500 Value 50 ETF,153414
360 ONE Silver ETF,153415
Edelweiss Low Duration Fund - Direct Plan Growth,153416
Edelweiss Low Duration Fund - Regular Plan IDCW Payout,153417
Edelweiss Low Duration Fund - Direct Plan IDCW Payout,153418
Edelweiss Low Duration Fund - Regular Plan Growth,153419
Tata BSE Quality Index Fund Direct plan Growth Option,153420
Tata BSE Quality Index Fund Direct plan IDCW Payout Option,153421
Tata BSE Quality Index Fund Direct plan IDCW Reinvestment Option,153422
Tata BSE Quality Index Fund Regular plan IDCW Reinvestment Option,153423
Tata BSE Quality Index Fund Regular plan IDCW Payout Option,153424
Tata BSE Quality Index Fund Regular plan Growth Option,153425
quant Arbitrage Fund - Growth Option - Direct Plan,153426
quant Arbitrage Fund - IDCW Option - Direct Plan,153427
quant Arbitrage Fund - Growth Option - Regular Plan,153428
quant Arbitrage Fund - IDCW Option - Regular Plan,153429
SBI BSE PSU BANK INDEX FUND- Regular Plan- Income Distribution Cum Capital Withdrawal Option (IDCW),153431
SBI BSE PSU BANK INDEX FUND- Direct Plan- Growth,153432
SBI BSE PSU BANK INDEX FUND- Direct Plan- Income Distribution Cum Capital Withdrawal Option (IDCW),153433
SBI BSE PSU BANK INDEX FUND- Regular Plan- Growth,153434
SBI BSE PSU BANK ETF,153435
Zerodha Overnight Fund - Direct Plan - Growth Option,153436
Bajaj Finserv Overnight Fund - Direct - Unclaimed less than 3 years IDCW Plan,153437
Bajaj Finserv Overnight Fund - Direct - Unclaimed less than 3 years Redemption Plan,153438
UTI Income Plus Arbitrage Active Fund of Fund - Regular Plan - Growth Option,153441
UTI Income Plus Arbitrage Active Fund of Fund - Direct Plan - Growth Option,153442
Aditya Birla Sun Life Crisil-IBX Financial Services 9-12 Months Debt Index Fund-Direct Growth,153443
Aditya Birla Sun Life Crisil-IBX Financial Services 9-12 Months Debt Index Fund-Direct IDCW Payout,153444
Aditya Birla Sun Life Crisil-IBX Financial Services 9-12 Months Debt Index Fund-Regular Growth,153445
Kotak Energy Opportunities Fund-Direct-Growth,153447
Kotak Energy Opportunities Fund-Direct-IDCW-Payout & Reinvestment,153448
Kotak Energy Opportunities Fund-Regular-Growth,153449
Kotak Energy Opportunities Fund-Regular-IDCW-Payout & Reinvestment,153450
ANGEL ONE NIFTY 1D RATE LIQUID ETF - GROWTH,153451
Groww Nifty 500 Momentum 50 ETF,153452
Groww Nifty 500 Momentum 50 ETF FOF - Direct Plan - Growth,153453
Groww Nifty 500 Momentum 50 ETF FOF - Direct Plan - IDCW,153454
Groww Nifty 500 Momentum 50 ETF FOF - Regular Plan - IDCW,153455
Groww Nifty 500 Momentum 50 ETF FOF - Regular Plan- Growth,153456
ICICI Prudential Quality Fund - IDCW,153457
ICICI Prudential Quality Fund - Direct Plan - Growth,153458
ICICI Prudential Quality Fund - Growth,153459
ICICI Prudential Quality Fund - Direct Plan - IDCW,153460
Kotak Nifty Top 10 Equal Weight Index Fund-Direct Plan-Growth,153461
Kotak Nifty Top 10 Equal Weight Index Fund-Direct Plan-IDCW-Payout and Reinvestment,153462
Kotak Nifty Top 10 Equal Weight Index Fund-Regular Plan-Growth,153463
Kotak Nifty Top 10 Equal Weight Index Fund-Regular Plan-IDCW Payout and Reinvestment,153464
Canara Robeco Multi Asset Allocation Fund - Direct Plan - Growth,153465
Canara Robeco Multi Asset Allocation Fund - Regular Plan - Growth,153466
Canara Robeco Multi Asset Allocation Fund - Regular Plan - IDCW,153467
Canara Robeco Multi Asset Allocation Fund - Direct Plan - IDCW,153468
Nippon India Nifty 500 Quality 50 Index Fund - Regular Plan - IDCW Option,153469
Nippon India Nifty 500 Quality 50 Index Fund - Direct Plan - Growth Option,153470
Nippon India Nifty 500 Quality 50 Index Fund - Direct Plan - IDCW Option,153471
Nippon India Nifty 500 Quality 50 Index Fund - Regular Plan - Growth Option,153472
Nippon India Nifty 500 Low Volatility 50 Index Fund - Direct Plan - IDCW Plan,153473
Nippon India Nifty 500 Low Volatility 50 Index Fund - Direct Plan - Growth Option,153474
Nippon India Nifty 500 Low Volatility 50 Index Fund - Regular Plan - Growth Option,153475
Nippon India Nifty 500 Low Volatility 50 Index Fund - Regular Pan - IDCW Option,153476
Groww Gilt Fund - Direct - Growth,153477
Bajaj Finserv Nifty Next 50 Index Fund - Direct - IDCW,153478
Bajaj Finserv Nifty Next 50 Index Fund - Direct - Growth,153479
Bajaj Finserv Nifty Next 50 Index Fund - Regular - Growth,153480
Bajaj Finserv Nifty Next 50 Index Fund - Regular - IDCW,153481
Motilal Oswal Infrastructure Fund-Regular-Growth,153482
Motilal Oswal Infrastructure Fund-Direct-IDCW,153483
Motilal Oswal Infrastructure Fund-Direct-Growth,153484
Motilal Oswal Infrastructure Fund-Regular-IDCW,153485
DSP Silver ETF Fund of Fund - Regular - Growth,153486
DSP Silver ETF Fund of Fund - Direct - Growth,153487
DSP Silver ETF Fund of Fund - Regular - IDCW,153488
DSP Silver ETF Fund of Fund - Direct - IDCW,153489
Edelweiss BSE Internet Economy Index Fund - Direct Plan - IDCW,153494
Edelweiss BSE Internet Economy Index Fund - Regular Plan - Growth,153495
Edelweiss BSE Internet Economy Index Fund - Regular Plan - IDCW,153496
Edelweiss BSE Internet Economy Index Fund - Direct Plan - Growth,153497
SBI Income Plus Arbitrage Active FOF- Direct Plan- Growth,153498
SBI Income Plus Arbitrage Active FOF- Regular Plan- Income Distribution Cum Capital Withdrawal Option,153499
SBI Income Plus Arbitrage Active FOF- Regular Plan- Growth,153500
SBI Income Plus Arbitrage Active FOF- Direct Plan- Income Distribution Cum Capital Withdrawal Option,153501
Groww Gilt Fund - Direct - IDCW,153502
Groww Gilt Fund - Regular - Growth,153503
Groww Gilt Fund - Regular - IDCW,153504
Bajaj Finserv Nifty 50 Index Fund - Direct - IDCW,153505
Bajaj Finserv Nifty 50 Index Fund - Direct - Growth,153506
Bajaj Finserv Nifty 50 Index Fund - Regular - IDCW,153507
Bajaj Finserv Nifty 50 Index Fund - Regular - Growth,153508
Tata Income Plus Arbitrage Active FOF - Direct Plan IDCW Reinvestment Option,153509
Tata Income Plus Arbitrage Active FOF - Regular Plan IDCW Payout Option,153510
Tata Income Plus Arbitrage Active FOF - Regular Plan Growth Option,153511
Tata Income Plus Arbitrage Active FOF - Direct Plan IDCW Payout Option,153512
Tata Income Plus Arbitrage Active FOF - Direct Plan Growth Option,153513
Tata Income Plus Arbitrage Active FOF - Regular Plan IDCW Reinvestment Option,153514
UTI Multi Cap Fund - Direct Plan - Growth Option,153515
UTI Multi Cap Fund - Regular Plan - Growth Option,153516
HDFC CRISIL-IBX Financial Services 3-6 Months Debt Index Fund - Direct Growth Plan,153517
HDFC CRISIL-IBX Financial Services 3-6 Months Debt Index Fund - Regular Growth Plan,153518
Mirae Asset Nifty 50 Equal Weight ETF,153519
Groww Silver ETF,153524
Groww Silver ETF FOF - Direct - Growth,153525
Groww Silver ETF FOF - Direct - IDCW,153526
Groww Silver ETF FOF - Regular - Growth,153527
Groww Silver ETF FOF - Regular - IDCW,153528
ANGEL ONE NIFTY 50 INDEX FUND-DIRECT-GROWTH,153529
ANGEL ONE NIFTY 50 INDEX FUND-REGULAR-GROWTH,153530
ANGEL ONE NIFTY 50 ETF,153531
MOTILAL OSWAL NIFTY 50 EQUAL WEIGHT ETF,153532
Samco Large & Mid Cap Fund - Regular Plan - Growth Option,153533
Samco Large & Mid Cap Fund - Direct Plan - Growth Option,153534
MOTILAL OSWAL NIFTY NEXT 50 ETF,153535
Baroda BNP Paribas Income Plus Arbitrage Active FOF Direct Growth,153536
Baroda BNP Paribas Income Plus Arbitrage Active FOF Regular IDCW Payout,153538
Baroda BNP Paribas Income Plus Arbitrage Active FOF Direct IDCW Payout,153540
Baroda BNP Paribas Income Plus Arbitrage Active FOF Regular Growth,153541
Unifi Flexi Cap Fund - Regular Growth,153542
Unifi Flexi Cap Fund - Direct Growth,153543
ICICI Prudential Nifty200 Quality 30 Index Fund - Growth,153544
ICICI Prudential Nifty200 Quality 30 Index Fund - IDCW,153545
ICICI Prudential Nifty200 Quality 30 Index Fund - Direct Plan - Growth,153546
ICICI Prudential Nifty200 Quality 30 Index Fund - Direct Plan - IDCW,153547
Baroda BNP Paribas Multi Asset Active FOF Regular Growth,153548
Baroda BNP Paribas Multi Asset Active FOF Regular ICDW Payout,153549
Baroda BNP Paribas Multi Asset Active FOF Direct IDCW Payout,153550
Baroda BNP Paribas Multi Asset Active FOF Direct Growth,153552
SBI Nifty200 Quality 30 Index Fund-Regular Plan- Growth,153554
SBI Nifty200 Quality 30 Index Fund-Direct Plan- Growth,153555
SBI Nifty200 Quality 30 Index Fund- Regular Plan- Income Cum Distribution Withdrawal Option,153556
SBI Nifty200 Quality 30 Index Fund- Direct Plan- Income Distribution Cum Capital Withdrawal Option,153557
Motilal Oswal Services Fund - Direct Plan - Growth,153558
Motilal Oswal Services Fund - Regular Plan - Growth,153561
Motilal Oswal Services Fund - Regular Plan - IDCW,153562
Motilal Oswal Services Fund - Direct Plan - IDCW,153563
Motilal Oswal BSE India Infrastructure ETF,153564
Nippon India BSE Sensex Next 30 Index -Direct Plan - IDCW Payout,153565
Nippon India BSE Sensex Next 30 Index Fund - Regular Plan-Growth Option,153566
Nippon India BSE Sensex Next 30 Index Fund- Direct Plan- Growth Option,153567
Nippon India BSE Sensex Next 30 Index Fund -Regular Plan- IDCW Payout,153568
Nippon India BSE Sensex Next 30 ETF,153569
Unifi Liquid Fund- Direct Growth,153570
Unifi Liquid Fund- Regular Growth,153571
Motilal Oswal Nifty India Manufacturing ETF,153572
Union Income Plus Arbitrage Active FOF - Regular Plan - Growth Option,153573
Union Income Plus Arbitrage Active FOF - Regular Plan - IDCW Option,153574
Union Income Plus Arbitrage Active FOF - Direct Plan - Growth Option,153575
Union Income Plus Arbitrage Active FOF - Direct Plan - IDCW Option,153576
Tata Nifty Midcap 150 Index Fund - Direct Plan - IDCW Reinvestment Option,153577
Tata Nifty Midcap 150 Index Fund - Regular Plan - IDCW Reinvestment Option,153578
Tata Nifty Midcap 150 Index Fund - Direct Plan - IDCW Payout Option,153579
Tata Nifty Midcap 150 Index Fund - Regular Plan - Growth Option,153580
Tata Nifty Midcap 150 Index Fund - Direct Plan - Growth Option,153581
Tata Nifty Midcap 150 Index Fund - Regular Plan - IDCW Payout Option,153582
Groww Nifty 500 Low Volatility 50 ETF,153583
Kotak Liquid Fund - Direct Plan - Weekly - Reinvestment & Payout of Income Distribution cum capital withdrawal option,153585
Kotak Liquid Fund - Regular Plan - Weekly - Reinvestment & Payout of Income Distribution cum capital withdrawal option,153586
DSP Nifty IT Index Fund - Regular - Growth,153588
DSP Nifty IT Index Fund - Regular - IDCW,153589
DSP Nifty IT Index Fund - Direct - Growth,153590
DSP Nifty IT Index Fund - Direct - IDCW,153591
DSP Nifty Healthcare Index Fund - Regular - Growth,153592
DSP Nifty Healthcare Index Fund - Direct - IDCW,153593
DSP Nifty Healthcare Index Fund - Direct- Growth,153594
DSP Nifty Healthcare Index Fund - Regular - IDCW,153595
Motilal Oswal BSE 1000 Index Fund - Direct Plan - Growth,153596
Motilal Oswal BSE 1000 Index Fund - Regular Plan - Growth,153597
Nippon India Income Plus Arbitrage Active Fund of Fund - Direct Plan-IDCW Payout,153598
Nippon India Income Plus Arbitrage Active Fund of Fund - Regular Plan- IDCW Payout,153599
Nippon India Income Plus Arbitrage Active Fund of Fund- Direct Plan- Growth Option,153600
Nippon India Income Plus Arbitrage Active Fund of Fund -Regular Plan- Growth Option,153601
Baroda BNP Paribas Health and Wellness Fund Regular Growth,153602
Baroda BNP Paribas Health and Wellness Fund Direct Growth,153604
Baroda BNP Paribas Health and Wellness Fund Direct IDCWPayout,153605
Baroda BNP Paribas Health and Wellness Fund Regular IDCWPayout,153607
Motilal Oswal Nifty PSE ETF,153608
BAJAJ FINSERV SMALL CAP FUND - REGULAR - GROWTH,153609
BAJAJ FINSERV SMALL CAP FUND - REGULAR - IDCW,153610
BAJAJ FINSERV SMALL CAP FUND - DIRECT - IDCW,153611
BAJAJ FINSERV SMALL CAP FUND - DIRECT - GROWTH,153612
ICICI Prudential Nifty Top 15 Equal Weight Index Fund - Growth,153613
ICICI Prudential Nifty Top 15 Equal Weight Index Fund - Direct Plan - Growth,153614
ICICI Prudential Nifty Top 15 Equal Weight Index Fund - IDCW,153615
ICICI Prudential Nifty Top 15 Equal Weight Index Fund - Direct Plan - IDCW,153616
ICICI Prudential Nifty Top 15 Equal Weight ETF,153617
Motilal Oswal Nifty India Tourism ETF,153618
HDFC INNOVATION FUND - REGULAR PLAN - GROWTH OPTION,153619
HDFC INNOVATION FUND - DIRECT PLAN - GROWTH OPTION,153620
Axis Services Opportunities Fund - Regular Plan - Growth Option,153621
Axis Services Opportunities Fund - Direct Plan - IDCW Option,153622
Axis Services Opportunities Fund - Regular Plan - IDCW Option,153623
Axis Services Opportunities Fund - Direct Plan - Growth Option,153624
Groww Nifty India Internet ETF,153625
Groww Nifty India Internet ETF FOF - Direct - Growth,153626
JM Large & Mid Cap Fund (Regular) - Growth Option,153627
JM Large & Mid Cap Fund (Regular) - IDCW,153628
JM Large & Mid Cap Fund (Direct) - Growth Option,153629
JM Large & Mid Cap Fund (Direct) - IDCW,153630
Groww Nifty India Internet ETF FOF - Regular - IDCW,153631
Groww Nifty India Internet ETF FOF - Direct - IDCW,153632
Groww Nifty India Internet ETF FOF - Regular - Growth,153633
Mirae Asset CRISIL-IBX Financial Services 9-12 Months Debt Index Fund - Direct Plan - Growth,153634
Mirae Asset CRISIL-IBX Financial Services 9-12 Months Debt Index Fund - Direct Plan - IDCW,153635
Mirae Asset CRISIL-IBX Financial Services 9-12 Months Debt Index Fund - Regular Plan - Growth,153636
Mirae Asset CRISIL-IBX Financial Services 9-12 Months Debt Index Fund - Regular Plan - IDCW,153637
Mirae Asset Income plus Arbitrage Active FOF - Direct Plan - Growth,153638
Mirae Asset Income plus Arbitrage Active FOF - Direct Plan - IDCW,153639
Mirae Asset Income plus Arbitrage Active FOF - Regular Plan - Growth,153640
Mirae Asset Income plus Arbitrage Active FOF - Regular Plan - IDCW,153641
Mirae Asset Nifty India Internet ETF,153642
HDFC INNOVATION FUND - IDCW - DIRECT PLAN,153643
TRUSTMF MULTI CAP FUND -DIRECT PLAN-GROWTH,153644
TRUSTMF MULTI CAP FUND -REGULAR PLAN-GROWTH,153645
HDFC INNOVATION FUND - IDCW - REGULAR PLAN,153647
JioBlackRock Money Market Fund - Direct Plan - Growth Option,153649
JioBlackRock Overnight Fund - Direct Plan - Growth Option,153650
JioBlackRock Liquid Fund - Direct Plan - Growth Option,153651
Union Low Duration Fund - Regular Plan - Growth Option,153652
Union Low Duration Fund - Regular Plan - IDCW Option,153653
Union Low Duration Fund - Direct Plan - Growth Option,153654
Union Low Duration Fund - Direct Plan - IDCW Option,153655
Zerodha Silver ETF FoF - Direct Growth,153656
Kotak Nifty200 Quality 30 ETF,153657
KOTAK NIFTY 200 QUALITY 30 INDEX FUND - DIRECT PLAN - IDCW - PAYOUT AND REINVESTMENT,153658
KOTAK NIFTY 200 QUALITY 30 INDEX FUND - REGULAR PLAN - GROWTH,153659
KOTAK NIFTY 200 QUALITY 30 INDEX FUND - DIRECT PLAN - GROWTH,153660
KOTAK NIFTY 200 QUALITY 30 INDEX FUND - REGULAR PLAN - IDCW - PAYOUT AND REINVESTMENT,153661
SBI Nifty200 Momentum 30 Index Fund- Direct Plan- Growth,153662
SBI Nifty200 Momentum 30 Index Fund- Regular Plan- Growth,153663
SBI Nifty200 Momentum 30 Index Fund- Regular Plan- Income Distribution Cum Capital Withdrawal Option (IDCW),153664
SBI Nifty200 Momentum 30 Index Fund- Direct Plan- Income Cum Distribution Capital Withdrawal Option (IDCW),153665
Sundaram Multi-Factor Fund - Direct - IDCW Reinvestment,153666
Sundaram Multi-Factor Fund - Regular - Growth,153667
Sundaram Multi-Factor Fund - Regular - IDCW Reinvestment,153668
Sundaram Multi-Factor Fund - Direct - Growth,153669
Sundaram Multi-Factor Fund - Direct - IDCW Payout,153670
Sundaram Multi-Factor Fund - Regular - IDCW Payout,153671
Mahindra Manulife Banking & Financial Services Fund - Direct - IDCW,153672
Mahindra Manulife Banking & Financial Services Fund - Regular - IDCW,153673
Mahindra Manulife Banking & Financial Services Fund - Direct - Growth,153674
Mahindra Manulife Banking & Financial Services Fund - Regular - Growth,153675
ICICI Prudential Nifty Private Bank Index Fund - Growth,153676
ICICI Prudential Nifty Private Bank Index Fund - Direct Plan - Growth,153679
Kotak Nifty AAA Bond Financial Services Mar 2028 Index Fund - Direct Plan - Growth,153680
Kotak Nifty AAA Bond Financial Services Mar 2028 Index Fund - Direct Plan - IDCW - Payout & Reinvestment,153681
Kotak Nifty AAA Bond Financial Services Mar 2028 Index Fund - Regular Plan - IDCW - Payout & Reinvestment,153682
Kotak Nifty AAA Bond Financial Services Mar 2028 Index Fund - Regular Plan - Growth,153683
ICICI Prudential Active Momentum Fund - Direct Plan - Growth,153684
ICICI Prudential Active Momentum Fund - Growth,153685
Tata Liquid Fund - Regular Plan - Weekly IDCW Reinvestment,153688
Tata Liquid Fund - Direct Plan - Weekly IDCW Reinvestment,153689
Nippon India MNC Fund- Direct Plan-IDCW Payout,153690
Nippon India MNC Fund- Regular Plan-Growth Option,153691
Nippon India MNC Fund- Regular Plan- IDCW Payout,153692
Nippon India MNC Fund- Direct Plan- Growth Option,153693
Motilal Oswal Nifty Midcap150 Momentum 50 ETF,153694
Invesco India Income Plus Arbitrage Active Fund of Fund - Regular Plan - Growth Plan,153695
Invesco India Income Plus Arbitrage Active Fund of Fund - Regular Plan - IDCW (Payout / Reinvestment),153696
Invesco India Income Plus Arbitrage Active Fund of Fund - Direct Plan - Growth,153697
Invesco India Income Plus Arbitrage Active Fund of Fund - Direct Plan - IDCW (Payout / Reinvestment),153698
Groww Nifty 50 ETF,153699
360 ONE Overnight Fund - Regular Plan - Growth,153700
360 ONE Overnight Fund- Direct Plan - IDCW,153701
360 ONE Overnight Fund - Regular Plan - IDCW,153702
360 ONE Overnight Fund - Direct Plan - Growth,153703
Groww Nifty 50 Index Fund Direct Growth,153704
quant Equity Savings Fund - Growth Option - Direct Plan,153705
quant Equity Savings Fund - IDCW Option - Direct Plan,153706
quant Equity Savings Fund - Growth Option - Regular Plan,153707
quant Equity Savings Fund - IDCW Option - Regular Plan,153708
Groww Nifty 50 Index Fund Direct IDCW,153709
Groww Nifty 50 Index Fund Regular Growth,153710
Groww Nifty 50 Index Fund Regular IDCW,153711
Edelweiss Income Plus Arbitrage Active Fund of Funds - Direct Plan Growth,153712
Edelweiss Income Plus Arbitrage Active Fund of Funds - Regular-Growth,153713
Edelweiss Income Plus Arbitrage Active Fund of Fund - Regular - Dividend- Payout,153714
Edelweiss Income Plus Arbitrage Active Fund of Funds - Direct-Dividend-Payout,153715
SBI Nifty100 Low Volatility 30 Index Fund- Regular Plan- Growth,153716
SBI Nifty100 Low Volatility 30 Index Fund- Regular Plan- Income Cum Distribution Capital Withdrawal Option (IDCW),153717
SBI Nifty100 Low Volatility 30 Index Fund- Direct Plan- Growth,153718
SBI Nifty100 Low Volatility 30 Index Fund-Direct  Plan- Income Cum Distribution Capital Withdrawal Option (IDCW),153719
Bandhan Multi-Factor Fund - Direct Plan - IDCW,153720
Bandhan Multi-Factor Fund - Regular Plan - Growth,153721
Bandhan Multi-Factor Fund - Direct Plan - Growth,153722
Bandhan Multi-Factor Fund - Regular Plan - IDCW,153723
Motilal Oswal Nifty Alpha 50 ETF,153724
Nippon India Nifty 1D Rate Liquid ETF-Growth,153725
Bank of India Mid Cap Fund - Regular Plan Growth,153726
Bank of India Mid Cap Fund - Regular Plan IDCW,153727
Bank of India Mid Cap Fund - Direct Plan Growth,153728
Bank of India Mid Cap Fund - Direct Plan IDCW,153729
Franklin India Multi Asset Allocation Fund- IDCW,153730
Franklin India Multi Asset Allocation Fund- Direct-Growth,153731
Franklin India Multi Asset Allocation Fund- Direct- IDCW,153732
Franklin India Multi Asset Allocation Fund- Growth,153733
Aditya Birla Sun Life BSE 500 Momentum 50 Index Fund-Regular IDCW Payout,153734
Aditya Birla Sun Life BSE 500 Momentum 50 Index Fund- Regular Growth,153735
Aditya Birla Sun Life BSE 500 Momentum 50 Index Fund-Direct Growth,153736
Aditya Birla Sun Life BSE 500 Momentum 50 Index Fund-Direct IDCW Payout,153737
CAPITALMIND FLEXI CAP FUND DIRECT GROWTH,153738
CAPITALMIND FLEXI CAP FUND REGULAR GROWTH,153739
Aditya Birla Sun Life BSE 500 Quality 50 Index Fund - Direct Growth,153740
Aditya Birla Sun Life BSE 500 Quality 50 Index Fund - Direct IDCW Payout,153741
Aditya Birla Sun Life BSE 500 Quality 50 Index Fund - Regular Growth,153742
Aditya Birla Sun Life BSE 500 Quality 50 Index Fund - Regular IDCW Payout,153743
Groww BSE Power ETF,153744
Groww BSE Power ETF FOF Direct Growth,153745
Groww BSE Power ETF FOF Direct IDCW,153746
Groww BSE Power ETF FOF Regular IDCW,153747
Groww BSE Power ETF FOF Regular Growth,153748
Motilal Oswal Special Opportunities Fund - Direct - Growth,153749
Motilal Oswal Special Opportunities Fund - Direct- IDCW,153750
Motilal Oswal Special Opportunities Fund-Regular Plan-Growth,153751
Motilal Oswal Special Opportunities Fund-Regular Plan- IDCW,153752
Kotak Active Momentum Fund - Direct Plan - Growth option,153753
Kotak Active Momentum Fund - Direct Plan - IDCW - Payout and Reinvestment,153754
Kotak Active Momentum Fund - Regular Plan - Growth,153755
Kotak Active Momentum Fund - Regular Plan - IDCW - Payout & Reinvestment,153756
Zerodha Multi Asset Passive FoF - Direct - Growth,153757
BAJAJ FINSERV EQUITY SAVINGS FUND - DIRECT - GROWTH,153758
BAJAJ FINSERV EQUITY SAVINGS FUND - REGULAR - GROWTH,153769
BAJAJ FINSERV EQUITY SAVINGS FUND -  DIRECT - IDCW,153770
BAJAJ FINSERV EQUITY SAVINGS FUND - REGULAR - IDCW,153771
360 ONE Multi Asset Allocation Fund - Regular Plan - Growth,153772
360 ONE Multi Asset Allocation Fund - Direct Plan - IDCW,153773
360 ONE Multi Asset Allocation Fund - Direct Plan - Growth,153774
360 ONE Multi Asset Allocation Fund - Regular Plan - IDCW,153775
Edelweiss Multi Asset Omni Fund of Fund- Direct Plan - Growth,153776
Edelweiss Multi Asset Omni Fund of Fund- Direct Plan - IDCW,153777
Edelweiss Multi Asset Omni Fund of Fund- Regular Plan - IDCW,153778
Edelweiss Multi Asset Omni Fund of Fund- Regular Plan - Growth,153779
Motilal Oswal Gold ETF,153780
Kotak Nifty Alpha 50 Index Fund - Direct Plan - Growth,153781
Kotak Nifty Alpha 50 Index Fund - Direct Plan - IDCW - Payout & Reinvestment,153782
Kotak Nifty Alpha 50 Index Fund - Regular Plan - IDCW - Payout & Reinvestment,153783
Kotak Nifty Alpha 50 Index Fund - Regular Plan - Growth,153784
Groww Nifty Next 50 ETF,153785
Groww Nifty Next 50 Index Fund Direct Growth,153786
JioBlackRock Nifty 50 Index Fund - Direct Plan - Growth Option,153787
JioBlackRock Nifty Midcap 150 Index Fund - Direct Plan - Growth Option,153788
JioBlackRock Nifty Next 50 Index Fund - Direct Plan - Growth Option,153789
JioBlackRock Nifty Smallcap 250 Index Fund - Direct Plan - Growth Option,153790
JioBlackRock Nifty 8-13 yr G-Sec Index Fund - Direct Plan - Growth Option,153791
Baroda BNP Paribas Gold ETF Fund of Funds Regular Growth,153794
Baroda BNP Paribas Gold ETF Fund of Funds Direct Growth,153795
SBI Nifty 1D Rate Liquid ETF - Growth,153796
Groww Nifty Next 50 Index Fund Direct IDCW,153797
Groww Nifty Next 50 Index Fund Regular Growth,153798
Groww Nifty Next 50 Index Fund Regular IDCW,153799
DSP Nifty500 Flexicap Quality 30 Index Fund - Direct - IDCW,153800
DSP Nifty500 Flexicap Quality 30 Index Fund - Direct - Growth,153801
DSP Nifty500 Flexicap Quality 30 Index Fund - Regular - Growth,153802
DSP Nifty500 Flexicap Quality 30 Index Fund - Regular - IDCW,153803
TRUSTMF ARBITRAGE FUND -DIRECT PLAN-GROWTH,153804
TRUSTMF ARBITRAGE FUND -REGULAR PLAN-GROWTH,153805
Nippon India Nifty India Manufacturing Index Fund- Direct Plan- Growth Option,153806
Nippon India Nifty India Manufacturing Index - Direct Plan- IDCW Option,153807
Nippon India Nifty India Manufacturing Index- Regular Plan-IDCW Option,153808
Nippon India Nifty India Manufacturing Index-Regular Plan-Growth Option,153809
Nippon India Nifty India Manufacturing ETF,153810
Zerodha Nifty 8-13 Yr G-Sec ETF,153811
Mirae Asset Gold Silver Passive FoF - Direct Plan - Growth,153812
Mirae Asset Gold Silver Passive FoF - Direct Plan - IDCW,153813
Mirae Asset Gold Silver Passive FoF - Regular Plan - Growth,153814
Mirae Asset Gold Silver Passive FoF - Regular Plan - IDCW,153815
Mirae Asset Multi Factor Passive FOF - Direct Plan - Growth,153816
Mirae Asset Multi Factor Passive FOF - Direct Plan - IDCW,153817
Mirae Asset Multi Factor Passive FOF - Regular Plan - Growth,153818
Mirae Asset Multi Factor Passive FOF - Regular Plan - IDCW,153819
Motilal Oswal Silver ETF,153820
Groww Multi Asset Allocation Fund Direct Growth,153821
Union Diversified Equity All Cap Active FOF - Regular Plan - Growth Option,153822
Union Diversified Equity All Cap Active FOF - Regular Plan - IDCW Option,153823
Union Diversified Equity All Cap Active FOF - Direct Plan - Growth Option,153824
Union Diversified Equity All Cap Active FOF - Direct Plan - IDCW Option,153825
ANGEL ONE GOLD ETF,153826
ANGEL ONE GOLD ETF FOF- DIRECT GROWTH,153827
ANGEL ONE GOLD ETF FOF - REGULAR GROWTH,153828
Axis Nifty500 Quality 50 Index Fund - Direct Plan - Growth Option,153829
Axis Nifty500 Quality 50 Index Fund - Regular Plan - Growth Option,153830
SBI Dynamic Asset Allocation Active FoF - Regular Plan - Growth,153831
SBI Dynamic Asset Allocation Active FoF - Direct Plan - Growth,153832
SBI Dynamic Asset Allocation Active FoF- Direct Plan- Income Cum Distribution Capital Withdrawal Option,153833
SBI Dynamic Asset Allocation Active FoF - Regular Plan - Income Distribution Cum Capital Withdrawal Option,153834
Zerodha Nifty Smallcap 100 ETF,153837
Bandhan BSE India Sector Leaders Index Fund - Direct Plan - Growth,153838
Bandhan BSE India Sector Leaders Index Fund - Regular Plan - Growth,153839
Edelweiss Nifty LargeMidcap 250 ETF - Growth,153841
Baroda BNP Paribas Business Conglomerates Fund Regular Growth Option,153844
Baroda BNP Paribas Business Conglomerates Fund Direct IDCW Payout Option,153845
Baroda BNP Paribas Business Conglomerates Fund Regular IDCW Payout Option,153846
Baroda BNP Paribas Business Conglomerates Fund Direct Growth Option,153847
Groww Multi Asset Allocation Fund Regular IDCW,153850
Groww Multi Asset Allocation Fund Regular Growth,153851
Groww Multi Asset Allocation Fund Direct IDCW,153852
Tata Nifty Next 50 Index Fund - Direct Plan IDCW Reinvestment Option,153853
Tata Nifty Next 50 Index Fund - Direct Plan IDCW Payout Option,153854
Tata Nifty Next 50 Index Fund - Regular Plan Growth Option,153855
Tata Nifty Next 50 Index Fund - Regular Plan IDCW Reinvestment Option,153856
Tata Nifty Next 50 Index Fund - Regular Plan IDCW Payout Option,153857
Tata Nifty Next 50 Index Fund - Direct Plan Growth Option,153858
JioBlackRock Flexi Cap Fund - Direct Plan - Growth Option,153859
HDFC Diversified Equity All Cap Active FOF - Direct Plan - Growth Plan,153860
HDFC Diversified Equity All Cap Active FOF - Regular Plan - Growth Plan,153861
HDFC Diversified Equity All Cap Active FOF - IDCW - Direct Plan,153862
HDFC Diversified Equity All Cap Active FOF - IDCW - Regular Plan,153863
ICICI Prudential Conglomerate Fund - IDCW,153864
ICICI Prudential Conglomerate Fund - Growth,153865
ICICI Prudential Conglomerate Fund - Direct Plan - IDCW,153866
ICICI Prudential Conglomerate Fund - Direct Plan - Growth,153867
Samco Small Cap Fund - Direct Plan,153868
Samco Small Cap Fund - Regular Plan,153869
THE WEALTH COMPANY FLEXI CAP FUND - REGULAR GROWTH,153870
THE WEALTH COMPANY FLEXI CAP FUND - REGULAR IDCW,153871
THE WEALTH COMPANY FLEXI CAP FUND - DIRECT GROWTH,153872
THE WEALTH COMPANY FLEXI CAP FUND - DIRECT IDCW,153873
DSP Nifty500 Flexicap Quality 30 ETF,153874
Kotak CRISIL-IBX Financial Services 9 to 12 Months Debt Index Fund - Direct - Growth,153875
Kotak CRISIL-IBX Financial Services 9 to 12 Months Debt Index Fund - Direct - IDCW,153876
Kotak CRISIL-IBX Financial Services 9 to 12 Months Debt Index Fund - Regular - Growth,153877
Kotak CRISIL-IBX Financial Services 9 to 12 Months Debt Index Fund - Regular - IDCW,153878
Axis CRISIL-IBX Financial Services 3-6 Months Debt Index Fund - Direct Plan - Growth option,153879
Axis CRISIL-IBX Financial Services 3-6 Months Debt Index Fund - Regular Plan - Growth option,153880
Axis CRISIL-IBX Financial Services 3-6 Months Debt Index Fund - Regular Plan - IDCW option,153881
Axis CRISIL-IBX Financial Services 3-6 Months Debt Index Fund - Direct Plan - IDCW option,153882
THE WEALTH COMPANY LIQUID FUND DIRECT GROWTH,153883
THE WEALTH COMPANY LIQUID FUND DIRECT MONTHLY IDCW,153884
THE WEALTH COMPANY LIQUID FUND REGULAR WEEKLY IDCW,153885
THE WEALTH COMPANY LIQUID FUND REGULAR DAILY IDCW,153886
THE WEALTH COMPANY LIQUID FUND DIRECT DAILY ICDW,153887
THE WEALTH COMPANY LIQUID FUND REGULAR GROWTH,153888
THE WEALTH COMPANY LIQUID FUND DIRECT WEEKLY,153889
THE WEALTH COMPANY LIQUID FUND REGULAR MONTHLY IDCW,153890
THE WEALTH COMPANY ARBITRAGE FUND DIRECT GROWTH,153891
THE WEALTH COMPANY ARBITRAGE FUND REGULAR GROWTH,153892
THE WEALTH COMPANY ARBITRAGE FUND DIRECT IDCW,153893
THE WEALTH COMPANY ARITRAGE FUND REGULAR IDCW,153894
THE WEALTH COMPANY ETHICAL FUND DIRECT GROWTH,153895
THE WEALTH COMPANY ETHICAL FUND REGULAR IDCW,153896
THE WEALTH COMPANY ETHICAL FUND REGULAR GROWTH,153897
THE WEALTH COMPANY ETHICAL FUND DIRECT IDCW,153898
Groww Nifty Realty ETF,153899
Invesco India Consumption Fund - Direct Plan - Growth,153900
Invesco India Consumption Fund - Direct Plan - IDCW,153901
Invesco India Consumption Fund - Regular Plan - Growth Plan,153902
Invesco India Consumption Fund - Regular Plan - IDCW Plan,153903
Kotak Nifty 200 Momentum 30 ETF,153904
Zerodha Nifty 50 ETF,153905
Zerodha Nifty 50 Index Fund - Direct Plan - Growth,153906
Groww Nifty Capital Markets ETF,153907
Groww Nifty Capital Markets ETF FOF Direct Growth,153908
Helios Small Cap Fund - Regular Plan - Growth Option,153909
Helios Small Cap Fund - Direct Plan - IDCW Option,153910
Helios Small Cap Fund - Regular Plan - IDCW Option,153911
Helios Small Cap Fund - Direct Plan - Growth Option,153912
Motilal Oswal Consumption Fund-Direct-Growth,153913
Motilal Oswal Consumption Fund-Direct-IDCW,153914
Motilal Oswal Consumption Fund-Regular-IDCW,153915
Motilal Oswal Consumption Fund-Regular-Growth,153916
Groww Nifty Capital Markets ETF FOF Direct IDCW,153917
Groww Nifty Capital Markets ETF FOF Regular Growth,153918
Groww Nifty Capital Markets ETF FOF Regular IDCW,153919
Edelweiss Nifty 1D Rate Liquid ETF - Growth,153920
Kotak Gold Silver Passive FOF - Direct Plan - Growth,153921
Kotak Gold Silver Passive FOF - Regular Plan - Growth,153922
Groww Nifty Smallcap250 ETF,153923
Axis Income Plus Arbitrage Passive FOF - Direct Plan - Growth Option,153924
Axis Income Plus Arbitrage Passive FOF - Direct Plan - IDCW Option,153925
Axis Income Plus Arbitrage Passive FOF - Regular Plan - IDCW Option,153926
Axis Income Plus Arbitrage Passive FOF - Regular Plan - Growth Option,153927
Motilal Oswal Nifty 100 ETF,153928
Bandhan Silver ETF,153929
Bandhan Gold ETF,153930
Motilal Oswal Nifty Energy ETF,153931
Zerodha BSE SENSEX Index Fund,153932
Choice Gold ETF,153933
Kotak Nifty Chemicals ETF,153934
Bajaj Finserv Banking and Financial Services Fund - Regular - Growth,153935
Bajaj Finserv Banking and Financial Services Fund - Regular - IDCW,153936
Bajaj Finserv Banking and Financial Services Fund - Direct - Growth,153937
Bajaj Finserv Banking and Financial Services Fund - Direct - IDCW,153938
Groww Nifty Midcap 150 Index Fund Direct Growth,153939
Groww Nifty Midcap 150 ETF,153940
Franklin India Multi-Factor Fund- IDCW,153941
Franklin India Multi-Factor Fund- Direct- Growth,153942
Franklin India Multi-Factor Fund- Growth,153943
Franklin India Multi-Factor Fund- Direct- IDCW,153944
Mirae Asset Nifty Energy ETF,153945
Mirae Asset Nifty Smallcap 250 ETF,153946
Edelweiss BSE Sensex ETF - Growth,153947
LIC MF Consumption Fund-Direct Plan-Growth,153948
LIC MF Consumption Fund-Direct Plan-IDCW,153949
LIC MF Consumption Fund-Regular Plan-Growth,153950
LIC MF Consumption Fund-Regular Plan-IDCW,153951
Groww Nifty Midcap 150 Index fund Direct IDCW,153952
Groww Nifty Midcap 150 Index Fund Regular Growth,153953
Groww Nifty Midcap 150 Index Fund Regular IDCW,153954
ANGEL ONE NIFTY TOTAL MARKET MOMENTUM QUALITY 50 INDEX FUND - REGULAR GROWTH,153955
ANGEL ONE NIFTY TOTAL MARKET MOMENTUM QUALITY 50 INDEX FUND - DIRECT GROWTH,153956
ANGEL ONE NIFTY TOTAL MARKET MOMENTUM QUALITY 50 ETF,153957
HDFC BSE India Sector Leaders Index Fund - Regular Plan - Growth Option,153958
HDFC BSE India Sector Leaders India Fund - Direct Plan - Growth Option,153959
Axis Multi-Asset Active FoF - Direct Plan - Growth,153960
Axis Multi-Asset Active FoF - Direct Plan - IDCW,153961
Axis Multi-Asset Active FoF - Regular Plan - IDCW,153962
Axis Multi-Asset Active FoF - Regular Plan - Growth,153963
Parag Parikh Flexi Cap Fund - Direct Plan - IDCW,153964
Parag Parikh Flexi Cap Fund - Regular Plan - IDCW,153965
Edelweiss Nifty 50 ETF - Growth,153966
Kotak Rural Opportunities Fund - Direct Plan - IDCW Divdend - Payouout & Reinvestment,153967
Kotak Rural Opportunities Fund - Regular Plan - IDCW Dividend - Payout & Reinvestment,153968
Kotak Rural Opportunities Fund - Regular Plan - Growth,153969
Kotak Rural Opportunities Fund - Direct Plan - Growth,153970
Bandhan Healthcare Fund - Direct Plan - IDCW,153971
Bandhan Healthcare Fund - Direct Plan - Growth,153972
Bandhan Healthcare Fund - Regular Plan - IDCW,153973
Bandhan Healthcare Fund - Regular Plan - Growth,153974
DSP MSCI INDIA ETF,153975
Old Bridge Arbitrage Fund Regular Growth,153977
Old Bridge Arbitrage Fund Direct Growth,153979
Old Bridge Arbitrage Fund Regular IDCW,153980
Old Bridge Arbitrage Fund - Direct - IDCW,153981
Groww Money Market Fund Direct Growth,153982
Mirae Asset Infrastructure Fund - Direct Plan - Growth,153983
Mirae Asset Infrastructure Fund - Direct Plan - IDCW,153984
Mirae Asset Infrastructure Fund - Regular Plan - Growth,153985
Mirae Asset Infrastructure Fund - Regular Plan - IDCW,153986
PGIM India Multi Asset Allocation Fund - Direct Plan - Growth Option,153987
PGIM India Multi Asset Allocation Fund - Regular Plan - Growth Option,153988
PGIM India Multi Asset Allocation Fund - Regular Plan - IDCW Option,153989
PGIM India Multi Asset Allocation Fund - Direct Plan - IDCW Option,153990
Groww Money Market Fund Direct IDCW,153991
Groww Money Market Fund Regular Growth,153992
Groww Money Market Fund Regular IDCW,153993
The Wealth Company Multi Asset Allocation Fund - Direct Growth,153999
The Wealth Company Multi Asset Allocation Fund - Direct IDCW,154000
The Wealth Company Multi Asset Allocation Fund - Regular IDCW,154001
The Wealth Company Multi Asset Allocation Fund - Regular Growth,154002
Motilal Oswal BSE Select IPO ETF,154003
Mahindra Manulife Income Plus Arbitrage Active FOF - Regular - IDCW,154005
Mahindra Manulife Income Plus Arbitrage Active FOF - Regular - Growth,154006
Mahindra Manulife Income Plus Arbitrage Active FOF  - Direct - Growth,154007
Mahindra Manulife Income Plus Arbitrage Active FOF - Direct - IDCW,154008
Capitalmind Liquid Fund - Regular-Growth,154010
Capitalmind Liquid Fund - Direct-Growth,154011
DSP Nifty Midcap 150 Index Fund - Regular - Growth,154012
DSP Nifty Midcap 150 Index Fund - Regular - IDCW,154013
DSP Nifty Midcap 150 Index Fund - Direct - Growth,154014
DSP Nifty Midcap 150 Index Fund - Direct - IDCW,154015
DSP Nifty Smallcap 250 Index Fund - Regular - Growth,154016
DSP Nifty Smallcap 250 Index Fund - Regular - IDCW,154017
DSP Nifty Smallcap 250 Index Fund - Direct - Growth,154018
DSP Nifty Smallcap 250 Index Fund - Direct - IDCW,154019
Union Consumption Fund - Direct Plan - Growth Option,154020
Union Consumption Fund - Direct Plan - IDCW Option,154021
Union Consumption Fund - Regular Plan - Growth Option,154022
Union Consumption Fund - Regular Plan - IDCW Option,154023
DSP Nifty Smallcap 250 ETF,154024
DSP Nifty Midcap 150 ETF,154025
Navi Nifty Midsmall 400 Index Fund - Regular - Growth,154026
Navi Nifty midsmallcap 400 Index Fund- Direct - Growth,154027
Groww Multi Asset Omni FOF Direct Growth,154028
Kotak Nifty500 Momentum 50 Index Fund - Direct Plan - IDCW - Payout & Investment,154029
Kotak Nifty500 Momentum 50 Index Fund - Regular Plan - Growth,154030
Kotak Nifty500 Momentum 50 Index Fund - Regular Plan - IDCW - Payout & Reinvestment,154031
Kotak Nifty500 Momentum 50 Index Fund - Direct Plan - Growth,154032
Motilal Oswal Nifty Services Sector ETF,154033
Groww Nifty Metal ETF,154034
Abakkus Flexi Cap Fund - Regular - Growth,154041
Abakkus Flexi Cap Fund - Regular - IDCW,154042
Abakkus Flexi Cap Fund - Direct - Growth,154043
Abakkus Flexi Cap Fund - Direct - IDCW,154045
Abakkus Liquid Fund - Regular Plan - Growth,154047
Abakkus Liquid Fund - Regular Plan - Monthly IDCW Reinvestment,154048
Abakkus Liquid Fund - Direct Plan - Daily IDCW Reinvestment,154049
Abakkus Liquid Fund - Direct Plan - Weekly IDCW Reinvestment,154050
Abakkus Liquid Fund - Direct Plan - Growth,154051
Abakkus Liquid Fund - Direct Plan - Quarterly IDCW Reinvestment,154052
Abakkus Liquid Fund - Regular Plan - Daily IDCW Reinvestment,154053
Abakkus Liquid Fund - Regular Plan - Quarterly IDCW Reinvestment,154054
Abakkus Liquid Fund - Direct Plan - Monthly IDCW Reinvestment,154055
Abakkus Liquid Fund - Regular Plan - Weekly IDCW Reinvestment,154056
Groww Multi Asset Omni FOF Regular Growth,154057
Groww Multi Asset Omni FOF Direct IDCW,154058
Groww Multi Asset Omni FOF Regular IDCW,154059
Mirae Asset Nifty Top 20 Equal Weight ETF,154060
Mirae Asset BSE 500 Dividend Leaders 50 ETF,154061
Motilal Oswal Nifty MNC ETF,154062
Groww Small Cap Fund-Direct-Growth,154063
Tata BSE Multicap Consumption 50:30:20 Index Fund - Regular Plan Growth Option,154064
Tata BSE Multicap Consumption 50:30:20 Index Fund - Regular Plan IDCW Payout Option,154065
Tata BSE Multicap Consumption 50:30:20 Index Fund - Direct Plan Growth Option,154066
Tata BSE Multicap Consumption 50:30:20 Index Fund - Regular Plan IDCW Reinvestment Option,154067
Tata BSE Multicap Consumption 50:30:20 Index Fund - Direct Plan IDCW Reinvestment Option,154068
Tata BSE Multicap Consumption 50:30:20 Index Fund - Direct Plan IDCW Payout Option,154069
JioBlackRock Overnight Fund - Unclaimed Redemption - Upto 3 years - Growth Option,154070
Edelweiss Silver ETF Fund of Fund - Direct Plan Growth Option,154072
Edelweiss Silver ETF Fund of Fund - Regular Plan Growth Option,154075
JioBlackRock Arbitrage Fund - Direct Plan - Growth Option,154076
Axis Gold and Silver Passive FOF - Regular Plan - Growth,154077
Axis Gold and Silver Passive FOF - Direct Plan - Growth,154078
JioBlackRock Short Duration Fund - Direct Plan - Growth Option,154079
JioBlackRock Low Duration Fund - Direct Plan - Growth Option,154081
JioBlackRock Sector Rotation Fund - Direct Plan - Growth Option,154082
quant Overnight Fund - Unclaimed IDCW Greater than 3 years,154083
quant Overnight Fund - Unclaimed Redemption Less than 3 years,154084
quant Overnight Fund - Unclaimed Redemption Greater than 3 years,154085
quant Overnight Fund - Unclaimed IDCW Less than 3 years,154086
DSP Nifty Next 50 ETF,154087
DSP Nifty 500 Index Fund - Direct - Growth,154088
DSP Nifty 500 Index Fund - Direct - IDCW,154089
DSP Nifty 500 Index Fund - Regular - Growth,154090
DSP Nifty 500 Index Fund - Regular - IDCW,154091
The Wealth Company Gold ETF,154092
Bank of India Banking & Financial Services Fund - Direct Plan - Growth,154093
Bank of India Banking & Financial Services Fund - Direct Plan - IDCW,154094
Bank of India Banking & Financial Services Fund - Regular Plan - Growth,154095
Bank of India Banking & Financial Services Fund - Regular Plan - IDCW,154096
Kotak Dividend Yield Fund - Direct - Growth,154097
Kotak Dividend Yield Fund - Regular IDCW,154098
Kotak Dividend Yield Fund - Regular -Growth,154099
Kotak Dividend Yield Fund - Direct - IDCW,154100
Kotak Nifty Next 50 ETF,154101
Groww Small Cap Fund-Regular-Growth,154102
Groww Small Cap Fund-Regular-IDCW,154103
Groww Small Cap Fund - Direct-IDCW,154104
Edelweiss Financial Services Fund - Direct Plan - IDCW Option,154105
Edelweiss Financial Services Fund - Regular Plan - IDCW Option,154106
Edelweiss Financial Services Fund - Regular Plan - Growth Option,154107
Edelweiss Financial Services Fund - Direct Plan - Growth Option,154108
Zerodha Nifty Short Duration G-Sec Index Fund - Direct Plan - Growth Option,154109
Groww Nifty Chemicals ETF,154111
Motilal Oswal Diversified Equity Flexicap Passive Fund of Funds- Direct - Growth,154112
Motilal Oswal Diversified Equity Flexicap Passive Fund of funds- Regular Growth,154113
Samco Mid Cap Fund - Direct Plan,154114
Samco Mid Cap Fund - Regular Plan,154115
Mahindra Manulife Innovation Opportunities Fund - Regular - IDCW,154119
Mahindra Manulife Innovation Opportunities Fund - Regular - Growth,154120
Mahindra Manulife Innovation Opportunities Fund - Direct - Growth,154121
Mahindra Manulife Innovation Opportunities Fund - Direct - IDCW,154122
Sundaram Income Plus Arbitrage Active FoF Fund-Direct-Growth,154123
Sundaram Income Plus Arbitrage Active FoF Fund-Direct-IDCW Payout,154124
Sundaram Income Plus Arbitrage Active FoF Fund-Regular-IDCW Payout,154125
Sundaram Income Plus Arbitrage Active FoF Fund-Regular-Growth,154127
Bandhan Gold ETF FOF-Direct-Growth,154129
Bandhan Gold ETF FOF-Regular-Growth,154130
THE WEALTH COMPANY GOLD ETF FOF DIRECT GROWTH,154131
THE WEALTH COMPANY GOLD ETF FOF DIRECT IDCW,154132
THE WEALTH COMPANY GOLD ETF FOF REGULAR GROWTH,154133
THE WEALTH COMPANY GOLD ETF FOF REGULAR IDCW,154134
Bandhan Silver ETF FOF-Regular-Growth,154135
Bandhan Silver ETF FOF-Direct-Growth,154136
Motilal Oswal Financial Services Fund- Regular-Growth,154137
Motilal Oswal Financial Services Fund- Regular-IDCW-,154139
Motilal Oswal Financial Services Fund- Direct- IDCW,154140
Motilal Oswal Financial Services Fund- Direct Growth,154142
Shriram Money Market Fund - Regular Plan Growth Option,154143
Shriram Money Market Fund - Direct Plan Growth Option,154144
Kotak Nifty200 Value 30 Index Fund - Direct - Growth,154145
Kotak Nifty200 Value 30 Index Fund - Direct - IDCW,154146
Kotak Nifty200 Value 30 Index Fund - Regular - IDCW,154147
Kotak Nifty200 Value 30 Index Fund - Regular - Growth,154148
Kotak Services Fund - Direct - Growth,154149
Kotak Services Fund - Direct - IDCW,154150
Kotak Services Fund - Regular - Growth,154151
Kotak Services Fund - Regular - IDCW,154152
Parag Parikh Large Cap Fund - Regular Plan - IDCW,154153
Parag Parikh Large Cap Fund - Regular Plan - Growth,154154
Parag Parikh Large Cap Fund - Direct Plan - Growth,154155
Parag Parikh Large Cap Fund - Direct Plan - IDCW,154156
ITI Business Cycle Fund- Direct Plan- Growth,154157
ITI Business Cycle Fund- Direct Plan-IDCW,154158
ITI Business Cycle Fund- Regular Plan- Growth,154159
ITI Business Cycle Fund- Regular Plan- IDCW,154160
WhiteOak Capital Consumption Opportunities Fund Direct Plan Growth,154161
WhiteOak Capital Consumption Opportunities Fund Regular Plan Growth,154162
Groww Nifty PSE ETF,154163
Groww Nifty PSE ETF FOF Direct Growth,154164
DSP Multi Asset Omni Fund of Funds - Regular - Growth,154165
DSP Multi Asset Omni Fund of Funds - Direct - IDCW,154166
DSP Multi Asset Omni Fund of Funds - Direct - Growth,154167
DSP Multi Asset Omni Fund of Funds - Regular - IDCW,154168
Mirae Asset Nifty 500 Healthcare ETF,154169
Axis BSE India Sectors Leaders Index Fund- Regular Plan- Growth Option,154170
Axis BSE India Sectors Leaders Index Fund- Direct Plan- Growth Option,154171
Groww Nifty PSE ETF FOF Direct IDCW,154172
Groww Nifty PSE ETF FOF Regular Growth,154173
Groww Nifty PSE ETF FOF Regular IDCW,154174
SBI Quality Fund - Regular Plan - Growth,154175
SBI Quality Fund - Regular Plan - Income Distribution Cum Capital Withdrawal,154176
SBI Quality Fund - Direct Plan - Growth,154177
SBI Quality Fund - Direct Plan - Income Distribution Cum Capital Withdrawal,154178
HDFC Nifty India Consumption Index Fund - Direct Growth Plan,154179
HDFC Nifty India Consumption Index  Fund - Regular Growth Plan,154180
Mirae Asset Nifty India Infrastructure & Logistics ETF,154181
Mirae Asset BSE India Defence ETF,154182
The Wealth Company Balanced Advantage Fund - Regular Growth,154183
The Wealth Company Balanced Advantage Fund - Regular IDCW,154184
The Wealth Company Balanced Advantage Fund - Direct Growth,154185
The Wealth Company Balanced Advantage Fund - Direct IDCW,154186
Mirae Asset BSE India Defence ETF FOF - Direct Plan - Growth,154187
Mirae Asset BSE India Defence ETF FOF - Direct Plan - IDCW,154188
Mirae Asset BSE India Defence ETF FOF - Regular Plan - Growth,154189
Mirae Asset BSE India Defence ETF FOF - Regular Plan - IDCW,154190
Baroda BNP Paribas Best-in-Class Strategy Fund - Regular - IDCW Payout Option,154191
Baroda BNP Paribas Best-in-Class Strategy Fund - Direct - IDCW Payout Option,154193
Baroda BNP Paribas Best-in-Class Strategy Fund - Regular - Growth Option,154194
Baroda BNP Paribas Best-in-Class Strategy Fund - Direct - Growth Option,154195
UTI Nifty500 Shariah Index Fund - Direct Plan Growth Option,154197
UTI Nifty500 Shariah Index Fund - Regular Plan Growth Option,154198
Groww BSE Hospitals ETF,154199
Groww BSE Hospitals ETF FOF Direct Growth,154200
Bajaj Finserv Low Duration Fund - Regular - IDCW,154201
Bajaj Finserv Low Duration Fund - Direct - IDCW,154202
Bajaj Finserv Low Duration Fund - Regular - Growth,154203
Bajaj Finserv Low Duration Fund - Direct - Growth,154204
ANGEL ONE SILVER ETF,154205
ANGEL ONE SILVER ETF FOF -DIRECT GROWTH,154206
ANGEL ONE SILVER ETF FOF -REGULAR GROWTH,154207
Edelweiss Gold ETF Fund of Fund Direct Plan Growth Option,154208
Edelweiss Gold ETF Fund of Fund Regular Plan Growth Option,154209
TRUSTMF MID CAP FUND -DIRECT -GROWTH,154210
TRUSTMF MID CAP FUND -REGULAR-GROWTH,154211
Capitalmind Multi Asset Allocation Fund-Direct-IDCW,154212
Capitalmind Multi Asset Allocation Fund-Regular-IDCW,154213
Abakkus Small Cap Fund - Regular  Plan - Growth,154214
Abakkus Small Cap Fund - Direct Plan - Growth,154215
Mirae Asset Nifty Metal ETF FOF - Direct Plan - Growth,154216
Mirae Asset Nifty Metal ETF FOF - Direct Plan - IDCW,154217
Mirae Asset Nifty Metal ETF FOF - Regular Plan - Growth,154218
Mirae Asset Nifty Metal ETF FOF - Regular Plan - IDCW,154219
Aditya Birla Sun Life MSCI India ETF,154220
Groww BSE Hospitals ETF FOF Direct IDCW,154221
Groww BSE Hospitals ETF FOF Regular IDCW,154222
Groww BSE Hospitals ETF FOF Regular Growth,154223
Aditya Birla Sun Life BSE Top 10 Banks ETF,154224
Old Bridge Flexi Cap Fund Direct Growth,154225
Old Bridge Flexi Cap Fund Regular Growth,154226
Old Bridge Flexi Cap Fund Regular IDCW,154227
Old Bridge Flexi Cap Fund Direct IDCW,154228
Capitalmind Multi Asset Allocation Fund-Regular-Growth,154231
Capitalmind Multi Asset Allocation Fund-Direct-Growth,154232
Capitalmind Arbitrage Fund-regular-Growth,154233
Capitalmind Arbitrage Fund-Direct-IDCW,154234
Capitalmind Arbitrage Fund-Regular-IDCW,154235
Capitalmind Arbitrage Fund-Direct-Growth,154236
SBI Nifty Midcap 150 Momentum 50 ETF,154237
Motilal Oswal Multi Factor Passive Fund of Funds - Regular,154238
Motilal Oswal Multi Factor Passive Fund of Funds - Direct,154239
LIC MF Technology Fund-Direct Plan-Growth,154244
LIC MF Technology Fund-Direct Plan-IDCW,154245
LIC MF Technology Fund-Regular Plan-IDCW,154246
LIC MF Technology Fund-Regular Plan-Growth,154247
Canara Robeco Banking and Financials Services Fund - Regular Plan - Growth,154248
Canara Robeco Banking and Financials Services Fund - Regular Plan - IDCW,154249
Canara Robeco Banking and Financials Services Fund - Direct Plan - Growth,154250
Canara Robeco Banking and Financials Services Fund - Direct Plan - IDCW,154251
Nippon India CRISIL-IBX Financial Services 9-12 Months Debt Index Fund -Direct Plan - Growth Option,154252
Nippon India CRISIL-IBX Financial Services 9-12 Months Debt Index Fund -Direct Plan-IDCW Option,154253
Nippon India CRISIL-IBX Financial Services 9-12 Months Debt Index Fund -Regular Plan - IDCW Option,154254
Nippon India CRISIL-IBX Financial Services 9-12 Months Debt Index Fund -Regular Plan - Growth Option,154255
DSP BSE Top 10 Banks ETF,154256
Helios Arbitrage Fund - Direct Growth,154257
Helios Arbitrage Fund - Regular Growth,154258
Helios Arbitrage Fund - Direct IDCW,154259
Helios Arbitrage Fund - Regular IDCW,154260
HDFC INCOME PLUS ARBITRAGE OMNI FOF - GROWTH OPTION -REGULAR PLAN,154261
HDFC INCOME PLUS ARBITRAGE OMNI FOF - GROWTH OPTION - DIRECT PLAN,154262
HDFC INCOME PLUS ARBITRAGE OMNI FOF - IDCW OPTION - DIRECT PLAN,154263
HDFC INCOME PLUS ARBITRAGE OMNI FOF - IDCW OPTION - REGULAR PLAN,154264
ICICI Prudential Diversified Equity All Cap Active FOF - Growth,154265
ICICI Prudential Diversified Equity All Cap Active FOF - Direct Plan - Growth,154266
The Wealth Company Small Cap Fund- Regular-IDCW,154267
The Wealth Company Small Cap Fund- Regular-Growth,154268
The Wealth Company Small Cap Fund- Direct-Growth,154269
The Wealth Company Small Cap Fund- Direct-IDCW,154270
Nippon India CRISIL-IBX Financial Services 3-6 Months Debt Index Fund- Direct Plan- Growth Option,154271
Nippon India CRISIL-IBX Financial Services 3-6 Months Debt Index Fund- Direct Plan-IDCW Option,154272
Nippon India CRISIL-IBX Financial Services 3-6 Months Debt Index Fund- Regular Plan- IDCW Option,154273
Nippon India CRISIL-IBX Financial Services 3-6 Months Debt Index Fund- Regular Plan- Growth Option,154274
Kotak Multi Factor Passive FOF - Direct- Growth,154275
Kotak Multi Factor Passive FOF - Regular- Growth,154276
Groww Nifty PSU Bank ETF,154277
Groww Nifty PSU Bank Index Fund Direct Growth,154278
Mirae Asset Silver ETF FOF - Direct Plan - Growth,154279
Mirae Asset Silver ETF FOF - Direct Plan - IDCW,154280
Mirae Asset Silver ETF FOF - Regular Plan - Growth,154281
Mirae Asset Silver ETF FOF - Regular Plan - IDCW,154282
Groww Nifty PSU Bank Index Fund Direct IDCW,154283
Groww Nifty PSU Bank Index Fund Regular Growth,154284
Groww Nifty PSU Bank Index Fund Regular IDCW,154285
Kotak Quality Overseas Equity Omni FOF - Regular Plan - Growth,154286
Kotak Quality Overseas Equity Omni FOF - Direct Plan - Growth-,154287
Kotak Quality Overseas Equity Omni FOF - Direct Plan - IDCW,154288
Kotak Quality Overseas Equity Omni FOF - Regular Plan - IDCW,154289
HSBC Gold ETF,154294
HSBC Gold ETF Fund of fund - Direct Growth,154295
HSBC Gold ETF Fund of fund - Regular IDCW,154296
HSBC Gold ETF Fund of fund - Direct IDCW,154297
HSBC Gold ETF Fund of fund - Regular Growth,154298
Mirae Asset Nifty 500 Value 50 ETF,154299
Choice Nifty 50 Index Fund - Direct Plan Growth,154301
Choice Nifty 50 Index Fund - Regular Plan Growth,154302
Choice Nifty Next 50 Index Fund - Regular Plan Growth,154303
Choice Nifty Next 50 Index Fund - Direct Plan Growth,154304
SBI Nifty Midcap 150 ETF,154305
HDFC CRISIL-IBX Financial Services 9-12 Months Debt Index Fund - Direct Growth Plan,154308
HDFC CRISIL-IBX Financial Services 9-12 Months Debt Index Fund - Regular Growth Plan,154309
Edelweiss Nifty LargeMidcap 250 Plus 8-13 yr G-Sec 70-30 Index Fund Direct Plan Growth,154310
Edelweiss Nifty LargeMidcap250 Plus 8-13 yr G-Sec 70-30 Index Fund Direct Plan Monthly IDCW,154311
Edelweiss Nifty LargeMidcap 250 Plus 8-13 yr G-Sec 70-30 Index Fund Regular Plan Growth,154312
Edelweiss Nifty LargeMidcap250 Plus 8-13 yr G-Sec 70-30 Index Fund Regular Plan Monthly IDCW,154313
Edelweiss Nifty LargeMidcap250 Plus 8-13 yr G-Sec 70-30 Index Fund - Direct Plan - Quarterly IDCW,154314
Edelweiss Nifty LargeMidcap250 Plus 8-13 yr G-Sec 70-30 Index Fund - Regular Plan - Quarterly IDCW,154315